사고번호,사고일시,요일,시군구,사고내용,사망자수,중상자수,경상자수,부상신고자수,사고유형,법규위반,노면상태,기상상태,도로형태,가해운전자 차종,가해운전자 성별,가해운전자 연령,가해운전자 상해정도,피해운전자 차종,피해운전자 성별,피해운전자 연령,피해운전자 상해정도
2023012000100582,2023년 1월 20일 19시,금요일,경기도 수원시 팔달구 화서동,경상사고,0,0,1,0,차대차 - 기타,안전거리미확보,건조,맑음,단일로 - 기타,화물,남,38세,상해없음,승용,남,27세,경상
2023012000100583,2023년 1월 20일 19시,금요일,경기도 수원시 장안구 조원동,중상사고,0,2,2,0,차대차 - 기타,신호위반,건조,맑음,교차로 - 교차로안,승합,남,64세,상해없음,승용,남,56세,중상
2023012000100623,2023년 1월 20일 20시,금요일,경기도 수원시 영통구 이의동,중상사고,0,1,0,0,차대차 - 정면충돌,중앙선침범,건조,맑음,단일로 - 기타,승용,여,44세,상해없음,이륜,남,26세,중상
2023012000100642,2023년 1월 20일 21시,금요일,경기도 수원시 장안구 이목동,중상사고,0,1,1,0,차대차 - 추돌,기타,건조,맑음,단일로 - 기타,승용,남,74세,상해없음,승용,여,26세,중상
2023012100100002,2023년 1월 21일 00시,토요일,경기도 수원시 팔달구 인계동,경상사고,0,0,1,0,차대사람 - 기타,기타,건조,맑음,단일로 - 기타,승용,남,40세,상해없음,보행자,여,37세,경상
2023012100100023,2023년 1월 21일 02시,토요일,경기도 수원시 팔달구 교동,중상사고,0,1,2,0,차대차 - 추돌,안전운전불이행,건조,맑음,교차로 - 교차로부근,승용,여,63세,상해없음,승용,남,65세,중상
2023012100100032,2023년 1월 21일 03시,토요일,경기도 수원시 팔달구 매산로1가,중상사고,0,1,0,0,차대차 - 추돌,안전운전불이행,건조,맑음,교차로 - 교차로부근,승용,남,31세,상해없음,자전거,남,69세,중상
2023012100100144,2023년 1월 21일 11시,토요일,경기도 수원시 팔달구 고등동,경상사고,0,0,1,0,차대차 - 기타,안전거리미확보,건조,맑음,교차로 - 교차로안,승용,남,35세,기타불명,이륜,남,63세,경상
2023012100100171,2023년 1월 21일 12시,토요일,경기도 수원시 장안구 영화동,중상사고,0,1,1,0,차대차 - 기타,안전거리미확보,건조,맑음,단일로 - 기타,화물,남,65세,상해없음,특수,남,23세,중상
2023012100100198,2023년 1월 21일 13시,토요일,경기도 수원시 권선구 세류동,중상사고,0,1,0,0,차대차 - 측면충돌,안전운전불이행,건조,맑음,교차로 - 교차로부근,승용,남,37세,상해없음,자전거,남,26세,중상
2023012100100249,2023년 1월 21일 15시,토요일,경기도 수원시 권선구 평동,경상사고,0,0,2,0,차대차 - 기타,신호위반,건조,맑음,교차로 - 교차로안,승용,남,63세,상해없음,승용,남,51세,경상
2023012100100289,2023년 1월 21일 17시,토요일,경기도 수원시 팔달구 화서동,경상사고,0,0,1,0,차대사람 - 기타,안전운전불이행,건조,맑음,단일로 - 기타,승용,남,61세,상해없음,보행자,여,80세,경상
2023012100100290,2023년 1월 21일 17시,토요일,경기도 수원시 팔달구 남수동,경상사고,0,0,1,0,차대사람 - 기타,안전운전불이행,건조,맑음,단일로 - 기타,승용,남,46세,상해없음,보행자,남,26세,경상
2023012100100313,2023년 1월 21일 18시,토요일,경기도 수원시 영통구 원천동,경상사고,0,0,1,0,차대차 - 추돌,안전운전불이행,건조,맑음,교차로 - 교차로부근,특수,남,41세,상해없음,이륜,남,22세,경상
2023012100100314,2023년 1월 21일 18시,토요일,경기도 수원시 영통구 원천동,경상사고,0,0,1,0,차대차 - 측면충돌,안전거리미확보,건조,맑음,교차로 - 교차로부근,승용,남,36세,상해없음,이륜,남,23세,경상
2023012200100004,2023년 1월 22일 00시,일요일,경기도 수원시 장안구 영화동,중상사고,0,1,0,0,차대사람 - 기타,신호위반,건조,맑음,교차로 - 교차로안,승용,남,64세,상해없음,보행자,남,31세,중상
2023012200100025,2023년 1월 22일 03시,일요일,경기도 수원시 팔달구 인계동,경상사고,0,0,2,0,차대차 - 추돌,안전운전불이행,건조,맑음,교차로 - 교차로부근,승용,남,28세,상해없음,승용,남,36세,경상
2023012200100027,2023년 1월 22일 04시,일요일,경기도 수원시 팔달구 매산로1가,경상사고,0,0,2,0,차대차 - 기타,신호위반,서리/결빙,흐림,교차로 - 교차로안,승용,남,40세,상해없음,승용,남,27세,경상
2023012200100050,2023년 1월 22일 10시,일요일,경기도 수원시 권선구 고색동,경상사고,0,0,4,0,차대차 - 후진중충돌,안전운전불이행,건조,맑음,단일로 - 기타,승용,여,53세,상해없음,승용,남,32세,경상
2023012200100051,2023년 1월 22일 10시,일요일,경기도 수원시 권선구 호매실동,부상신고사고,0,0,0,1,차대차 - 기타,안전거리미확보,건조,맑음,단일로 - 기타,승용,여,58세,상해없음,승용,남,40세,상해없음
2023012200100072,2023년 1월 22일 11시,일요일,경기도 수원시 영통구 하동,경상사고,0,0,1,0,차대차 - 기타,안전운전불이행,건조,기타,교차로 - 교차로부근,승용,남,55세,상해없음,승용,남,41세,경상
2023012200100114,2023년 1월 22일 13시,일요일,경기도 수원시 권선구 탑동,중상사고,0,1,0,0,차대차 - 기타,신호위반,건조,맑음,교차로 - 교차로안,승용,여,58세,상해없음,이륜,남,43세,중상
2023012200100115,2023년 1월 22일 13시,일요일,경기도 수원시 권선구 입북동,경상사고,0,0,5,0,차대차 - 기타,안전운전불이행,건조,맑음,단일로 - 기타,승용,남,45세,상해없음,승용,남,53세,경상
2023012200100127,2023년 1월 22일 14시,일요일,경기도 수원시 권선구 오목천동,경상사고,0,0,2,0,차대차 - 측면충돌,안전거리미확보,건조,맑음,교차로 - 교차로부근,승용,여,62세,상해없음,승용,남,49세,경상
2023012200100151,2023년 1월 22일 15시,일요일,경기도 수원시 권선구 세류동,경상사고,0,0,5,0,차대차 - 측면충돌,신호위반,건조,맑음,단일로 - 교량,승용,남,63세,상해없음,승용,남,59세,경상
2023012200100216,2023년 1월 22일 19시,일요일,경기도 수원시 영통구 영통동,중상사고,0,1,0,0,차대차 - 측면충돌,안전거리미확보,건조,맑음,단일로 - 기타,승용,남,38세,상해없음,승용,남,45세,중상
2023012200100233,2023년 1월 22일 20시,일요일,경기도 수원시 팔달구 우만동,경상사고,0,0,2,0,차대차 - 기타,안전운전불이행,젖음/습기,흐림,단일로 - 기타,이륜,남,36세,상해없음,승용,여,28세,경상
2023012200100275,2023년 1월 22일 23시,일요일,경기도 수원시 팔달구 중동,부상신고사고,0,0,0,1,차대사람 - 횡단중,보행자보호의무위반,건조,맑음,교차로 - 교차로횡단보도내,승용,여,61세,상해없음,보행자,남,38세,부상신고
2023012300100009,2023년 1월 23일 00시,월요일,경기도 수원시 팔달구 인계동,경상사고,0,0,1,0,차대차 - 기타,안전운전불이행,건조,맑음,기타 - 기타,승용,여,38세,상해없음,승용,남,47세,경상
2023012300100014,2023년 1월 23일 01시,월요일,경기도 수원시 팔달구 매산로2가,중상사고,0,1,0,0,차대사람 - 횡단중,안전운전불이행,건조,맑음,단일로 - 기타,승용,남,62세,상해없음,보행자,남,69세,중상
2023012300100035,2023년 1월 23일 05시,월요일,경기도 수원시 권선구 세류동,경상사고,0,0,2,0,차대차 - 기타,안전운전불이행,건조,맑음,단일로 - 기타,승용,남,58세,상해없음,화물,남,26세,경상
2023012300100083,2023년 1월 23일 11시,월요일,경기도 수원시 장안구 파장동,중상사고,0,1,2,0,차대차 - 추돌,기타,건조,맑음,단일로 - 기타,승용,남,41세,중상,승용,남,39세,경상
2023012300100084,2023년 1월 23일 11시,월요일,경기도 수원시 권선구 오목천동,부상신고사고,0,0,0,1,차대차 - 추돌,안전거리미확보,건조,맑음,교차로 - 교차로부근,화물,남,66세,부상신고,승용,남,67세,상해없음
2023012300100085,2023년 1월 23일 11시,월요일,경기도 수원시 권선구 호매실동,경상사고,0,0,1,0,차대차 - 기타,신호위반,건조,맑음,교차로 - 교차로안,승용,남,45세,기타불명,이륜,남,46세,경상
2023012300100106,2023년 1월 23일 12시,월요일,경기도 수원시 팔달구 매산로3가,경상사고,0,0,3,0,차대차 - 추돌,신호위반,건조,맑음,교차로 - 교차로안,승용,남,27세,상해없음,승용,남,30세,경상
2023012300100148,2023년 1월 23일 14시,월요일,경기도 수원시 장안구 정자동,중상사고,0,1,0,0,차대차 - 기타,안전운전불이행,젖음/습기,맑음,교차로 - 교차로안,승용,남,52세,상해없음,이륜,남,46세,중상
2023012300100191,2023년 1월 23일 16시,월요일,경기도 수원시 장안구 정자동,경상사고,0,0,1,0,차대사람 - 차도통행중,안전운전불이행,건조,흐림,단일로 - 기타,승용,여,56세,상해없음,보행자,여,80세,경상
2023012300100241,2023년 1월 23일 18시,월요일,경기도 수원시 권선구 고색동,경상사고,0,0,3,1,차대차 - 추돌,안전운전불이행,건조,맑음,단일로 - 기타,승용,남,37세,상해없음,승용,여,29세,경상
2023012300100267,2023년 1월 23일 19시,월요일,경기도 수원시 영통구 이의동,경상사고,0,0,2,0,차대차 - 측면충돌,차로위반,건조,맑음,교차로 - 교차로안,승용,남,60세,상해없음,승용,남,28세,경상
2023012300100291,2023년 1월 23일 20시,월요일,경기도 수원시 팔달구 인계동,경상사고,0,0,1,0,차대사람 - 기타,안전운전불이행,건조,맑음,단일로 - 기타,승용,남,33세,상해없음,보행자,여,26세,경상
2023012300100311,2023년 1월 23일 21시,월요일,경기도 수원시 장안구 천천동,경상사고,0,0,2,0,차대차 - 기타,안전운전불이행,건조,맑음,단일로 - 기타,승용,남,46세,상해없음,승용,여,24세,경상
2023012400100041,2023년 1월 24일 06시,화요일,경기도 수원시 권선구 고색동,경상사고,0,0,2,0,차대차 - 기타,안전운전불이행,건조,맑음,단일로 - 기타,승용,남,73세,상해없음,승용,여,57세,경상
2023012400100094,2023년 1월 24일 12시,화요일,경기도 수원시 장안구 정자동,경상사고,0,0,1,0,차대사람 - 횡단중,보행자보호의무위반,건조,맑음,교차로 - 교차로횡단보도내,승용,남,47세,상해없음,보행자,여,50세,경상
2023012400100097,2023년 1월 24일 12시,화요일,경기도 수원시 권선구 호매실동,부상신고사고,0,0,0,3,차대차 - 측면충돌,안전거리미확보,건조,맑음,단일로 - 기타,승용,여,62세,상해없음,승용,여,41세,부상신고
2023012400100120,2023년 1월 24일 13시,화요일,경기도 수원시 권선구 입북동,부상신고사고,0,0,0,1,차량단독 - 공작물충돌,안전운전불이행,건조,맑음,단일로 - 기타,승용,남,23세,상해없음,,,,
2023012400100217,2023년 1월 24일 18시,화요일,경기도 수원시 팔달구 팔달로3가,부상신고사고,0,0,0,1,차량단독 - 기타,기타,건조,맑음,단일로 - 기타,승합,남,63세,상해없음,,,,
2023012400100244,2023년 1월 24일 19시,화요일,경기도 수원시 영통구 이의동,경상사고,0,0,1,0,차대차 - 측면충돌,교차로운행방법위반,건조,맑음,교차로 - 교차로안,이륜,남,36세,기타불명,이륜,남,26세,경상
2023012400100262,2023년 1월 24일 20시,화요일,경기도 수원시 팔달구 매산로1가,부상신고사고,0,0,0,4,차대차 - 추돌,안전거리미확보,건조,맑음,단일로 - 기타,승용,남,51세,상해없음,승용,여,20세,부상신고
2023012500100055,2023년 1월 25일 08시,수요일,경기도 수원시 장안구 조원동,경상사고,0,0,2,0,차대차 - 기타,신호위반,건조,맑음,교차로 - 교차로안,승용,여,50세,상해없음,승용,여,49세,경상
2023012500100083,2023년 1월 25일 09시,수요일,경기도 수원시 팔달구 고등동,경상사고,0,0,1,0,차대사람 - 기타,보행자보호의무위반,건조,맑음,단일로 - 기타,승용,남,55세,상해없음,보행자,여,35세,경상
2023012500100133,2023년 1월 25일 11시,수요일,경기도 수원시 장안구 율전동,중상사고,0,1,1,0,차대차 - 기타,차로위반,건조,맑음,단일로 - 기타,화물,남,42세,경상,화물,남,42세,중상
2023012500100291,2023년 1월 25일 16시,수요일,경기도 수원시 장안구 천천동,경상사고,0,0,1,0,차대차 - 기타,안전운전불이행,건조,맑음,단일로 - 기타,승용,여,45세,상해없음,승용,여,37세,경상
2023012500100331,2023년 1월 25일 17시,수요일,경기도 수원시 권선구 오목천동,중상사고,0,1,0,0,차대차 - 측면충돌,신호위반,건조,맑음,교차로 - 교차로안,승용,남,56세,상해없음,승용,남,45세,중상
2023012500100356,2023년 1월 25일 18시,수요일,경기도 수원시 장안구 조원동,경상사고,0,0,2,0,차대차 - 기타,안전운전불이행,건조,맑음,주차장 - 주차장,승용,남,39세,상해없음,승용,여,39세,기타불명
2023012500100386,2023년 1월 25일 19시,수요일,경기도 수원시 장안구 연무동,경상사고,0,0,2,0,차대차 - 측면충돌,안전거리미확보,건조,흐림,단일로 - 기타,승용,여,35세,상해없음,승용,여,31세,경상
2023012500100389,2023년 1월 25일 19시,수요일,경기도 수원시 영통구 망포동,경상사고,0,0,1,0,차대차 - 측면충돌,교차로운행방법위반,건조,맑음,교차로 - 교차로횡단보도내,승용,여,55세,상해없음,승용,남,22세,경상
2023012500100425,2023년 1월 25일 21시,수요일,경기도 수원시 영통구 망포동,중상사고,0,1,0,0,차대사람 - 기타,안전운전불이행,건조,맑음,교차로 - 교차로부근,이륜,남,31세,상해없음,보행자,남,53세,중상
2023012500100426,2023년 1월 25일 21시,수요일,경기도 수원시 팔달구 인계동,경상사고,0,0,1,0,차대차 - 기타,안전거리미확보,건조,맑음,교차로 - 교차로부근,승용,남,60세,기타불명,승용,남,26세,경상
2023012600100003,2023년 1월 26일 00시,목요일,경기도 수원시 장안구 영화동,중상사고,0,1,0,0,차대사람 - 기타,안전운전불이행,건조,맑음,단일로 - 기타,승용,남,75세,상해없음,보행자,남,60세,중상
2023012600100023,2023년 1월 26일 04시,목요일,경기도 수원시 권선구 세류동,경상사고,0,0,1,0,차대차 - 추돌,안전운전불이행,건조,맑음,단일로 - 기타,승용,남,28세,상해없음,승용,남,33세,경상
2023012600100025,2023년 1월 26일 05시,목요일,경기도 수원시 팔달구 우만동,경상사고,0,0,1,1,차대차 - 측면충돌,신호위반,젖음/습기,눈,교차로 - 교차로안,승용,남,54세,부상신고,승용,남,52세,경상
2023012600100079,2023년 1월 26일 09시,목요일,경기도 수원시 영통구 원천동,경상사고,0,0,1,0,차대사람 - 보도통행중,기타,젖음/습기,눈,단일로 - 기타,승용,남,56세,상해없음,보행자,여,52세,경상
2023012600100094,2023년 1월 26일 10시,목요일,경기도 수원시 팔달구 지동,경상사고,0,0,1,0,차대차 - 기타,안전운전불이행,젖음/습기,눈,단일로 - 기타,승용,남,21세,기타불명,승용,남,53세,경상
2023012600100128,2023년 1월 26일 12시,목요일,경기도 수원시 팔달구 인계동,경상사고,0,0,1,0,차대차 - 측면충돌,차로위반,젖음/습기,눈,교차로 - 교차로부근,승용,남,70세,상해없음,승용,여,47세,경상
2023012600100141,2023년 1월 26일 13시,목요일,경기도 수원시 팔달구 화서동,부상신고사고,0,0,0,2,차대차 - 기타,안전운전불이행,서리/결빙,눈,교차로 - 교차로안,화물,남,74세,부상신고,승용,남,58세,부상신고
2023012600100205,2023년 1월 26일 16시,목요일,경기도 수원시 팔달구 우만동,경상사고,0,0,2,0,차대차 - 측면충돌,안전거리미확보,젖음/습기,흐림,교차로 - 교차로부근,승용,남,23세,상해없음,승용,여,31세,경상
2023012600100247,2023년 1월 26일 18시,목요일,경기도 수원시 장안구 율전동,중상사고,0,1,0,0,차대사람 - 횡단중,보행자보호의무위반,건조,맑음,기타 - 기타,승용,여,49세,상해없음,보행자,남,57세,중상
2023012600100275,2023년 1월 26일 19시,목요일,경기도 수원시 팔달구 우만동,경상사고,0,0,1,0,차대사람 - 횡단중,보행자보호의무위반,건조,맑음,교차로 - 교차로횡단보도내,승용,남,57세,상해없음,보행자,남,38세,경상
2023012600100347,2023년 1월 26일 23시,목요일,경기도 수원시 권선구 탑동,경상사고,0,0,1,0,차대차 - 기타,안전운전불이행,건조,맑음,교차로 - 교차로부근,승용,남,51세,상해없음,승용,남,35세,상해없음
2023012700100038,2023년 1월 27일 06시,금요일,경기도 수원시 영통구 매탄동,중상사고,0,1,0,0,차대사람 - 기타,안전운전불이행,건조,맑음,단일로 - 기타,승용,남,69세,상해없음,보행자,여,73세,중상
2023012700100079,2023년 1월 27일 08시,금요일,경기도 수원시 팔달구 고등동,중상사고,0,1,0,0,차대사람 - 차도통행중,안전운전불이행,건조,맑음,기타 - 기타,승용,남,31세,상해없음,보행자,여,52세,중상
2023012700100167,2023년 1월 27일 11시,금요일,경기도 수원시 권선구 세류동,경상사고,0,0,1,0,차대차 - 추돌,안전운전불이행,건조,맑음,단일로 - 터널,승용,남,60세,상해없음,승용,남,50세,경상
2023012700100192,2023년 1월 27일 12시,금요일,경기도 수원시 장안구 정자동,경상사고,0,0,1,1,차대차 - 추돌,안전운전불이행,건조,맑음,교차로 - 교차로부근,이륜,남,28세,경상,승용,여,50세,부상신고
2023012700100193,2023년 1월 27일 12시,금요일,경기도 수원시 팔달구 우만동,경상사고,0,0,3,0,차대차 - 기타,안전거리미확보,건조,맑음,교차로 - 교차로부근,승용,남,49세,상해없음,승용,남,69세,경상
2023012700100266,2023년 1월 27일 14시,금요일,경기도 수원시 권선구 권선동,경상사고,0,0,1,0,차대차 - 기타,안전운전불이행,건조,맑음,교차로 - 교차로부근,화물,남,63세,상해없음,이륜,여,46세,경상
2023012700100288,2023년 1월 27일 15시,금요일,경기도 수원시 팔달구 인계동,중상사고,0,1,3,0,차대차 - 추돌,안전거리미확보,건조,맑음,단일로 - 고가도로위,화물,남,47세,중상,승용,남,44세,경상
2023012700100316,2023년 1월 27일 16시,금요일,경기도 수원시 장안구 영화동,경상사고,0,0,1,0,차대차 - 측면충돌,신호위반,건조,맑음,교차로 - 교차로안,승용,여,55세,상해없음,이륜,남,61세,경상
2023012700100317,2023년 1월 27일 16시,금요일,경기도 수원시 팔달구 북수동,부상신고사고,0,0,0,1,차량단독 - 기타,안전운전불이행,건조,맑음,단일로 - 기타,승합,남,51세,기타불명,,,,
2023012700100369,2023년 1월 27일 17시,금요일,경기도 수원시 권선구 입북동,경상사고,0,0,1,0,차대차 - 기타,안전운전불이행,건조,맑음,교차로 - 교차로안,이륜,남,39세,상해없음,승용,남,29세,경상
2023012700100413,2023년 1월 27일 18시,금요일,경기도 수원시 장안구 천천동,경상사고,0,0,2,0,차대차 - 기타,안전거리미확보,건조,맑음,단일로 - 기타,화물,남,57세,기타불명,승용,남,65세,경상
2023012700100419,2023년 1월 27일 18시,금요일,경기도 수원시 영통구 하동,경상사고,0,0,1,0,차대차 - 추돌,안전운전불이행,건조,맑음,단일로 - 기타,승용,남,40세,상해없음,승용,여,30세,경상
2023012700100481,2023년 1월 27일 20시,금요일,경기도 수원시 장안구 영화동,경상사고,0,0,1,0,차대차 - 추돌,안전운전불이행,서리/결빙,맑음,교차로 - 교차로안,승합,남,63세,상해없음,이륜,남,26세,경상
2023012800100024,2023년 1월 28일 01시,토요일,경기도 수원시 영통구 원천동,중상사고,0,1,0,0,차대차 - 추돌,안전운전불이행,건조,맑음,교차로 - 교차로안,승용,여,37세,상해없음,개인형이동수단(PM),남,15세,중상
2023012800100040,2023년 1월 28일 04시,토요일,경기도 수원시 팔달구 인계동,경상사고,0,0,1,0,차대사람 - 횡단중,안전운전불이행,건조,맑음,교차로 - 교차로안,승용,남,26세,상해없음,보행자,남,30세,경상
2023012800100064,2023년 1월 28일 07시,토요일,경기도 수원시 권선구 오목천동,경상사고,0,0,1,2,차대차 - 기타,신호위반,건조,맑음,교차로 - 교차로안,승용,남,52세,부상신고,승용,남,63세,경상
2023012800100065,2023년 1월 28일 07시,토요일,경기도 수원시 영통구 이의동,경상사고,0,0,2,0,차대차 - 추돌,기타,건조,맑음,단일로 - 기타,승용,남,24세,상해없음,화물,남,38세,경상
2023012800100158,2023년 1월 28일 12시,토요일,경기도 수원시 팔달구 우만동,부상신고사고,0,0,0,1,차대차 - 기타,안전거리미확보,젖음/습기,맑음,단일로 - 고가도로위,승용,남,37세,상해없음,승용,남,40세,상해없음
2023012800100163,2023년 1월 28일 12시,토요일,경기도 수원시 권선구 권선동,경상사고,0,0,1,0,차대차 - 기타,안전거리미확보,건조,맑음,단일로 - 기타,승용,남,49세,상해없음,이륜,남,27세,경상
2023012800100222,2023년 1월 28일 14시,토요일,경기도 수원시 팔달구 화서동,경상사고,0,0,1,0,차대차 - 기타,안전운전불이행,건조,맑음,단일로 - 기타,승용,남,35세,상해없음,승용,남,49세,경상
2023012800100223,2023년 1월 28일 14시,토요일,경기도 수원시 영통구 하동,경상사고,0,0,1,0,차대차 - 정면충돌,신호위반,건조,맑음,단일로 - 기타,승용,남,32세,상해없음,이륜,남,56세,경상
2023012800100224,2023년 1월 28일 14시,토요일,경기도 수원시 권선구 호매실동,경상사고,0,0,1,0,차대차 - 측면충돌,신호위반,건조,맑음,교차로 - 교차로안,승용,남,65세,상해없음,승용,여,50세,경상
2023012800100343,2023년 1월 28일 18시,토요일,경기도 수원시 팔달구 인계동,경상사고,0,0,1,0,차대차 - 측면충돌,안전운전불이행,건조,맑음,단일로 - 기타,승용,여,46세,상해없음,개인형이동수단(PM),남,49세,경상
2023012800100345,2023년 1월 28일 18시,토요일,경기도 수원시 팔달구 매산로1가,중상사고,0,1,0,0,차대차 - 기타,신호위반,건조,맑음,교차로 - 교차로안,승용,남,19세,상해없음,승용,남,61세,중상
2023012800100378,2023년 1월 28일 19시,토요일,경기도 수원시 장안구 정자동,경상사고,0,0,1,0,차대차 - 정면충돌,안전운전불이행,건조,맑음,교차로 - 교차로안,승용,남,39세,상해없음,이륜,남,32세,경상
2023012800100440,2023년 1월 28일 22시,토요일,경기도 수원시 장안구 송죽동,경상사고,0,0,1,0,차대차 - 기타,신호위반,건조,맑음,단일로 - 기타,이륜,남,42세,경상,승용,남,33세,상해없음
2023012800100464,2023년 1월 28일 23시,토요일,경기도 수원시 권선구 세류동,경상사고,0,0,2,0,차대차 - 추돌,안전운전불이행,건조,맑음,교차로 - 교차로부근,승용,남,52세,상해없음,승용,남,59세,경상
2023012900100005,2023년 1월 29일 00시,일요일,경기도 수원시 팔달구 우만동,경상사고,0,0,1,0,차대차 - 추돌,안전운전불이행,건조,맑음,단일로 - 기타,승용,남,27세,상해없음,승용,남,50세,경상
2023012900100059,2023년 1월 29일 07시,일요일,경기도 수원시 팔달구 우만동,중상사고,0,1,0,0,차대사람 - 횡단중,안전운전불이행,건조,맑음,교차로 - 교차로부근,승합,남,58세,상해없음,보행자,여,20세,중상
2023012900100105,2023년 1월 29일 11시,일요일,경기도 수원시 영통구 매탄동,경상사고,0,0,2,0,차대차 - 측면충돌,차로위반,건조,맑음,단일로 - 기타,승용,남,31세,상해없음,승용,남,22세,경상
2023012900100171,2023년 1월 29일 14시,일요일,경기도 수원시 장안구 조원동,중상사고,0,1,0,0,차대사람 - 기타,신호위반,건조,맑음,교차로 - 교차로횡단보도내,승용,남,42세,상해없음,보행자,여,61세,중상
2023012900100177,2023년 1월 29일 14시,일요일,경기도 수원시 권선구 금곡동,경상사고,0,0,1,0,차대차 - 측면충돌,안전운전불이행,건조,맑음,교차로 - 교차로부근,승용,남,76세,상해없음,승용,남,63세,경상
2023012900100196,2023년 1월 29일 15시,일요일,경기도 수원시 영통구 하동,경상사고,0,0,1,0,차대차 - 추돌,안전운전불이행,건조,흐림,단일로 - 기타,승용,남,45세,상해없음,승용,여,41세,상해없음
2023012900100199,2023년 1월 29일 15시,일요일,경기도 수원시 팔달구 고등동,경상사고,0,0,2,0,차대차 - 추돌,안전운전불이행,건조,맑음,교차로 - 교차로부근,승용,남,60세,상해없음,승용,남,54세,경상
2023012900100287,2023년 1월 29일 19시,일요일,경기도 수원시 권선구 곡반정동,경상사고,0,0,1,0,차대차 - 측면충돌,중앙선침범,건조,맑음,단일로 - 기타,승용,남,46세,상해없음,이륜,남,16세,경상
2023012900100334,2023년 1월 29일 21시,일요일,경기도 수원시 영통구 영통동,중상사고,0,1,0,0,차대사람 - 횡단중,안전운전불이행,건조,맑음,교차로 - 교차로횡단보도내,승용,남,36세,상해없음,보행자,여,76세,중상
2023012900100336,2023년 1월 29일 21시,일요일,경기도 수원시 팔달구 매산로1가,경상사고,0,0,1,0,차대사람 - 기타,기타,건조,맑음,기타 - 기타,이륜,남,47세,상해없음,보행자,남,32세,경상
2023013000100024,2023년 1월 30일 05시,월요일,경기도 수원시 팔달구 장안동,경상사고,0,0,1,0,차대차 - 기타,안전운전불이행,건조,맑음,교차로 - 교차로안,화물,남,69세,상해없음,승용,남,56세,경상
2023013000100116,2023년 1월 30일 09시,월요일,경기도 수원시 장안구 천천동,중상사고,0,1,1,0,차대차 - 추돌,안전운전불이행,건조,맑음,단일로 - 기타,승용,남,25세,상해없음,승용,여,41세,중상
2023013000100153,2023년 1월 30일 10시,월요일,경기도 수원시 권선구 권선동,경상사고,0,0,1,0,차대사람 - 차도통행중,안전거리미확보,건조,맑음,교차로 - 교차로안,화물,남,73세,상해없음,보행자,남,95세,경상
2023013000100315,2023년 1월 30일 15시,월요일,경기도 수원시 장안구 조원동,경상사고,0,0,1,0,차대차 - 기타,안전거리미확보,건조,맑음,단일로 - 기타,승용,여,41세,상해없음,자전거,남,75세,경상
2023013000100316,2023년 1월 30일 15시,월요일,경기도 수원시 팔달구 남수동,경상사고,0,0,2,0,차대차 - 기타,안전운전불이행,건조,맑음,교차로 - 교차로안,화물,남,55세,경상,화물,남,49세,경상
2023013000100353,2023년 1월 30일 16시,월요일,경기도 수원시 장안구 정자동,경상사고,0,0,2,0,차대차 - 측면충돌,안전운전불이행,건조,맑음,교차로 - 교차로부근,화물,남,42세,경상,승용,여,47세,경상
2023013000100385,2023년 1월 30일 17시,월요일,경기도 수원시 장안구 영화동,경상사고,0,0,1,0,차대차 - 기타,중앙선침범,건조,맑음,단일로 - 기타,승용,남,34세,상해없음,승용,여,54세,경상
2023013000100425,2023년 1월 30일 18시,월요일,경기도 수원시 팔달구 우만동,부상신고사고,0,0,0,1,차대차 - 기타,안전운전불이행,건조,맑음,교차로 - 교차로부근,이륜,남,50세,부상신고,승용,여,47세,상해없음
2023013000100426,2023년 1월 30일 18시,월요일,경기도 수원시 팔달구 우만동,경상사고,0,0,1,0,차대차 - 측면충돌,직진우회전진행방해,건조,맑음,교차로 - 교차로안,승용,남,80세,상해없음,승용,여,68세,경상
2023013000100430,2023년 1월 30일 18시,월요일,경기도 수원시 권선구 권선동,경상사고,0,0,1,0,차대차 - 측면충돌,안전거리미확보,건조,맑음,교차로 - 교차로안,승용,남,79세,상해없음,승용,여,28세,경상
2023013000100464,2023년 1월 30일 19시,월요일,경기도 수원시 권선구 곡반정동,중상사고,0,1,0,0,차대사람 - 횡단중,안전운전불이행,건조,맑음,기타 - 기타,이륜,남,32세,상해없음,보행자,여,46세,중상
2023013000100469,2023년 1월 30일 19시,월요일,경기도 수원시 권선구 서둔동,경상사고,0,0,1,0,차대차 - 측면충돌,신호위반,건조,맑음,교차로 - 교차로안,승용,여,43세,상해없음,승용,남,24세,경상
2023013000100514,2023년 1월 30일 21시,월요일,경기도 수원시 팔달구 화서동,중상사고,0,1,0,0,차대사람 - 기타,안전운전불이행,건조,맑음,교차로 - 교차로안,승용,여,26세,상해없음,보행자,남,67세,중상
2023013000100536,2023년 1월 30일 22시,월요일,경기도 수원시 팔달구 인계동,경상사고,0,0,2,0,차대차 - 추돌,안전운전불이행,건조,맑음,단일로 - 기타,승용,여,30세,기타불명,승용,남,52세,경상