사고번호,사고일시,요일,시군구,사고내용,사망자수,중상자수,경상자수,부상신고자수,사고유형,법규위반,노면상태,기상상태,도로형태,가해운전자 차종,가해운전자 성별,가해운전자 연령,가해운전자 상해정도,피해운전자 차종,피해운전자 성별,피해운전자 연령,피해운전자 상해정도
2023022600100102,2023년 2월 26일 11시,일요일,경기도 수원시 권선구 구운동,경상사고,0,0,1,0,차대차 - 추돌,안전운전불이행,건조,맑음,교차로 - 교차로부근,승용,남,76세,상해없음,승용,여,49세,경상
2023022600100126,2023년 2월 26일 12시,일요일,경기도 수원시 팔달구 인계동,경상사고,0,0,1,0,차대사람 - 횡단중,신호위반,건조,맑음,교차로 - 교차로횡단보도내,승용,여,65세,상해없음,보행자,여,32세,경상
2023022600100128,2023년 2월 26일 12시,일요일,경기도 수원시 권선구 서둔동,경상사고,0,0,2,0,차대차 - 기타,안전운전불이행,건조,맑음,교차로 - 교차로부근,승용,남,21세,상해없음,승용,남,49세,경상
2023022600100129,2023년 2월 26일 12시,일요일,경기도 수원시 권선구 세류동,경상사고,0,0,1,0,차대차 - 기타,안전운전불이행,건조,맑음,단일로 - 기타,승용,남,64세,기타불명,승용,남,67세,경상
2023022600100164,2023년 2월 26일 13시,일요일,경기도 수원시 권선구 권선동,경상사고,0,0,4,0,차대차 - 측면충돌,안전거리미확보,건조,맑음,단일로 - 기타,승용,남,26세,상해없음,승용,여,56세,경상
2023022600100194,2023년 2월 26일 14시,일요일,경기도 수원시 장안구 조원동,중상사고,0,1,0,0,차대차 - 기타,직진우회전진행방해,건조,맑음,단일로 - 기타,승용,남,57세,상해없음,이륜,남,23세,중상
2023022600100195,2023년 2월 26일 14시,일요일,경기도 수원시 장안구 송죽동,중상사고,0,1,0,1,차대차 - 측면충돌,신호위반,건조,맑음,교차로 - 교차로안,승용,여,31세,상해없음,승용,남,29세,부상신고
2023022600100196,2023년 2월 26일 14시,일요일,경기도 수원시 팔달구 지동,중상사고,0,1,0,0,차대사람 - 기타,안전운전불이행,건조,맑음,교차로 - 교차로횡단보도내,이륜,남,83세,상해없음,보행자,여,73세,중상
2023022600100197,2023년 2월 26일 14시,일요일,경기도 수원시 장안구 영화동,경상사고,0,0,1,0,차대사람 - 기타,안전운전불이행,건조,맑음,단일로 - 기타,승용,남,76세,상해없음,보행자,남,68세,경상
2023022600100198,2023년 2월 26일 14시,일요일,경기도 수원시 장안구 영화동,경상사고,0,0,2,0,차대차 - 기타,교차로운행방법위반,건조,맑음,교차로 - 교차로안,승용,남,72세,상해없음,승용,여,30세,경상
2023022600100202,2023년 2월 26일 14시,일요일,경기도 수원시 권선구 오목천동,경상사고,0,0,1,0,차대사람 - 보도통행중,기타,건조,맑음,기타 - 기타,자전거,남,13세,상해없음,보행자,남,32세,경상
2023022600100270,2023년 2월 26일 17시,일요일,경기도 수원시 권선구 탑동,중상사고,0,2,0,0,차대차 - 측면충돌,신호위반,건조,맑음,교차로 - 교차로안,승용,남,56세,상해없음,화물,남,65세,중상
2023022600100271,2023년 2월 26일 17시,일요일,경기도 수원시 팔달구 고등동,경상사고,0,0,1,0,차대사람 - 횡단중,보행자보호의무위반,건조,맑음,기타 - 기타,화물,남,44세,상해없음,보행자,여,64세,경상
2023022600100302,2023년 2월 26일 18시,일요일,경기도 수원시 장안구 율전동,중상사고,0,2,1,0,차대차 - 기타,안전운전불이행,건조,맑음,단일로 - 기타,승용,여,61세,경상,승용,남,65세,상해없음
2023022600100395,2023년 2월 26일 22시,일요일,경기도 수원시 장안구 송죽동,경상사고,0,0,1,0,차대차 - 측면충돌,신호위반,건조,맑음,교차로 - 교차로안,이륜,남,47세,상해없음,승용,남,58세,경상
2023022700100028,2023년 2월 27일 06시,월요일,경기도 수원시 팔달구 우만동,경상사고,0,0,1,0,차대차 - 후진중충돌,안전운전불이행,건조,맑음,교차로 - 교차로부근,승용,여,56세,상해없음,화물,남,52세,경상
2023022700100032,2023년 2월 27일 06시,월요일,경기도 수원시 권선구 구운동,경상사고,0,0,1,0,차대차 - 측면충돌,안전거리미확보,건조,맑음,단일로 - 기타,화물,남,54세,상해없음,승용,남,50세,경상
2023022700100102,2023년 2월 27일 09시,월요일,경기도 수원시 장안구 영화동,중상사고,0,1,2,0,차대차 - 기타,신호위반,건조,맑음,교차로 - 교차로안,화물,남,43세,상해없음,승합,남,63세,상해없음
2023022700100308,2023년 2월 27일 15시,월요일,경기도 수원시 권선구 세류동,중상사고,0,1,0,0,차량단독 - 공작물충돌,안전운전불이행,건조,맑음,단일로 - 기타,승용,여,60세,상해없음,,,,
2023022700100452,2023년 2월 27일 19시,월요일,경기도 수원시 팔달구 인계동,경상사고,0,0,1,0,차대차 - 측면충돌,신호위반,건조,맑음,교차로 - 교차로안,승용,남,65세,상해없음,승용,여,31세,경상
2023022700100455,2023년 2월 27일 19시,월요일,경기도 수원시 권선구 탑동,중상사고,0,1,0,0,차대차 - 측면충돌,중앙선침범,건조,맑음,단일로 - 기타,승용,남,23세,상해없음,이륜,남,41세,중상
2023022800100100,2023년 2월 28일 09시,화요일,경기도 수원시 권선구 권선동,경상사고,0,0,1,0,차대차 - 기타,안전운전불이행,건조,맑음,교차로 - 교차로안,승합,남,34세,기타불명,승용,남,24세,경상
2023022800100122,2023년 2월 28일 10시,화요일,경기도 수원시 권선구 권선동,경상사고,0,0,4,0,차대차 - 측면충돌,교차로운행방법위반,건조,맑음,교차로 - 교차로안,승용,여,62세,상해없음,승용,남,64세,상해없음
2023022800100123,2023년 2월 28일 10시,화요일,경기도 수원시 권선구 구운동,경상사고,0,0,2,0,차대차 - 측면충돌,안전거리미확보,건조,맑음,교차로 - 교차로안,승용,여,49세,상해없음,승용,남,42세,경상
2023022800100149,2023년 2월 28일 11시,화요일,경기도 수원시 권선구 탑동,경상사고,0,0,1,0,차대사람 - 횡단중,보행자보호의무위반,건조,맑음,교차로 - 교차로안,승용,남,65세,상해없음,보행자,여,39세,경상
2023022800100150,2023년 2월 28일 11시,화요일,경기도 수원시 권선구 구운동,경상사고,0,0,1,0,차대차 - 기타,안전거리미확보,건조,맑음,단일로 - 기타,화물,남,37세,상해없음,이륜,남,19세,경상
2023022800100175,2023년 2월 28일 12시,화요일,경기도 수원시 팔달구 팔달로1가,경상사고,0,0,1,0,차대차 - 측면충돌,신호위반,건조,맑음,교차로 - 교차로부근,승용,남,63세,상해없음,이륜,남,29세,경상
2023022800100253,2023년 2월 28일 14시,화요일,경기도 수원시 장안구 정자동,부상신고사고,0,0,0,1,차대차 - 측면충돌,안전운전불이행,건조,맑음,교차로 - 교차로안,자전거,남,73세,부상신고,승용,남,72세,상해없음
2023022800100340,2023년 2월 28일 16시,화요일,경기도 수원시 권선구 탑동,경상사고,0,0,1,0,차대차 - 기타,안전거리미확보,건조,맑음,단일로 - 기타,승용,남,78세,상해없음,승용,여,44세,경상
2023022800100376,2023년 2월 28일 17시,화요일,경기도 수원시 권선구 구운동,경상사고,0,0,3,0,차대차 - 측면충돌,직진우회전진행방해,건조,맑음,교차로 - 교차로안,승용,여,56세,상해없음,승용,남,33세,경상
2023022800100413,2023년 2월 28일 18시,화요일,경기도 수원시 권선구 당수동,경상사고,0,0,1,0,차대차 - 측면충돌,안전운전불이행,건조,맑음,단일로 - 기타,승용,남,27세,상해없음,승용,남,43세,경상
2023022800100456,2023년 2월 28일 19시,화요일,경기도 수원시 권선구 금곡동,중상사고,0,1,0,0,차대차 - 기타,안전거리미확보,건조,맑음,단일로 - 기타,화물,남,66세,상해없음,이륜,남,33세,중상
2023022800100485,2023년 2월 28일 20시,화요일,경기도 수원시 팔달구 매교동,경상사고,0,0,1,0,차대차 - 기타,안전거리미확보,건조,맑음,교차로 - 교차로부근,승용,여,27세,상해없음,이륜,남,24세,경상
2023022800100507,2023년 2월 28일 21시,화요일,경기도 수원시 장안구 영화동,경상사고,0,0,2,0,차대차 - 기타,안전거리미확보,건조,맑음,교차로 - 교차로안,승용,남,59세,상해없음,승용,남,37세,경상
2023022800100511,2023년 2월 28일 21시,화요일,경기도 수원시 팔달구 매산로1가,경상사고,0,0,1,0,차대차 - 측면충돌,안전거리미확보,건조,맑음,교차로 - 교차로안,승용,남,64세,상해없음,승용,남,34세,경상
2023022800100532,2023년 2월 28일 22시,화요일,경기도 수원시 권선구 호매실동,경상사고,0,0,1,0,차대차 - 추돌,안전운전불이행,건조,맑음,교차로 - 교차로부근,승용,남,48세,상해없음,승용,여,34세,경상
2023022800100555,2023년 2월 28일 23시,화요일,경기도 수원시 장안구 연무동,중상사고,0,1,1,0,차대사람 - 길가장자리구역통행중,안전운전불이행,건조,맑음,단일로 - 기타,승용,남,23세,상해없음,보행자,여,63세,경상
2023022800100558,2023년 2월 28일 23시,화요일,경기도 수원시 권선구 오목천동,경상사고,0,0,2,0,차대차 - 추돌,신호위반,건조,맑음,교차로 - 교차로안,승용,남,39세,상해없음,승합,남,63세,경상
2023030100100018,2023년 3월 1일 01시,수요일,경기도 수원시 영통구 이의동,경상사고,0,0,1,0,차대차 - 측면충돌,신호위반,건조,맑음,교차로 - 교차로안,승용,남,26세,상해없음,승용,남,55세,경상
2023030100100047,2023년 3월 1일 06시,수요일,경기도 수원시 팔달구 우만동,경상사고,0,0,1,0,차대차 - 추돌,안전거리미확보,건조,맑음,교차로 - 교차로부근,승용,남,68세,상해없음,이륜,남,38세,경상
2023030100100048,2023년 3월 1일 06시,수요일,경기도 수원시 영통구 이의동,경상사고,0,0,1,0,차대차 - 추돌,안전운전불이행,건조,맑음,교차로 - 교차로부근,승용,여,32세,상해없음,승용,남,51세,경상
2023030100100049,2023년 3월 1일 06시,수요일,경기도 수원시 영통구 영통동,중상사고,0,1,0,0,차량단독 - 공작물충돌,안전운전불이행,건조,맑음,단일로 - 기타,승용,여,45세,중상,,,,
2023030100100069,2023년 3월 1일 08시,수요일,경기도 수원시 장안구 파장동,경상사고,0,0,1,0,차대사람 - 길가장자리구역통행중,안전운전불이행,건조,맑음,단일로 - 기타,승용,남,64세,상해없음,보행자,여,61세,경상
2023030100100118,2023년 3월 1일 11시,수요일,경기도 수원시 권선구 호매실동,경상사고,0,0,1,0,차대차 - 추돌,안전운전불이행,건조,맑음,교차로 - 교차로안,이륜,남,32세,경상,화물,남,55세,상해없음
2023030100100140,2023년 3월 1일 12시,수요일,경기도 수원시 권선구 평동,경상사고,0,0,1,0,차대차 - 측면충돌,신호위반,건조,맑음,교차로 - 교차로안,승용,여,48세,상해없음,승용,남,61세,경상
2023030100100227,2023년 3월 1일 16시,수요일,경기도 수원시 장안구 연무동,경상사고,0,0,1,0,차대사람 - 길가장자리구역통행중,안전운전불이행,건조,맑음,교차로 - 교차로부근,화물,남,64세,상해없음,보행자,남,40세,경상
2023030100100231,2023년 3월 1일 16시,수요일,경기도 수원시 권선구 평동,경상사고,0,0,3,0,차대차 - 측면충돌,안전운전불이행,건조,맑음,교차로 - 교차로부근,승용,남,36세,경상,승합,남,43세,상해없음
2023030100100278,2023년 3월 1일 18시,수요일,경기도 수원시 영통구 망포동,중상사고,0,1,0,0,차대사람 - 기타,안전운전불이행,건조,맑음,기타 - 기타,개인형이동수단(PM),여,24세,기타불명,보행자,여,12세,상해없음
2023030100100280,2023년 3월 1일 18시,수요일,경기도 수원시 권선구 평동,경상사고,0,0,3,0,차대차 - 측면충돌,안전거리미확보,건조,맑음,교차로 - 교차로부근,승용,남,50세,기타불명,승용,여,31세,경상
2023030100100323,2023년 3월 1일 20시,수요일,경기도 수원시 권선구 세류동,경상사고,0,0,1,0,차대차 - 후진중충돌,안전운전불이행,건조,맑음,단일로 - 기타,승합,남,44세,상해없음,이륜,남,43세,경상
2023030100100325,2023년 3월 1일 20시,수요일,경기도 수원시 팔달구 매산로1가,경상사고,0,0,3,0,차대차 - 측면충돌,안전거리미확보,건조,맑음,교차로 - 교차로부근,승용,남,22세,상해없음,승용,여,19세,경상
2023030200100005,2023년 3월 2일 00시,목요일,경기도 수원시 장안구 영화동,경상사고,0,0,1,0,차대사람 - 기타,안전운전불이행,건조,맑음,교차로 - 교차로안,승용,남,61세,상해없음,보행자,남,26세,경상
2023030200100020,2023년 3월 2일 04시,목요일,경기도 수원시 영통구 망포동,경상사고,0,0,2,0,차대차 - 측면충돌,신호위반,건조,맑음,교차로 - 교차로안,승용,남,30세,상해없음,승용,남,25세,경상
2023030200100085,2023년 3월 2일 08시,목요일,경기도 수원시 권선구 권선동,경상사고,0,0,1,0,차대차 - 측면충돌,신호위반,건조,맑음,교차로 - 교차로횡단보도내,승용,여,56세,상해없음,자전거,여,64세,경상
2023030200100086,2023년 3월 2일 08시,목요일,경기도 수원시 팔달구 인계동,경상사고,0,0,1,0,차대차 - 측면충돌,신호위반,건조,맑음,교차로 - 교차로안,승용,여,56세,상해없음,이륜,남,66세,경상
2023030200100089,2023년 3월 2일 08시,목요일,경기도 수원시 팔달구 매산로1가,경상사고,0,0,1,0,차대차 - 추돌,안전운전불이행,건조,맑음,교차로 - 교차로부근,승용,남,37세,기타불명,승합,남,39세,경상
2023030200100135,2023년 3월 2일 09시,목요일,경기도 수원시 영통구 매탄동,경상사고,0,0,1,0,차대사람 - 보도통행중,기타,건조,맑음,기타 - 기타,자전거,여,28세,상해없음,보행자,남,6세,경상
2023030200100199,2023년 3월 2일 11시,목요일,경기도 수원시 장안구 정자동,중상사고,0,1,0,0,차대사람 - 기타,신호위반,건조,맑음,단일로 - 기타,승합,남,41세,상해없음,보행자,여,25세,중상
2023030200100200,2023년 3월 2일 11시,목요일,경기도 수원시 팔달구 팔달로3가,경상사고,0,0,2,0,차대차 - 기타,교차로운행방법위반,건조,맑음,교차로 - 교차로안,승용,여,56세,상해없음,승용,남,37세,경상
2023030200100237,2023년 3월 2일 12시,목요일,경기도 수원시 팔달구 매산로1가,중상사고,0,1,0,0,차대차 - 기타,안전운전불이행,건조,맑음,기타 - 기타,승용,남,33세,상해없음,승합,남,60세,상해없음
2023030200100303,2023년 3월 2일 14시,목요일,경기도 수원시 팔달구 우만동,경상사고,0,0,2,0,차대차 - 기타,차로위반,건조,맑음,단일로 - 기타,승합,남,56세,경상,승용,남,40세,경상
2023030200100361,2023년 3월 2일 16시,목요일,경기도 수원시 권선구 세류동,경상사고,0,0,1,0,차대차 - 측면충돌,불법유턴,건조,맑음,단일로 - 기타,승용,남,58세,상해없음,이륜,남,22세,경상
2023030200100434,2023년 3월 2일 18시,목요일,경기도 수원시 장안구 파장동,중상사고,0,1,0,0,차대사람 - 기타,안전운전불이행,건조,맑음,단일로 - 기타,승합,남,61세,상해없음,보행자,여,61세,중상
2023030200100438,2023년 3월 2일 18시,목요일,경기도 수원시 권선구 금곡동,경상사고,0,0,3,0,차대차 - 추돌,안전운전불이행,건조,맑음,교차로 - 교차로부근,승용,여,61세,기타불명,승용,여,46세,경상
2023030200100522,2023년 3월 2일 21시,목요일,경기도 수원시 팔달구 우만동,경상사고,0,0,2,0,차대차 - 후진중충돌,안전운전불이행,건조,맑음,교차로 - 교차로안,승합,남,61세,상해없음,화물,남,44세,경상
2023030300100014,2023년 3월 3일 01시,금요일,경기도 수원시 팔달구 인계동,경상사고,0,0,2,0,차대차 - 후진중충돌,안전운전불이행,건조,맑음,교차로 - 교차로안,화물,남,51세,상해없음,승용,남,29세,경상
2023030300100088,2023년 3월 3일 08시,금요일,경기도 수원시 권선구 세류동,경상사고,0,0,1,0,차대차 - 기타,안전운전불이행,건조,맑음,단일로 - 기타,승용,여,51세,기타불명,승용,남,32세,경상
2023030300100091,2023년 3월 3일 08시,금요일,경기도 수원시 팔달구 매교동,중상사고,0,1,0,0,차대차 - 기타,신호위반,건조,맑음,교차로 - 교차로안,승용,남,23세,상해없음,이륜,남,45세,중상
2023030300100126,2023년 3월 3일 09시,금요일,경기도 수원시 팔달구 중동,경상사고,0,0,2,0,차대차 - 기타,교차로운행방법위반,건조,맑음,교차로 - 교차로안,승용,남,62세,상해없음,화물,남,32세,경상
2023030300100133,2023년 3월 3일 09시,금요일,경기도 수원시 팔달구 매산로1가,경상사고,0,0,1,0,차대차 - 기타,안전운전불이행,건조,맑음,단일로 - 기타,승용,여,59세,상해없음,승용,남,35세,경상
2023030300100164,2023년 3월 3일 10시,금요일,경기도 수원시 권선구 곡반정동,중상사고,0,1,0,0,차대차 - 기타,안전운전불이행,건조,맑음,단일로 - 기타,승용,남,38세,상해없음,자전거,여,44세,중상
2023030300100190,2023년 3월 3일 11시,금요일,경기도 수원시 영통구 신동,부상신고사고,0,0,0,1,차대차 - 기타,신호위반,건조,맑음,교차로 - 교차로안,이륜,남,46세,부상신고,특수,남,43세,상해없음
2023030300100217,2023년 3월 3일 12시,금요일,경기도 수원시 권선구 구운동,부상신고사고,0,0,0,1,차대사람 - 길가장자리구역통행중,안전운전불이행,건조,맑음,기타 - 기타,승용,남,56세,상해없음,보행자,여,47세,부상신고
2023030300100249,2023년 3월 3일 13시,금요일,경기도 수원시 권선구 권선동,중상사고,0,1,0,0,차대차 - 추돌,안전운전불이행,건조,맑음,교차로 - 교차로부근,자전거,남,57세,상해없음,자전거,남,84세,중상
2023030300100252,2023년 3월 3일 13시,금요일,경기도 수원시 팔달구 매산로2가,경상사고,0,0,1,0,차대사람 - 기타,안전운전불이행,건조,맑음,단일로 - 기타,승용,여,59세,상해없음,보행자,여,67세,경상
2023030300100277,2023년 3월 3일 14시,금요일,경기도 수원시 장안구 영화동,부상신고사고,0,0,0,1,차대사람 - 기타,안전운전불이행,건조,맑음,단일로 - 기타,이륜,남,43세,상해없음,보행자,남,8세,부상신고
2023030300100280,2023년 3월 3일 14시,금요일,경기도 수원시 권선구 곡반정동,경상사고,0,0,1,0,차대사람 - 횡단중,신호위반,건조,맑음,교차로 - 교차로횡단보도내,승합,남,73세,상해없음,보행자,여,11세,경상
2023030300100318,2023년 3월 3일 15시,금요일,경기도 수원시 팔달구 고등동,경상사고,0,0,1,0,차대사람 - 기타,안전운전불이행,건조,맑음,단일로 - 기타,승용,여,49세,상해없음,보행자,남,80세,경상
2023030300100428,2023년 3월 3일 18시,금요일,경기도 수원시 팔달구 우만동,경상사고,0,0,1,0,차대사람 - 길가장자리구역통행중,안전운전불이행,건조,맑음,단일로 - 기타,승용,여,73세,상해없음,보행자,남,57세,경상
2023030300100429,2023년 3월 3일 18시,금요일,경기도 수원시 장안구 정자동,중상사고,0,1,0,0,차량단독 - 기타,안전운전불이행,건조,맑음,단일로 - 기타,개인형이동수단(PM),여,49세,중상,,,,
2023030300100430,2023년 3월 3일 18시,금요일,경기도 수원시 장안구 이목동,경상사고,0,0,1,0,차대차 - 추돌,안전운전불이행,건조,맑음,단일로 - 기타,화물,남,25세,상해없음,승용,여,65세,경상
2023030300100440,2023년 3월 3일 18시,금요일,경기도 수원시 권선구 세류동,부상신고사고,0,0,0,1,차대사람 - 보도통행중,기타,건조,맑음,단일로 - 기타,화물,남,47세,상해없음,보행자,남,39세,부상신고
2023030300100441,2023년 3월 3일 18시,금요일,경기도 수원시 권선구 권선동,경상사고,0,0,1,0,차대사람 - 횡단중,안전운전불이행,건조,맑음,교차로 - 교차로횡단보도내,승용,남,52세,상해없음,보행자,남,57세,경상
2023030300100507,2023년 3월 3일 20시,금요일,경기도 수원시 권선구 오목천동,중상사고,0,1,0,0,차대차 - 기타,신호위반,건조,맑음,교차로 - 교차로안,승용,남,58세,상해없음,이륜,남,48세,중상
2023030300100508,2023년 3월 3일 20시,금요일,경기도 수원시 권선구 금곡동,경상사고,0,0,1,1,차대차 - 기타,안전운전불이행,건조,맑음,단일로 - 기타,승용,여,52세,부상신고,승용,남,51세,상해없음
2023030300100509,2023년 3월 3일 20시,금요일,경기도 수원시 권선구 세류동,경상사고,0,0,1,1,차대차 - 후진중충돌,안전운전불이행,건조,맑음,단일로 - 기타,승용,남,36세,부상신고,승용,남,50세,경상
2023030300100579,2023년 3월 3일 23시,금요일,경기도 수원시 팔달구 인계동,경상사고,0,0,1,0,차대차 - 측면충돌,신호위반,건조,맑음,교차로 - 교차로안,이륜,남,49세,상해없음,이륜,남,23세,경상
2023030400100025,2023년 3월 4일 01시,토요일,경기도 수원시 영통구 이의동,경상사고,0,0,1,0,차대차 - 측면충돌,안전거리미확보,건조,맑음,단일로 - 기타,승용,남,32세,상해없음,승용,남,53세,경상
2023030400100119,2023년 3월 4일 10시,토요일,경기도 수원시 권선구 금곡동,경상사고,0,0,1,0,차대사람 - 횡단중,보행자보호의무위반,건조,맑음,교차로 - 교차로안,승용,남,50세,기타불명,보행자,남,39세,경상
2023030400100245,2023년 3월 4일 14시,토요일,경기도 수원시 장안구 천천동,부상신고사고,0,0,0,1,차대사람 - 기타,안전운전불이행,건조,맑음,교차로 - 교차로안,승합,남,68세,상해없음,보행자,여,2세,부상신고
2023030400100396,2023년 3월 4일 19시,토요일,경기도 수원시 팔달구 화서동,중상사고,0,1,0,0,차대사람 - 기타,안전운전불이행,건조,맑음,단일로 - 기타,이륜,남,25세,상해없음,보행자,남,73세,중상
2023030400100433,2023년 3월 4일 20시,토요일,경기도 수원시 권선구 세류동,경상사고,0,0,2,0,차대차 - 측면충돌,신호위반,건조,맑음,교차로 - 교차로부근,승용,여,26세,상해없음,승용,여,26세,경상
2023030500100028,2023년 3월 5일 02시,일요일,경기도 수원시 영통구 이의동,경상사고,0,0,2,0,차대차 - 기타,신호위반,건조,맑음,교차로 - 교차로부근,화물,남,43세,상해없음,승용,남,55세,경상
2023030500100038,2023년 3월 5일 03시,일요일,경기도 수원시 영통구 이의동,사망사고,1,0,0,0,차량단독 - 공작물충돌,안전운전불이행,건조,맑음,단일로 - 기타,승용,남,49세,사망,,,,
2023030500100045,2023년 3월 5일 04시,일요일,경기도 수원시 영통구 이의동,경상사고,0,0,1,0,차대차 - 측면충돌,안전운전불이행,건조,맑음,단일로 - 지하차도(도로)내,승용,여,39세,상해없음,승용,남,32세,기타불명
2023030500100056,2023년 3월 5일 05시,일요일,경기도 수원시 영통구 매탄동,경상사고,0,0,1,0,차대차 - 측면충돌,차로위반,건조,맑음,단일로 - 기타,승용,남,24세,상해없음,승용,남,72세,경상
2023030500100067,2023년 3월 5일 06시,일요일,경기도 수원시 팔달구 매산로1가,경상사고,0,0,2,0,차대차 - 추돌,안전거리미확보,건조,맑음,단일로 - 기타,승용,남,69세,상해없음,승용,남,57세,경상
2023030500100103,2023년 3월 5일 10시,일요일,경기도 수원시 팔달구 장안동,경상사고,0,0,1,0,차대사람 - 기타,안전운전불이행,건조,맑음,교차로 - 교차로안,승용,여,54세,상해없음,보행자,여,24세,경상
2023030500100107,2023년 3월 5일 10시,일요일,경기도 수원시 팔달구 인계동,경상사고,0,0,1,0,차대차 - 추돌,신호위반,건조,맑음,교차로 - 교차로부근,이륜,남,16세,상해없음,승용,여,39세,경상
2023030500100110,2023년 3월 5일 10시,일요일,경기도 수원시 권선구 입북동,중상사고,0,1,1,0,차대차 - 측면충돌,신호위반,건조,맑음,단일로 - 기타,승용,남,72세,상해없음,승용,남,66세,중상
2023030500100153,2023년 3월 5일 12시,일요일,경기도 수원시 영통구 매탄동,경상사고,0,0,3,0,차대차 - 측면충돌,신호위반,건조,맑음,교차로 - 교차로안,승용,남,36세,상해없음,승용,남,52세,경상
2023030500100186,2023년 3월 5일 13시,일요일,경기도 수원시 권선구 고색동,경상사고,0,0,1,0,차대차 - 측면충돌,신호위반,건조,맑음,교차로 - 교차로안,화물,남,62세,상해없음,이륜,남,41세,경상
2023030500100267,2023년 3월 5일 16시,일요일,경기도 수원시 권선구 오목천동,경상사고,0,0,1,0,차대차 - 측면충돌,안전운전불이행,건조,맑음,교차로 - 교차로안,승용,남,41세,상해없음,이륜,남,26세,경상
2023030500100295,2023년 3월 5일 17시,일요일,경기도 수원시 권선구 권선동,경상사고,0,0,1,0,차대사람 - 횡단중,보행자보호의무위반,건조,맑음,교차로 - 교차로횡단보도내,이륜,남,39세,상해없음,보행자,남,39세,경상
2023030500100296,2023년 3월 5일 17시,일요일,경기도 수원시 권선구 서둔동,경상사고,0,0,1,0,차대사람 - 기타,안전운전불이행,건조,맑음,단일로 - 기타,화물,남,43세,상해없음,보행자,여,10세,경상
2023030500100351,2023년 3월 5일 19시,일요일,경기도 수원시 팔달구 화서동,중상사고,0,1,0,0,차대차 - 측면충돌,안전운전불이행,건조,맑음,단일로 - 기타,승용,남,27세,상해없음,이륜,남,41세,중상
2023030600100074,2023년 3월 6일 08시,월요일,경기도 수원시 권선구 서둔동,중상사고,0,1,0,0,차대차 - 측면충돌,안전운전불이행,건조,맑음,교차로 - 교차로안,승용,남,62세,상해없음,승용,여,34세,중상
2023030600100117,2023년 3월 6일 09시,월요일,경기도 수원시 권선구 대황교동,경상사고,0,0,1,0,차대차 - 측면충돌,안전운전불이행,건조,맑음,단일로 - 기타,승용,남,44세,상해없음,승용,여,49세,경상
2023030600100118,2023년 3월 6일 09시,월요일,경기도 수원시 영통구 원천동,경상사고,0,0,1,0,차대차 - 기타,안전운전불이행,건조,맑음,단일로 - 기타,승용,여,58세,기타불명,승용,남,25세,경상
2023030600100119,2023년 3월 6일 09시,월요일,경기도 수원시 팔달구 매산로2가,중상사고,0,1,0,0,차대사람 - 기타,안전운전불이행,건조,맑음,단일로 - 기타,승합,남,42세,상해없음,보행자,남,81세,중상
2023030600100182,2023년 3월 6일 11시,월요일,경기도 수원시 팔달구 인계동,경상사고,0,0,2,0,차대차 - 추돌,안전운전불이행,건조,맑음,교차로 - 교차로부근,승용,남,53세,상해없음,승용,여,46세,경상
2023030600100183,2023년 3월 6일 11시,월요일,경기도 수원시 권선구 구운동,경상사고,0,0,1,0,차대사람 - 기타,보행자보호의무위반,건조,맑음,교차로 - 교차로안,승용,여,30세,상해없음,보행자,여,76세,경상
2023030600100217,2023년 3월 6일 12시,월요일,경기도 수원시 권선구 권선동,경상사고,0,0,1,0,차대사람 - 보도통행중,보행자보호의무위반,건조,맑음,교차로 - 교차로안,승용,여,41세,상해없음,보행자,여,43세,경상
2023030600100354,2023년 3월 6일 17시,월요일,경기도 수원시 팔달구 북수동,중상사고,0,1,0,0,차량단독 - 기타,안전운전불이행,건조,맑음,단일로 - 기타,자전거,남,65세,중상,,,,
2023030600100359,2023년 3월 6일 17시,월요일,경기도 수원시 권선구 권선동,경상사고,0,0,2,0,차대차 - 측면충돌,교차로운행방법위반,건조,맑음,교차로 - 교차로안,승용,여,51세,경상,승용,여,56세,경상
2023030600100394,2023년 3월 6일 18시,월요일,경기도 수원시 권선구 권선동,중상사고,0,1,1,0,차대차 - 측면충돌,안전운전불이행,건조,맑음,단일로 - 지하차도(도로)내,화물,남,72세,중상,이륜,남,40세,경상
2023030600100422,2023년 3월 6일 19시,월요일,경기도 수원시 권선구 구운동,부상신고사고,0,0,0,1,차대사람 - 길가장자리구역통행중,안전운전불이행,건조,맑음,단일로 - 기타,승용,여,58세,상해없음,보행자,여,54세,부상신고
2023030600100423,2023년 3월 6일 19시,월요일,경기도 수원시 권선구 서둔동,경상사고,0,0,1,0,차대차 - 기타,안전거리미확보,건조,맑음,교차로 - 교차로부근,승용,남,70세,상해없음,승용,여,43세,경상
2023030700100050,2023년 3월 7일 07시,화요일,경기도 수원시 권선구 세류동,경상사고,0,0,1,0,차대차 - 측면충돌,안전운전불이행,건조,맑음,교차로 - 교차로부근,이륜,남,37세,상해없음,승용,여,60세,경상