사고번호,사고일시,요일,시군구,사고내용,사망자수,중상자수,경상자수,부상신고자수,사고유형,법규위반,노면상태,기상상태,도로형태,가해운전자 차종,가해운전자 성별,가해운전자 연령,가해운전자 상해정도,피해운전자 차종,피해운전자 성별,피해운전자 연령,피해운전자 상해정도
2023040300100239,2023년 4월 3일 13시,월요일,경기도 수원시 영통구 원천동,중상사고,0,1,6,0,차대차 - 측면충돌,안전거리미확보,건조,맑음,교차로 - 교차로안,승용,여,65세,상해없음,승합,남,52세,경상
2023040300100344,2023년 4월 3일 16시,월요일,경기도 수원시 팔달구 인계동,중상사고,0,1,0,0,차대차 - 측면충돌,교차로운행방법위반,건조,맑음,교차로 - 교차로안,화물,남,50세,상해없음,이륜,남,72세,중상
2023040300100386,2023년 4월 3일 17시,월요일,경기도 수원시 장안구 정자동,중상사고,0,1,0,0,차대차 - 측면충돌,안전운전불이행,건조,맑음,교차로 - 교차로부근,승용,남,46세,상해없음,자전거,남,21세,중상
2023040300100393,2023년 4월 3일 17시,월요일,경기도 수원시 영통구 망포동,경상사고,0,0,2,0,차대차 - 정면충돌,신호위반,건조,맑음,단일로 - 기타,승용,남,28세,경상,승용,여,50세,경상
2023040300100395,2023년 4월 3일 17시,월요일,경기도 수원시 권선구 오목천동,경상사고,0,0,1,0,차대사람 - 횡단중,보행자보호의무위반,건조,맑음,교차로 - 교차로안,승용,남,70세,상해없음,보행자,여,18세,경상
2023040300100446,2023년 4월 3일 18시,월요일,경기도 수원시 팔달구 팔달로1가,경상사고,0,0,1,0,차대사람 - 기타,안전운전불이행,건조,맑음,단일로 - 기타,승합,남,56세,상해없음,보행자,여,30세,경상
2023040300100454,2023년 4월 3일 18시,월요일,경기도 수원시 권선구 오목천동,부상신고사고,0,0,0,1,차대차 - 측면충돌,안전운전불이행,건조,맑음,단일로 - 기타,자전거,남,37세,부상신고,승용,남,40세,상해없음
2023040300100493,2023년 4월 3일 19시,월요일,경기도 수원시 권선구 권선동,경상사고,0,0,1,0,차대차 - 후진중충돌,안전운전불이행,건조,맑음,교차로 - 교차로부근,특수,남,63세,상해없음,이륜,남,21세,경상
2023040300100532,2023년 4월 3일 20시,월요일,경기도 수원시 영통구 영통동,경상사고,0,0,1,0,차대차 - 측면충돌,안전운전불이행,건조,맑음,단일로 - 지하차도(도로)내,승용,남,52세,상해없음,이륜,남,33세,경상
2023040300100533,2023년 4월 3일 20시,월요일,경기도 수원시 권선구 세류동,경상사고,0,0,1,0,차대차 - 측면충돌,신호위반,건조,맑음,단일로 - 터널,승용,여,64세,기타불명,승용,여,29세,경상
2023040300100571,2023년 4월 3일 22시,월요일,경기도 수원시 영통구 이의동,경상사고,0,0,4,0,차대차 - 추돌,안전운전불이행,건조,맑음,교차로 - 교차로부근,승용,남,53세,상해없음,승용,남,69세,경상
2023040300100584,2023년 4월 3일 23시,월요일,경기도 수원시 권선구 고색동,경상사고,0,0,1,0,차대차 - 측면충돌,안전운전불이행,건조,맑음,단일로 - 기타,승용,남,30세,상해없음,승용,여,41세,경상
2023040400100021,2023년 4월 4일 04시,화요일,경기도 수원시 장안구 영화동,경상사고,0,0,1,0,차대사람 - 기타,안전운전불이행,건조,맑음,단일로 - 기타,승용,남,44세,상해없음,보행자,남,58세,경상
2023040400100036,2023년 4월 4일 06시,화요일,경기도 수원시 팔달구 우만동,경상사고,0,0,1,0,차대사람 - 횡단중,보행자보호의무위반,건조,맑음,교차로 - 교차로안,화물,남,59세,상해없음,보행자,여,75세,경상
2023040400100123,2023년 4월 4일 09시,화요일,경기도 수원시 장안구 천천동,경상사고,0,0,1,0,차량단독 - 기타,기타,건조,맑음,단일로 - 기타,승합,남,61세,상해없음,,,,
2023040400100128,2023년 4월 4일 09시,화요일,경기도 수원시 영통구 이의동,경상사고,0,0,1,0,차대차 - 기타,안전거리미확보,건조,맑음,단일로 - 기타,화물,남,41세,상해없음,승합,남,51세,경상
2023040400100153,2023년 4월 4일 10시,화요일,경기도 수원시 권선구 권선동,경상사고,0,0,1,0,차대차 - 측면충돌,안전운전불이행,건조,맑음,교차로 - 교차로부근,승용,여,29세,상해없음,승용,남,25세,경상
2023040400100155,2023년 4월 4일 10시,화요일,경기도 수원시 팔달구 매산로1가,중상사고,0,1,4,0,차대차 - 측면충돌,교차로운행방법위반,젖음/습기,비,교차로 - 교차로부근,승용,남,43세,경상,승용,남,21세,경상
2023040400100178,2023년 4월 4일 11시,화요일,경기도 수원시 권선구 권선동,경상사고,0,0,1,0,차대차 - 추돌,안전운전불이행,건조,맑음,교차로 - 교차로안,승용,남,27세,상해없음,승용,여,54세,경상
2023040400100225,2023년 4월 4일 13시,화요일,경기도 수원시 영통구 이의동,부상신고사고,0,0,0,2,차대차 - 추돌,안전거리미확보,건조,맑음,단일로 - 기타,승용,여,57세,부상신고,승용,남,26세,부상신고
2023040400100355,2023년 4월 4일 17시,화요일,경기도 수원시 권선구 탑동,경상사고,0,0,1,0,차대차 - 기타,안전거리미확보,건조,흐림,교차로 - 교차로부근,승용,여,49세,상해없음,승용,남,39세,경상
2023040400100436,2023년 4월 4일 19시,화요일,경기도 수원시 권선구 세류동,경상사고,0,0,1,0,차대차 - 측면충돌,신호위반,젖음/습기,비,교차로 - 교차로안,승용,여,65세,기타불명,승용,여,54세,경상
2023040400100441,2023년 4월 4일 19시,화요일,경기도 수원시 장안구 조원동,경상사고,0,0,2,0,차대차 - 측면충돌,안전운전불이행,건조,맑음,단일로 - 기타,승용,남,33세,상해없음,승용,남,49세,경상
2023040400100494,2023년 4월 4일 20시,화요일,경기도 수원시 팔달구 고등동,중상사고,0,1,0,0,차대사람 - 기타,신호위반,젖음/습기,비,교차로 - 교차로횡단보도내,이륜,남,30세,상해없음,보행자,남,22세,중상
2023040400100546,2023년 4월 4일 21시,화요일,경기도 수원시 장안구 천천동,중상사고,0,1,0,0,차대차 - 기타,안전운전불이행,젖음/습기,비,교차로 - 교차로안,승용,남,52세,상해없음,자전거,남,31세,중상
2023040400100554,2023년 4월 4일 21시,화요일,경기도 수원시 영통구 원천동,경상사고,0,0,1,0,차대차 - 기타,안전거리미확보,젖음/습기,비,교차로 - 교차로부근,승용,여,52세,상해없음,승용,남,61세,상해없음
2023040400100556,2023년 4월 4일 21시,화요일,경기도 수원시 권선구 고색동,중상사고,0,2,0,0,차대차 - 정면충돌,중앙선침범,젖음/습기,비,단일로 - 기타,화물,남,67세,상해없음,승용,여,49세,중상
2023040400100557,2023년 4월 4일 21시,화요일,경기도 수원시 팔달구 고등동,경상사고,0,0,1,0,차대차 - 기타,안전운전불이행,젖음/습기,비,기타 - 기타,화물,남,43세,상해없음,승용,여,30세,경상
2023040400100602,2023년 4월 4일 22시,화요일,경기도 수원시 권선구 세류동,중상사고,0,1,2,0,차대차 - 측면충돌,신호위반,젖음/습기,비,교차로 - 교차로안,승용,남,29세,경상,이륜,남,62세,중상
2023040400100603,2023년 4월 4일 22시,화요일,경기도 수원시 팔달구 인계동,경상사고,0,0,1,0,차대차 - 추돌,안전운전불이행,젖음/습기,비,단일로 - 기타,화물,남,52세,상해없음,승용,남,39세,경상
2023040500100028,2023년 4월 5일 01시,수요일,경기도 수원시 장안구 송죽동,중상사고,0,1,0,0,차대차 - 추돌,안전거리미확보,젖음/습기,비,단일로 - 기타,승용,남,34세,상해없음,승합,남,54세,상해없음
2023040500100037,2023년 4월 5일 02시,수요일,경기도 수원시 장안구 연무동,중상사고,0,1,0,0,차대차 - 추돌,신호위반,젖음/습기,비,교차로 - 교차로안,승용,남,60세,상해없음,화물,남,70세,중상
2023040500100038,2023년 4월 5일 02시,수요일,경기도 수원시 장안구 연무동,중상사고,0,1,1,0,차대차 - 정면충돌,신호위반,젖음/습기,비,교차로 - 교차로안,이륜,남,49세,중상,승용,남,58세,경상
2023040500100039,2023년 4월 5일 02시,수요일,경기도 수원시 영통구 매탄동,중상사고,0,1,1,0,차대차 - 측면충돌,신호위반,젖음/습기,비,기타 - 기타,승용,남,19세,상해없음,승용,남,58세,중상
2023040500100065,2023년 4월 5일 05시,수요일,경기도 수원시 팔달구 화서동,중상사고,0,1,0,0,차대사람 - 횡단중,교차로운행방법위반,젖음/습기,비,교차로 - 교차로안,승용,남,63세,상해없음,보행자,남,66세,중상
2023040500100068,2023년 4월 5일 05시,수요일,경기도 수원시 팔달구 매산로2가,부상신고사고,0,0,0,1,차대사람 - 기타,안전운전불이행,젖음/습기,비,교차로 - 교차로부근,승용,남,73세,상해없음,보행자,남,47세,부상신고
2023040500100106,2023년 4월 5일 07시,수요일,경기도 수원시 영통구 이의동,경상사고,0,0,2,0,차대차 - 측면충돌,안전운전불이행,건조,맑음,단일로 - 기타,승합,남,29세,상해없음,승용,여,73세,경상
2023040500100130,2023년 4월 5일 08시,수요일,경기도 수원시 팔달구 인계동,경상사고,0,0,1,0,차대차 - 측면충돌,안전운전불이행,젖음/습기,비,교차로 - 교차로안,승용,여,36세,상해없음,승용,남,57세,경상
2023040500100160,2023년 4월 5일 09시,수요일,경기도 수원시 영통구 이의동,경상사고,0,0,1,0,차대차 - 측면충돌,안전운전불이행,젖음/습기,비,교차로 - 교차로안,화물,남,53세,상해없음,승용,여,41세,경상
2023040500100213,2023년 4월 5일 11시,수요일,경기도 수원시 권선구 권선동,경상사고,0,0,2,0,차대차 - 추돌,안전운전불이행,젖음/습기,비,단일로 - 기타,승용,여,54세,상해없음,승용,남,56세,경상
2023040500100281,2023년 4월 5일 13시,수요일,경기도 수원시 팔달구 매교동,경상사고,0,0,1,0,차대차 - 정면충돌,안전운전불이행,젖음/습기,비,기타 - 기타,승용,여,57세,상해없음,이륜,남,40세,경상
2023040500100302,2023년 4월 5일 14시,수요일,경기도 수원시 팔달구 화서동,부상신고사고,0,0,0,1,차대차 - 기타,안전운전불이행,젖음/습기,맑음,교차로 - 교차로안,이륜,남,45세,부상신고,승용,남,66세,상해없음
2023040500100339,2023년 4월 5일 15시,수요일,경기도 수원시 영통구 망포동,경상사고,0,0,3,0,차대차 - 정면충돌,중앙선침범,건조,맑음,교차로 - 교차로부근,승용,여,64세,상해없음,승합,남,30세,경상
2023040500100400,2023년 4월 5일 17시,수요일,경기도 수원시 영통구 영통동,경상사고,0,0,1,0,차대사람 - 기타,안전운전불이행,건조,맑음,단일로 - 기타,승용,여,39세,상해없음,보행자,남,65세,경상
2023040500100402,2023년 4월 5일 17시,수요일,경기도 수원시 권선구 세류동,경상사고,0,0,1,0,차대사람 - 기타,신호위반,젖음/습기,비,단일로 - 기타,이륜,남,62세,상해없음,보행자,남,37세,경상
2023040500100433,2023년 4월 5일 18시,수요일,경기도 수원시 팔달구 교동,경상사고,0,0,3,0,차대차 - 추돌,안전운전불이행,젖음/습기,비,단일로 - 기타,승용,남,53세,상해없음,승용,남,65세,경상
2023040500100472,2023년 4월 5일 19시,수요일,경기도 수원시 장안구 영화동,경상사고,0,0,2,0,차대차 - 기타,신호위반,젖음/습기,비,단일로 - 기타,이륜,남,55세,상해없음,승용,여,27세,경상
2023040500100478,2023년 4월 5일 19시,수요일,경기도 수원시 권선구 권선동,경상사고,0,0,1,0,차량단독 - 기타,안전운전불이행,젖음/습기,흐림,단일로 - 기타,승합,남,56세,상해없음,,,,
2023040500100479,2023년 4월 5일 19시,수요일,경기도 수원시 권선구 구운동,경상사고,0,0,1,0,차대사람 - 기타,안전운전불이행,건조,맑음,단일로 - 기타,승합,남,57세,상해없음,보행자,남,55세,경상
2023040500100519,2023년 4월 5일 20시,수요일,경기도 수원시 장안구 영화동,중상사고,0,1,0,0,차대사람 - 기타,보행자보호의무위반,젖음/습기,비,교차로 - 교차로횡단보도내,승합,남,72세,상해없음,보행자,남,39세,중상
2023040500100618,2023년 4월 5일 23시,수요일,경기도 수원시 팔달구 인계동,중상사고,0,1,0,0,차대사람 - 기타,기타,건조,맑음,교차로 - 교차로횡단보도내,승용,남,63세,상해없음,보행자,남,26세,중상
2023040600100047,2023년 4월 6일 06시,목요일,경기도 수원시 팔달구 우만동,경상사고,0,0,1,0,차대사람 - 기타,신호위반,젖음/습기,비,교차로 - 교차로횡단보도내,이륜,남,68세,상해없음,보행자,여,70세,경상
2023040600100081,2023년 4월 6일 08시,목요일,경기도 수원시 팔달구 팔달로2가,중상사고,0,1,0,0,차대사람 - 기타,안전운전불이행,젖음/습기,비,기타 - 기타,개인형이동수단(PM),남,18세,상해없음,보행자,여,49세,중상
2023040600100229,2023년 4월 6일 14시,목요일,경기도 수원시 장안구 정자동,경상사고,0,0,1,0,차대차 - 기타,기타,건조,맑음,단일로 - 기타,승용,남,65세,상해없음,이륜,남,22세,경상
2023040600100230,2023년 4월 6일 14시,목요일,경기도 수원시 팔달구 지동,중상사고,0,1,0,0,차대사람 - 횡단중,안전운전불이행,건조,맑음,단일로 - 교량,승용,여,48세,상해없음,보행자,여,62세,중상
2023040600100238,2023년 4월 6일 14시,목요일,경기도 수원시 권선구 서둔동,경상사고,0,0,2,0,차대차 - 추돌,안전운전불이행,젖음/습기,흐림,교차로 - 교차로부근,승용,남,55세,경상,승용,여,56세,경상
2023040600100239,2023년 4월 6일 14시,목요일,경기도 수원시 영통구 이의동,경상사고,0,0,1,0,차대차 - 기타,신호위반,젖음/습기,흐림,기타 - 기타,승용,남,25세,상해없음,승용,남,24세,경상
2023040600100329,2023년 4월 6일 17시,목요일,경기도 수원시 장안구 파장동,경상사고,0,0,1,0,차대차 - 기타,신호위반,건조,맑음,교차로 - 교차로안,승합,남,64세,상해없음,자전거,여,64세,경상
2023040600100333,2023년 4월 6일 17시,목요일,경기도 수원시 영통구 원천동,경상사고,0,0,1,0,차대차 - 기타,직진우회전진행방해,건조,맑음,교차로 - 교차로안,이륜,남,50세,경상,승용,남,46세,상해없음
2023040600100373,2023년 4월 6일 18시,목요일,경기도 수원시 영통구 원천동,경상사고,0,0,1,0,차대사람 - 기타,안전운전불이행,건조,맑음,단일로 - 기타,승용,남,74세,상해없음,보행자,남,38세,경상
2023040600100377,2023년 4월 6일 18시,목요일,경기도 수원시 권선구 평동,경상사고,0,0,1,0,차대차 - 측면충돌,안전운전불이행,젖음/습기,흐림,단일로 - 기타,승용,여,31세,상해없음,승용,남,34세,경상
2023040600100415,2023년 4월 6일 19시,목요일,경기도 수원시 장안구 정자동,중상사고,0,1,1,0,차대차 - 측면충돌,신호위반,젖음/습기,비,교차로 - 교차로안,이륜,남,53세,중상,이륜,남,49세,경상
2023040600100519,2023년 4월 6일 22시,목요일,경기도 수원시 영통구 매탄동,중상사고,0,1,0,0,차대차 - 기타,교차로운행방법위반,젖음/습기,맑음,교차로 - 교차로안,이륜,남,29세,상해없음,이륜,남,43세,중상
2023040700100029,2023년 4월 7일 03시,금요일,경기도 수원시 장안구 정자동,중상사고,0,1,0,0,차대사람 - 횡단중,안전운전불이행,건조,흐림,단일로 - 기타,승용,남,73세,상해없음,보행자,남,24세,중상
2023040700100067,2023년 4월 7일 07시,금요일,경기도 수원시 권선구 호매실동,경상사고,0,0,2,0,차대차 - 측면충돌,신호위반,건조,맑음,교차로 - 교차로안,승용,여,58세,상해없음,승합,남,43세,경상
2023040700100068,2023년 4월 7일 07시,금요일,경기도 수원시 권선구 구운동,경상사고,0,0,1,0,차대차 - 추돌,안전운전불이행,건조,맑음,교차로 - 교차로안,승용,남,31세,상해없음,승합,남,46세,경상
2023040700100262,2023년 4월 7일 13시,금요일,경기도 수원시 장안구 연무동,경상사고,0,0,1,0,차대사람 - 기타,안전운전불이행,건조,맑음,단일로 - 기타,승용,남,30세,상해없음,보행자,여,60세,경상
2023040700100294,2023년 4월 7일 14시,금요일,경기도 수원시 장안구 조원동,경상사고,0,0,1,0,차대차 - 추돌,안전운전불이행,건조,맑음,단일로 - 기타,화물,남,33세,상해없음,승용,남,50세,경상
2023040700100299,2023년 4월 7일 14시,금요일,경기도 수원시 권선구 권선동,경상사고,0,0,1,0,차대차 - 기타,안전운전불이행,건조,맑음,단일로 - 기타,화물,남,67세,상해없음,승용,남,59세,상해없음
2023040700100342,2023년 4월 7일 15시,금요일,경기도 수원시 권선구 서둔동,중상사고,0,1,0,0,차대사람 - 기타,안전운전불이행,건조,맑음,기타 - 기타,승용,남,27세,상해없음,보행자,남,49세,중상
2023040700100391,2023년 4월 7일 16시,금요일,경기도 수원시 영통구 이의동,경상사고,0,0,4,0,차대차 - 기타,안전거리미확보,건조,맑음,단일로 - 기타,승용,남,31세,기타불명,승용,남,40세,경상
2023040700100440,2023년 4월 7일 17시,금요일,경기도 수원시 장안구 천천동,경상사고,0,0,2,0,차대차 - 기타,안전운전불이행,건조,맑음,단일로 - 기타,승용,남,47세,상해없음,승용,남,51세,경상
2023040700100451,2023년 4월 7일 17시,금요일,경기도 수원시 권선구 구운동,중상사고,0,1,0,0,차대차 - 추돌,안전거리미확보,건조,맑음,교차로 - 교차로부근,화물,남,74세,상해없음,승용,여,50세,중상
2023040700100505,2023년 4월 7일 18시,금요일,경기도 수원시 권선구 오목천동,경상사고,0,0,1,0,차대차 - 측면충돌,안전운전불이행,건조,맑음,교차로 - 교차로부근,화물,남,59세,상해없음,자전거,남,25세,경상
2023040700100544,2023년 4월 7일 19시,금요일,경기도 수원시 팔달구 고등동,경상사고,0,0,1,0,차대사람 - 횡단중,안전운전불이행,건조,맑음,교차로 - 교차로횡단보도내,자전거,남,63세,상해없음,보행자,여,63세,경상
2023040700100590,2023년 4월 7일 20시,금요일,경기도 수원시 영통구 이의동,경상사고,0,0,2,0,차대차 - 측면충돌,신호위반,건조,맑음,교차로 - 교차로안,이륜,남,41세,상해없음,승합,남,61세,경상
2023040700100682,2023년 4월 7일 23시,금요일,경기도 수원시 장안구 파장동,경상사고,0,0,1,0,차대차 - 측면충돌,신호위반,건조,맑음,교차로 - 교차로안,승용,남,26세,상해없음,승합,남,55세,경상
2023040800100082,2023년 4월 8일 08시,토요일,경기도 수원시 팔달구 우만동,경상사고,0,0,1,0,차대차 - 기타,안전거리미확보,건조,맑음,단일로 - 기타,화물,남,60세,상해없음,승용,남,47세,경상
2023040800100130,2023년 4월 8일 10시,토요일,경기도 수원시 장안구 파장동,중상사고,0,1,2,0,차대차 - 기타,교차로운행방법위반,건조,맑음,교차로 - 교차로안,승용,여,56세,상해없음,승용,여,44세,중상
2023040800100168,2023년 4월 8일 11시,토요일,경기도 수원시 영통구 매탄동,경상사고,0,0,1,0,차대차 - 측면충돌,안전운전불이행,건조,맑음,단일로 - 기타,승용,남,54세,상해없음,승용,남,47세,상해없음
2023040800100214,2023년 4월 8일 12시,토요일,경기도 수원시 권선구 세류동,경상사고,0,0,1,0,차대차 - 추돌,안전운전불이행,건조,맑음,교차로 - 교차로부근,승용,남,75세,상해없음,자전거,남,32세,경상
2023040800100215,2023년 4월 8일 12시,토요일,경기도 수원시 영통구 매탄동,경상사고,0,0,1,0,차대차 - 기타,안전운전불이행,건조,맑음,교차로 - 교차로부근,승용,여,67세,상해없음,자전거,남,27세,경상
2023040800100218,2023년 4월 8일 12시,토요일,경기도 수원시 권선구 호매실동,경상사고,0,0,5,0,차대차 - 기타,안전운전불이행,건조,맑음,교차로 - 교차로안,승용,남,49세,상해없음,화물,남,47세,경상
2023040800100261,2023년 4월 8일 13시,토요일,경기도 수원시 장안구 영화동,부상신고사고,0,0,0,1,차대차 - 기타,직진우회전진행방해,건조,맑음,교차로 - 교차로안,승용,여,30세,상해없음,승용,여,42세,부상신고
2023040800100367,2023년 4월 8일 16시,토요일,경기도 수원시 장안구 정자동,경상사고,0,0,3,0,차대차 - 측면충돌,신호위반,건조,맑음,교차로 - 교차로안,승합,남,61세,상해없음,승용,여,35세,경상
2023040800100368,2023년 4월 8일 16시,토요일,경기도 수원시 장안구 영화동,경상사고,0,0,1,0,차대차 - 추돌,안전운전불이행,건조,맑음,교차로 - 교차로부근,승용,여,53세,상해없음,승용,남,28세,경상
2023040800100487,2023년 4월 8일 19시,토요일,경기도 수원시 팔달구 화서동,경상사고,0,0,1,0,차대차 - 기타,신호위반,건조,맑음,교차로 - 교차로안,승용,남,55세,상해없음,이륜,남,45세,경상
2023040800100489,2023년 4월 8일 19시,토요일,경기도 수원시 팔달구 인계동,경상사고,0,0,1,0,차대차 - 측면충돌,교차로운행방법위반,건조,맑음,교차로 - 교차로안,승용,남,58세,상해없음,이륜,남,44세,경상
2023040800100598,2023년 4월 8일 23시,토요일,경기도 수원시 영통구 원천동,경상사고,0,0,1,0,차대차 - 추돌,안전운전불이행,건조,맑음,교차로 - 교차로안,이륜,남,31세,상해없음,이륜,남,31세,경상
2023040900100004,2023년 4월 9일 00시,일요일,경기도 수원시 권선구 평동,중상사고,0,1,1,0,차대사람 - 기타,안전운전불이행,건조,맑음,단일로 - 고가도로위,이륜,남,22세,중상,보행자,남,37세,경상
2023040900100061,2023년 4월 9일 08시,일요일,경기도 수원시 장안구 영화동,경상사고,0,0,1,0,차대차 - 추돌,안전운전불이행,건조,맑음,단일로 - 기타,승용,남,25세,상해없음,승용,남,61세,경상
2023040900100178,2023년 4월 9일 13시,일요일,경기도 수원시 권선구 서둔동,경상사고,0,0,1,0,차대차 - 추돌,안전거리미확보,건조,맑음,교차로 - 교차로부근,승용,여,25세,상해없음,승용,남,34세,경상
2023040900100247,2023년 4월 9일 15시,일요일,경기도 수원시 권선구 세류동,경상사고,0,0,1,0,차대차 - 후진중충돌,안전운전불이행,건조,맑음,교차로 - 교차로안,승용,남,57세,상해없음,승용,남,47세,경상
2023040900100312,2023년 4월 9일 17시,일요일,경기도 수원시 장안구 영화동,경상사고,0,0,1,0,차대차 - 후진중충돌,안전운전불이행,건조,맑음,단일로 - 기타,화물,남,62세,상해없음,승용,남,32세,경상
2023040900100426,2023년 4월 9일 22시,일요일,경기도 수원시 팔달구 인계동,중상사고,0,2,1,0,차대차 - 기타,기타,건조,맑음,단일로 - 기타,승용,남,28세,경상,이륜,남,31세,중상
2023040900100427,2023년 4월 9일 22시,일요일,경기도 수원시 권선구 권선동,경상사고,0,0,3,0,차대차 - 기타,안전거리미확보,건조,맑음,단일로 - 지하차도(도로)내,승용,남,30세,상해없음,승용,여,24세,경상
2023041000100001,2023년 4월 10일 00시,월요일,경기도 수원시 장안구 하광교동,경상사고,0,0,2,0,차대차 - 측면충돌,신호위반,건조,맑음,교차로 - 교차로안,승용,남,18세,기타불명,승용,남,28세,경상
2023041000100002,2023년 4월 10일 00시,월요일,경기도 수원시 장안구 조원동,부상신고사고,0,0,0,1,차대사람 - 길가장자리구역통행중,안전운전불이행,건조,맑음,단일로 - 기타,승용,여,53세,상해없음,보행자,남,59세,부상신고
2023041000100073,2023년 4월 10일 08시,월요일,경기도 수원시 권선구 호매실동,경상사고,0,0,1,0,차대차 - 추돌,안전운전불이행,건조,맑음,교차로 - 교차로부근,승용,남,59세,상해없음,승용,여,44세,경상
2023041000100131,2023년 4월 10일 10시,월요일,경기도 수원시 장안구 연무동,경상사고,0,0,1,0,차대차 - 추돌,안전운전불이행,건조,맑음,교차로 - 교차로부근,승용,여,54세,상해없음,승용,남,23세,경상
2023041000100186,2023년 4월 10일 12시,월요일,경기도 수원시 장안구 영화동,경상사고,0,0,1,1,차대차 - 후진중충돌,불법유턴,건조,맑음,단일로 - 기타,화물,남,71세,부상신고,이륜,남,28세,경상
2023041000100187,2023년 4월 10일 12시,월요일,경기도 수원시 장안구 송죽동,경상사고,0,0,1,0,차대사람 - 기타,안전운전불이행,건조,맑음,단일로 - 기타,자전거,남,66세,기타불명,보행자,남,52세,경상
2023041000100191,2023년 4월 10일 12시,월요일,경기도 수원시 권선구 세류동,경상사고,0,0,1,0,차대사람 - 횡단중,보행자보호의무위반,건조,맑음,단일로 - 기타,자전거,남,60세,상해없음,보행자,여,82세,경상
2023041000100193,2023년 4월 10일 12시,월요일,경기도 수원시 권선구 금곡동,부상신고사고,0,0,0,1,차대차 - 측면충돌,차로위반,건조,맑음,단일로 - 기타,승용,여,34세,상해없음,이륜,남,41세,부상신고
2023041000100194,2023년 4월 10일 12시,월요일,경기도 수원시 팔달구 고등동,경상사고,0,0,1,0,차대사람 - 기타,안전운전불이행,건조,맑음,단일로 - 기타,승용,여,27세,상해없음,보행자,남,75세,경상
2023041000100222,2023년 4월 10일 13시,월요일,경기도 수원시 권선구 탑동,경상사고,0,0,1,0,차대차 - 측면충돌,신호위반,건조,맑음,교차로 - 교차로안,승용,여,34세,상해없음,승용,여,41세,경상
2023041000100287,2023년 4월 10일 15시,월요일,경기도 수원시 팔달구 화서동,경상사고,0,0,2,0,차대차 - 측면충돌,안전거리미확보,건조,맑음,단일로 - 기타,승용,여,52세,경상,승용,남,61세,경상
2023041000100294,2023년 4월 10일 15시,월요일,경기도 수원시 영통구 이의동,경상사고,0,0,2,0,차대차 - 기타,신호위반,건조,맑음,단일로 - 지하차도(도로)내,승합,남,68세,상해없음,승용,남,29세,경상
2023041000100295,2023년 4월 10일 15시,월요일,경기도 수원시 영통구 이의동,경상사고,0,0,1,0,차대차 - 측면충돌,안전거리미확보,건조,맑음,단일로 - 기타,승용,남,63세,상해없음,화물,남,50세,경상
2023041000100327,2023년 4월 10일 16시,월요일,경기도 수원시 영통구 원천동,경상사고,0,0,1,0,차대차 - 측면충돌,직진우회전진행방해,건조,맑음,교차로 - 교차로안,승용,여,54세,상해없음,이륜,남,27세,경상
2023041000100328,2023년 4월 10일 16시,월요일,경기도 수원시 권선구 고색동,경상사고,0,0,1,0,차대차 - 정면충돌,신호위반,건조,맑음,교차로 - 교차로부근,승용,여,55세,상해없음,원동기,남,82세,경상
2023041000100466,2023년 4월 10일 19시,월요일,경기도 수원시 영통구 영통동,경상사고,0,0,4,0,차대차 - 추돌,안전운전불이행,건조,맑음,단일로 - 기타,화물,남,32세,상해없음,승합,여,61세,경상
2023041000100468,2023년 4월 10일 19시,월요일,경기도 수원시 권선구 고색동,경상사고,0,0,1,0,차대차 - 측면충돌,안전운전불이행,건조,맑음,교차로 - 교차로안,이륜,남,28세,경상,승용,남,47세,상해없음
2023041000100504,2023년 4월 10일 21시,월요일,경기도 수원시 영통구 영통동,경상사고,0,0,1,0,차대사람 - 횡단중,보행자보호의무위반,건조,맑음,교차로 - 교차로횡단보도내,승용,여,25세,상해없음,보행자,남,25세,경상
2023041000100505,2023년 4월 10일 21시,월요일,경기도 수원시 영통구 망포동,경상사고,0,0,1,0,차대사람 - 기타,안전운전불이행,건조,맑음,교차로 - 교차로횡단보도내,승용,남,58세,상해없음,보행자,남,58세,경상
2023041000100508,2023년 4월 10일 21시,월요일,경기도 수원시 권선구 구운동,경상사고,0,0,1,0,차대사람 - 길가장자리구역통행중,안전운전불이행,건조,맑음,기타 - 기타,승합,남,63세,상해없음,보행자,남,66세,경상
2023041100100002,2023년 4월 11일 00시,화요일,경기도 수원시 권선구 권선동,경상사고,0,0,1,0,차대차 - 측면충돌,신호위반,건조,맑음,교차로 - 교차로안,이륜,남,53세,상해없음,이륜,남,29세,경상
2023041100100026,2023년 4월 11일 05시,화요일,경기도 수원시 영통구 망포동,중상사고,0,1,0,0,차대사람 - 횡단중,안전운전불이행,건조,맑음,교차로 - 교차로부근,승용,남,64세,상해없음,보행자,여,55세,중상
2023041100100032,2023년 4월 11일 06시,화요일,경기도 수원시 팔달구 화서동,경상사고,0,0,2,0,차대차 - 추돌,안전운전불이행,건조,맑음,단일로 - 기타,승용,남,67세,상해없음,승합,여,62세,경상