사고번호,사고일시,요일,시군구,사고내용,사망자수,중상자수,경상자수,부상신고자수,사고유형,법규위반,노면상태,기상상태,도로형태,가해운전자 차종,가해운전자 성별,가해운전자 연령,가해운전자 상해정도,피해운전자 차종,피해운전자 성별,피해운전자 연령,피해운전자 상해정도
2023042000100030,2023년 4월 20일 03시,목요일,경기도 수원시 권선구 세류동,중상사고,0,1,2,0,차대차 - 추돌,안전운전불이행,건조,맑음,교차로 - 교차로부근,승용,남,29세,상해없음,승용,남,18세,경상
2023042000100096,2023년 4월 20일 08시,목요일,경기도 수원시 영통구 원천동,경상사고,0,0,1,0,차대차 - 기타,교차로운행방법위반,건조,맑음,교차로 - 교차로안,승용,남,42세,상해없음,승용,여,27세,경상
2023042000100320,2023년 4월 20일 15시,목요일,경기도 수원시 장안구 정자동,경상사고,0,0,1,0,차대사람 - 기타,안전운전불이행,건조,맑음,단일로 - 기타,승용,여,46세,상해없음,보행자,여,83세,경상
2023042000100522,2023년 4월 20일 20시,목요일,경기도 수원시 팔달구 화서동,경상사고,0,0,1,0,차대사람 - 기타,안전운전불이행,건조,맑음,단일로 - 기타,승용,남,68세,상해없음,보행자,남,47세,경상
2023042000100526,2023년 4월 20일 20시,목요일,경기도 수원시 팔달구 인계동,경상사고,0,0,1,0,차대차 - 측면충돌,안전거리미확보,건조,맑음,단일로 - 기타,승용,여,50세,상해없음,이륜,남,50세,경상
2023042000100552,2023년 4월 20일 21시,목요일,경기도 수원시 영통구 영통동,경상사고,0,0,1,0,차대차 - 측면충돌,안전거리미확보,건조,맑음,단일로 - 기타,승용,남,48세,상해없음,승용,여,43세,경상
2023042100100005,2023년 4월 21일 00시,금요일,경기도 수원시 장안구 조원동,중상사고,0,1,0,0,차대차 - 기타,안전운전불이행,건조,맑음,단일로 - 기타,승용,남,69세,중상,특수,남,56세,기타불명
2023042100100006,2023년 4월 21일 00시,금요일,경기도 수원시 팔달구 우만동,경상사고,0,0,1,0,차대차 - 기타,교차로운행방법위반,건조,맑음,교차로 - 교차로안,승용,남,22세,기타불명,승용,남,28세,경상
2023042100100126,2023년 4월 21일 09시,금요일,경기도 수원시 팔달구 고등동,경상사고,0,0,1,0,차대차 - 기타,안전운전불이행,건조,맑음,단일로 - 기타,승용,남,31세,상해없음,개인형이동수단(PM),여,50세,경상
2023042100100161,2023년 4월 21일 10시,금요일,경기도 수원시 장안구 영화동,경상사고,0,0,1,0,차대차 - 측면충돌,안전거리미확보,건조,맑음,기타 - 기타,승용,남,57세,상해없음,승용,남,33세,경상
2023042100100170,2023년 4월 21일 10시,금요일,경기도 수원시 권선구 탑동,경상사고,0,0,1,0,차대차 - 기타,교차로운행방법위반,건조,맑음,교차로 - 교차로안,승용,여,57세,상해없음,승용,여,50세,경상
2023042100100192,2023년 4월 21일 11시,금요일,경기도 수원시 권선구 호매실동,경상사고,0,0,1,0,차대차 - 측면충돌,안전거리미확보,건조,맑음,단일로 - 기타,승용,여,57세,상해없음,승용,여,42세,경상
2023042100100222,2023년 4월 21일 12시,금요일,경기도 수원시 권선구 세류동,경상사고,0,0,1,0,차대차 - 측면충돌,안전운전불이행,건조,맑음,단일로 - 지하차도(도로)내,기타불명,남,61세,상해없음,자전거,남,78세,경상
2023042100100256,2023년 4월 21일 13시,금요일,경기도 수원시 영통구 이의동,경상사고,0,0,1,0,차대차 - 추돌,안전운전불이행,건조,맑음,단일로 - 지하차도(도로)내,승용,남,60세,상해없음,승용,남,69세,상해없음
2023042100100257,2023년 4월 21일 13시,금요일,경기도 수원시 권선구 세류동,경상사고,0,0,1,0,차량단독 - 기타,안전운전불이행,건조,맑음,단일로 - 기타,승합,남,61세,상해없음,,,,
2023042100100258,2023년 4월 21일 13시,금요일,경기도 수원시 권선구 고색동,경상사고,0,0,1,0,차대차 - 측면충돌,안전거리미확보,건조,맑음,교차로 - 교차로안,자전거,남,25세,상해없음,자전거,남,77세,경상
2023042100100284,2023년 4월 21일 14시,금요일,경기도 수원시 장안구 영화동,경상사고,0,0,1,0,차대차 - 정면충돌,신호위반,건조,맑음,교차로 - 교차로안,원동기,남,81세,상해없음,자전거,남,53세,경상
2023042100100285,2023년 4월 21일 14시,금요일,경기도 수원시 팔달구 우만동,경상사고,0,0,1,0,차대차 - 측면충돌,안전거리미확보,건조,맑음,교차로 - 교차로안,승합,남,58세,상해없음,이륜,남,26세,경상
2023042100100417,2023년 4월 21일 17시,금요일,경기도 수원시 장안구 정자동,경상사고,0,0,3,0,차대차 - 측면충돌,안전운전불이행,건조,맑음,교차로 - 교차로안,승용,남,58세,상해없음,승용,남,32세,경상
2023042100100473,2023년 4월 21일 18시,금요일,경기도 수원시 장안구 영화동,경상사고,0,0,1,0,차대차 - 기타,안전운전불이행,건조,맑음,교차로 - 교차로부근,화물,남,23세,상해없음,승용,남,27세,경상
2023042100100484,2023년 4월 21일 18시,금요일,경기도 수원시 영통구 원천동,경상사고,0,0,1,0,차대차 - 기타,안전운전불이행,건조,맑음,단일로 - 기타,승용,여,61세,상해없음,이륜,남,23세,경상
2023042100100485,2023년 4월 21일 18시,금요일,경기도 수원시 영통구 신동,경상사고,0,0,2,0,차대차 - 측면충돌,안전거리미확보,건조,맑음,단일로 - 기타,승용,여,69세,경상,승용,남,72세,경상
2023042100100541,2023년 4월 21일 19시,금요일,경기도 수원시 장안구 정자동,중상사고,0,1,0,0,차대차 - 기타,신호위반,건조,맑음,단일로 - 기타,승용,남,63세,상해없음,자전거,남,12세,중상
2023042100100584,2023년 4월 21일 20시,금요일,경기도 수원시 장안구 송죽동,중상사고,0,1,0,0,차대사람 - 기타,안전운전불이행,건조,맑음,단일로 - 기타,승합,남,61세,상해없음,보행자,여,64세,중상
2023042100100590,2023년 4월 21일 20시,금요일,경기도 수원시 팔달구 인계동,부상신고사고,0,0,0,1,차량단독 - 기타,안전운전불이행,건조,맑음,단일로 - 기타,자전거,남,33세,부상신고,,,,
2023042100100623,2023년 4월 21일 21시,금요일,경기도 수원시 영통구 영통동,경상사고,0,0,1,1,차대차 - 기타,안전운전불이행,건조,맑음,단일로 - 기타,승용,남,72세,부상신고,승용,남,27세,경상
2023042100100626,2023년 4월 21일 21시,금요일,경기도 수원시 권선구 탑동,경상사고,0,0,1,0,차대차 - 기타,안전운전불이행,건조,맑음,단일로 - 기타,승용,남,41세,상해없음,승용,남,44세,경상
2023042200100085,2023년 4월 22일 08시,토요일,경기도 수원시 영통구 영통동,중상사고,0,1,0,0,차대차 - 기타,안전운전불이행,건조,맑음,교차로 - 교차로횡단보도내,승용,여,48세,상해없음,자전거,여,50세,중상
2023042200100120,2023년 4월 22일 10시,토요일,경기도 수원시 장안구 정자동,중상사고,0,1,0,0,차대사람 - 횡단중,안전운전불이행,건조,맑음,교차로 - 교차로부근,승용,여,62세,상해없음,보행자,여,29세,중상
2023042200100192,2023년 4월 22일 12시,토요일,경기도 수원시 권선구 탑동,경상사고,0,0,1,0,차대차 - 측면충돌,교차로운행방법위반,건조,맑음,교차로 - 교차로안,승용,남,56세,상해없음,이륜,남,38세,경상
2023042200100235,2023년 4월 22일 13시,토요일,경기도 수원시 팔달구 팔달로1가,경상사고,0,0,1,0,차대사람 - 기타,안전운전불이행,건조,맑음,단일로 - 기타,승용,남,62세,상해없음,보행자,남,31세,경상
2023042200100236,2023년 4월 22일 13시,토요일,경기도 수원시 장안구 천천동,중상사고,0,1,0,0,차대차 - 기타,안전운전불이행,건조,맑음,단일로 - 기타,승용,남,30세,기타불명,승용,여,30세,중상
2023042200100363,2023년 4월 22일 16시,토요일,경기도 수원시 장안구 조원동,경상사고,0,0,1,0,차대차 - 추돌,안전운전불이행,건조,맑음,교차로 - 교차로부근,승용,여,54세,상해없음,승용,여,50세,경상
2023042200100369,2023년 4월 22일 16시,토요일,경기도 수원시 권선구 호매실동,경상사고,0,0,1,0,차대차 - 추돌,안전운전불이행,건조,맑음,단일로 - 기타,승용,여,68세,상해없음,승용,여,29세,경상
2023042200100400,2023년 4월 22일 17시,토요일,경기도 수원시 권선구 권선동,경상사고,0,0,1,0,차대차 - 측면충돌,안전운전불이행,건조,맑음,단일로 - 기타,승용,남,55세,상해없음,이륜,남,22세,경상
2023042200100481,2023년 4월 22일 19시,토요일,경기도 수원시 장안구 율전동,경상사고,0,0,1,0,차량단독 - 전도전복 - 전도,안전운전불이행,건조,맑음,단일로 - 기타,이륜,남,27세,경상,,,,
2023042200100541,2023년 4월 22일 21시,토요일,경기도 수원시 장안구 파장동,중상사고,0,1,0,0,차대차 - 후진중충돌,중앙선침범,건조,맑음,단일로 - 기타,승용,여,53세,상해없음,이륜,남,54세,중상
2023042200100546,2023년 4월 22일 21시,토요일,경기도 수원시 팔달구 매산로1가,경상사고,0,0,1,0,차대차 - 측면충돌,안전운전불이행,건조,맑음,교차로 - 교차로부근,승용,남,39세,상해없음,승용,남,29세,경상
2023042300100039,2023년 4월 23일 04시,일요일,경기도 수원시 권선구 고색동,중상사고,0,3,1,2,차대차 - 측면충돌,안전운전불이행,건조,맑음,단일로 - 기타,승용,남,24세,경상,승용,남,35세,부상신고
2023042300100092,2023년 4월 23일 10시,일요일,경기도 수원시 장안구 정자동,경상사고,0,0,1,0,차대차 - 정면충돌,안전운전불이행,건조,맑음,교차로 - 교차로부근,승용,남,43세,상해없음,자전거,남,47세,경상
2023042300100095,2023년 4월 23일 10시,일요일,경기도 수원시 권선구 오목천동,경상사고,0,0,1,2,차대차 - 후진중충돌,불법유턴,건조,맑음,주차장 - 주차장,화물,남,47세,상해없음,승용,남,60세,경상
2023042300100167,2023년 4월 23일 13시,일요일,경기도 수원시 영통구 이의동,경상사고,0,0,2,0,차대차 - 측면충돌,안전거리미확보,건조,맑음,교차로 - 교차로안,승합,남,48세,상해없음,승용,남,36세,경상
2023042300100194,2023년 4월 23일 14시,일요일,경기도 수원시 팔달구 팔달로1가,경상사고,0,0,1,0,차대사람 - 기타,기타,건조,맑음,기타 - 기타,승용,남,58세,상해없음,보행자,여,51세,경상
2023042300100255,2023년 4월 23일 16시,일요일,경기도 수원시 권선구 권선동,경상사고,0,0,1,0,차대차 - 측면충돌,신호위반,건조,맑음,교차로 - 교차로횡단보도내,원동기,남,23세,상해없음,자전거,남,66세,경상
2023042400100025,2023년 4월 24일 06시,월요일,경기도 수원시 팔달구 인계동,경상사고,0,0,1,0,차대사람 - 길가장자리구역통행중,안전운전불이행,건조,맑음,교차로 - 교차로안,화물,남,56세,상해없음,보행자,남,22세,경상
2023042400100170,2023년 4월 24일 11시,월요일,경기도 수원시 영통구 망포동,경상사고,0,0,1,1,차대차 - 기타,교차로운행방법위반,건조,맑음,교차로 - 교차로부근,승용,여,40세,부상신고,승용,여,49세,경상
2023042400100172,2023년 4월 24일 11시,월요일,경기도 수원시 권선구 서둔동,경상사고,0,0,1,0,차대차 - 추돌,직진우회전진행방해,건조,맑음,교차로 - 교차로안,이륜,남,63세,상해없음,자전거,남,69세,경상
2023042400100233,2023년 4월 24일 13시,월요일,경기도 수원시 영통구 매탄동,경상사고,0,0,1,0,차대차 - 후진중충돌,안전운전불이행,건조,맑음,교차로 - 교차로부근,화물,남,46세,상해없음,이륜,남,40세,경상
2023042400100330,2023년 4월 24일 16시,월요일,경기도 수원시 권선구 권선동,경상사고,0,0,1,0,차대차 - 측면충돌,불법유턴,건조,맑음,단일로 - 기타,승용,남,59세,상해없음,승용,여,39세,경상
2023042400100363,2023년 4월 24일 17시,월요일,경기도 수원시 영통구 영통동,중상사고,0,1,0,0,차대사람 - 보도통행중,기타,건조,맑음,교차로 - 교차로부근,개인형이동수단(PM),남,23세,상해없음,보행자,여,78세,중상
2023042400100364,2023년 4월 24일 17시,월요일,경기도 수원시 팔달구 인계동,경상사고,0,0,1,0,차대차 - 측면충돌,불법유턴,건조,맑음,교차로 - 교차로안,승용,남,61세,상해없음,승용,남,30세,경상
2023042400100437,2023년 4월 24일 19시,월요일,경기도 수원시 장안구 율전동,경상사고,0,0,1,0,차대차 - 기타,안전운전불이행,건조,맑음,교차로 - 교차로안,승용,남,39세,상해없음,이륜,남,49세,경상
2023042400100438,2023년 4월 24일 19시,월요일,경기도 수원시 권선구 곡반정동,경상사고,0,0,1,0,차대차 - 측면충돌,불법유턴,건조,맑음,단일로 - 기타,승용,남,29세,상해없음,자전거,남,15세,경상
2023042500100003,2023년 4월 25일 00시,화요일,경기도 수원시 영통구 영통동,경상사고,0,0,1,0,차대사람 - 차도통행중,안전운전불이행,건조,맑음,교차로 - 교차로안,승합,남,43세,상해없음,보행자,남,55세,경상
2023042500100021,2023년 4월 25일 03시,화요일,경기도 수원시 영통구 영통동,경상사고,0,0,2,0,차대차 - 측면충돌,안전운전불이행,건조,맑음,단일로 - 기타,승용,남,38세,상해없음,승용,남,62세,경상
2023042500100031,2023년 4월 25일 05시,화요일,경기도 수원시 팔달구 화서동,경상사고,0,0,1,0,차대차 - 정면충돌,중앙선침범,건조,맑음,교차로 - 교차로부근,승용,남,54세,상해없음,이륜,남,25세,경상
2023042500100033,2023년 4월 25일 05시,화요일,경기도 수원시 영통구 원천동,부상신고사고,0,0,0,1,차대차 - 추돌,안전운전불이행,건조,맑음,기타 - 기타,승용,남,66세,상해없음,승용,남,72세,부상신고
2023042500100077,2023년 4월 25일 08시,화요일,경기도 수원시 장안구 정자동,경상사고,0,0,1,0,차대차 - 측면충돌,직진우회전진행방해,건조,맑음,교차로 - 교차로안,승용,여,37세,상해없음,개인형이동수단(PM),남,16세,경상
2023042500100082,2023년 4월 25일 08시,화요일,경기도 수원시 영통구 원천동,경상사고,0,0,1,0,차대차 - 측면충돌,안전운전불이행,건조,맑음,교차로 - 교차로안,화물,남,62세,상해없음,승용,여,29세,경상
2023042500100084,2023년 4월 25일 08시,화요일,경기도 수원시 권선구 서둔동,경상사고,0,0,1,0,차대차 - 기타,안전운전불이행,건조,맑음,교차로 - 교차로횡단보도내,승용,남,62세,상해없음,자전거,남,68세,경상
2023042500100085,2023년 4월 25일 08시,화요일,경기도 수원시 팔달구 매교동,경상사고,0,0,1,0,차대차 - 측면충돌,안전거리미확보,건조,맑음,교차로 - 교차로부근,승용,여,31세,상해없음,승용,여,56세,경상
2023042500100137,2023년 4월 25일 09시,화요일,경기도 수원시 팔달구 매산로2가,경상사고,0,0,1,0,차대차 - 측면충돌,안전거리미확보,젖음/습기,비,교차로 - 교차로안,승용,남,64세,상해없음,승용,여,61세,경상
2023042500100233,2023년 4월 25일 12시,화요일,경기도 수원시 팔달구 매산로1가,중상사고,0,1,0,0,차대차 - 측면충돌,차로위반,건조,맑음,교차로 - 교차로안,승용,남,55세,상해없음,이륜,남,48세,중상
2023042500100310,2023년 4월 25일 14시,화요일,경기도 수원시 권선구 곡반정동,경상사고,0,0,1,0,차대차 - 기타,중앙선침범,건조,맑음,교차로 - 교차로안,승합,남,28세,상해없음,원동기,남,19세,경상
2023042500100311,2023년 4월 25일 14시,화요일,경기도 수원시 팔달구 인계동,경상사고,0,0,1,0,차대차 - 측면충돌,안전운전불이행,건조,맑음,단일로 - 기타,승용,남,26세,상해없음,승용,남,38세,경상
2023042500100339,2023년 4월 25일 15시,화요일,경기도 수원시 팔달구 교동,경상사고,0,0,1,0,차대차 - 측면충돌,안전거리미확보,건조,맑음,교차로 - 교차로부근,승용,남,64세,상해없음,승용,여,60세,경상
2023042500100365,2023년 4월 25일 16시,화요일,경기도 수원시 팔달구 영동,경상사고,0,0,1,0,차대차 - 추돌,안전운전불이행,건조,맑음,단일로 - 기타,승용,남,41세,상해없음,승용,남,53세,경상
2023042500100403,2023년 4월 25일 17시,화요일,경기도 수원시 장안구 영화동,경상사고,0,0,1,0,차대차 - 기타,안전운전불이행,건조,맑음,단일로 - 기타,이륜,남,38세,상해없음,승용,남,38세,경상
2023042500100520,2023년 4월 25일 20시,화요일,경기도 수원시 팔달구 화서동,경상사고,0,0,1,0,차대차 - 후진중충돌,안전운전불이행,건조,맑음,단일로 - 기타,승합,남,68세,상해없음,이륜,남,22세,경상
2023042500100590,2023년 4월 25일 23시,화요일,경기도 수원시 팔달구 화서동,경상사고,0,0,1,0,차대차 - 기타,직진우회전진행방해,건조,맑음,교차로 - 교차로부근,승용,남,48세,상해없음,승용,남,71세,상해없음
2023042500100591,2023년 4월 25일 23시,화요일,경기도 수원시 장안구 율전동,경상사고,0,0,2,0,차대사람 - 기타,안전운전불이행,건조,맑음,교차로 - 교차로부근,원동기,남,17세,기타불명,보행자,여,18세,경상
2023042600100090,2023년 4월 26일 08시,수요일,경기도 수원시 팔달구 매산로1가,경상사고,0,0,3,0,차대차 - 측면충돌,안전거리미확보,건조,맑음,교차로 - 교차로부근,승합,남,58세,상해없음,승용,남,24세,경상
2023042600100154,2023년 4월 26일 10시,수요일,경기도 수원시 권선구 권선동,경상사고,0,0,2,0,차대차 - 추돌,안전운전불이행,건조,맑음,단일로 - 기타,화물,여,50세,상해없음,승용,여,65세,경상
2023042600100217,2023년 4월 26일 12시,수요일,경기도 수원시 권선구 입북동,경상사고,0,0,1,0,차대차 - 기타,안전운전불이행,건조,맑음,단일로 - 기타,건설기계,남,58세,상해없음,승용,여,62세,경상
2023042600100281,2023년 4월 26일 14시,수요일,경기도 수원시 영통구 영통동,중상사고,0,1,0,0,차대사람 - 기타,안전운전불이행,건조,맑음,기타 - 기타,자전거,여,50세,상해없음,보행자,여,74세,중상
2023042600100341,2023년 4월 26일 16시,수요일,경기도 수원시 장안구 정자동,부상신고사고,0,0,0,1,차대사람 - 횡단중,안전운전불이행,건조,맑음,교차로 - 교차로부근,승용,남,48세,상해없음,보행자,여,65세,부상신고
2023042600100444,2023년 4월 26일 18시,수요일,경기도 수원시 장안구 정자동,경상사고,0,0,1,0,차대차 - 기타,안전거리미확보,건조,맑음,단일로 - 기타,승용,남,26세,상해없음,이륜,남,22세,경상
2023042600100492,2023년 4월 26일 19시,수요일,경기도 수원시 팔달구 북수동,경상사고,0,0,1,1,차대차 - 기타,차로위반,건조,맑음,단일로 - 기타,승용,여,59세,경상,승용,남,26세,부상신고
2023042600100495,2023년 4월 26일 19시,수요일,경기도 수원시 영통구 영통동,경상사고,0,0,2,0,차대차 - 측면충돌,안전운전불이행,건조,맑음,단일로 - 기타,승합,남,68세,상해없음,승용,여,46세,경상
2023042600100560,2023년 4월 26일 21시,수요일,경기도 수원시 팔달구 인계동,경상사고,0,0,1,0,차대차 - 기타,교차로운행방법위반,건조,맑음,교차로 - 교차로안,승용,남,55세,상해없음,이륜,남,39세,경상
2023042700100144,2023년 4월 27일 10시,목요일,경기도 수원시 팔달구 우만동,경상사고,0,0,1,0,차대차 - 기타,중앙선침범,건조,맑음,단일로 - 기타,승용,남,70세,상해없음,화물,남,32세,경상
2023042700100161,2023년 4월 27일 11시,목요일,경기도 수원시 권선구 권선동,경상사고,0,0,1,0,차대차 - 측면충돌,신호위반,건조,맑음,교차로 - 교차로안,화물,남,58세,상해없음,승용,남,31세,경상
2023042700100294,2023년 4월 27일 15시,목요일,경기도 수원시 장안구 영화동,경상사고,0,0,1,0,차대차 - 기타,안전거리미확보,건조,맑음,교차로 - 교차로안,승용,남,61세,상해없음,이륜,남,31세,경상
2023042700100350,2023년 4월 27일 16시,목요일,경기도 수원시 영통구 영통동,경상사고,0,0,1,0,차대차 - 측면충돌,안전거리미확보,건조,맑음,교차로 - 교차로안,화물,남,79세,상해없음,승용,여,57세,경상
2023042700100353,2023년 4월 27일 16시,목요일,경기도 수원시 권선구 당수동,경상사고,0,0,2,0,차대차 - 측면충돌,교차로운행방법위반,건조,맑음,교차로 - 교차로안,승용,남,58세,상해없음,승용,남,52세,경상
2023042700100442,2023년 4월 27일 18시,목요일,경기도 수원시 권선구 탑동,중상사고,0,4,0,0,차대차 - 추돌,안전운전불이행,건조,맑음,단일로 - 고가도로위,승용,남,73세,상해없음,승용,여,37세,중상
2023042700100522,2023년 4월 27일 20시,목요일,경기도 수원시 팔달구 인계동,경상사고,0,0,1,0,차대차 - 후진중충돌,안전운전불이행,건조,맑음,단일로 - 지하차도(도로)내,화물,남,57세,상해없음,이륜,남,26세,경상
2023042700100569,2023년 4월 27일 22시,목요일,경기도 수원시 장안구 천천동,중상사고,0,1,0,0,차대차 - 기타,안전거리미확보,건조,맑음,교차로 - 교차로부근,승용,여,51세,상해없음,이륜,남,32세,중상
2023042700100573,2023년 4월 27일 22시,목요일,경기도 수원시 권선구 세류동,경상사고,0,0,1,0,차대차 - 기타,직진우회전진행방해,건조,맑음,교차로 - 교차로안,이륜,남,49세,상해없음,이륜,남,34세,경상
2023042700100592,2023년 4월 27일 23시,목요일,경기도 수원시 장안구 송죽동,경상사고,0,0,1,0,차대차 - 기타,기타,건조,맑음,단일로 - 기타,기타불명,기타불명,미분류,기타불명,승용,남,50세,상해없음
2023042800100016,2023년 4월 28일 01시,금요일,경기도 수원시 권선구 호매실동,경상사고,0,0,1,0,차대차 - 추돌,안전운전불이행,건조,맑음,단일로 - 기타,승용,여,25세,상해없음,화물,남,56세,경상
2023042800100041,2023년 4월 28일 06시,금요일,경기도 수원시 영통구 이의동,경상사고,0,0,1,0,차대사람 - 기타,안전운전불이행,건조,맑음,교차로 - 교차로안,승용,남,36세,상해없음,보행자,남,47세,경상
2023042800100291,2023년 4월 28일 13시,금요일,경기도 수원시 영통구 매탄동,경상사고,0,0,1,0,차대사람 - 차도통행중,안전운전불이행,건조,맑음,단일로 - 지하차도(도로)내,승용,남,78세,상해없음,보행자,여,71세,경상
2023042800100397,2023년 4월 28일 16시,금요일,경기도 수원시 권선구 권선동,경상사고,0,0,1,0,차대차 - 측면충돌,안전거리미확보,건조,맑음,교차로 - 교차로횡단보도내,승용,남,33세,상해없음,이륜,남,26세,경상
2023042800100398,2023년 4월 28일 16시,금요일,경기도 수원시 권선구 권선동,경상사고,0,0,1,0,차대차 - 측면충돌,안전거리미확보,건조,맑음,단일로 - 기타,승용,여,58세,상해없음,승용,남,26세,경상
2023042800100437,2023년 4월 28일 17시,금요일,경기도 수원시 팔달구 화서동,경상사고,0,0,2,0,차대차 - 기타,안전거리미확보,건조,맑음,단일로 - 기타,승용,여,30세,상해없음,승용,남,45세,경상
2023042800100542,2023년 4월 28일 19시,금요일,경기도 수원시 권선구 권선동,경상사고,0,0,1,0,차대차 - 측면충돌,안전운전불이행,건조,맑음,단일로 - 기타,승용,여,39세,상해없음,자전거,남,28세,경상
2023042800100583,2023년 4월 28일 20시,금요일,경기도 수원시 권선구 세류동,경상사고,0,0,1,0,차대차 - 기타,안전운전불이행,건조,맑음,단일로 - 기타,승용,남,43세,상해없음,승용,남,62세,상해없음
2023042800100584,2023년 4월 28일 20시,금요일,경기도 수원시 팔달구 매산로1가,경상사고,0,0,1,2,차대차 - 기타,안전운전불이행,건조,맑음,단일로 - 기타,승용,남,70세,경상,화물,남,50세,상해없음
2023042800100612,2023년 4월 28일 21시,금요일,경기도 수원시 장안구 율전동,경상사고,0,0,1,0,차대차 - 측면충돌,신호위반,건조,맑음,교차로 - 교차로안,승용,여,58세,상해없음,승용,여,44세,경상
2023042800100621,2023년 4월 28일 21시,금요일,경기도 수원시 팔달구 인계동,중상사고,0,1,0,0,차대차 - 측면충돌,신호위반,젖음/습기,비,교차로 - 교차로안,승용,남,28세,상해없음,이륜,남,30세,중상
2023042800100659,2023년 4월 28일 22시,금요일,경기도 수원시 권선구 당수동,경상사고,0,0,1,0,차대차 - 측면충돌,안전운전불이행,젖음/습기,비,교차로 - 교차로안,승용,남,48세,상해없음,승용,남,51세,상해없음
2023042900100022,2023년 4월 29일 01시,토요일,경기도 수원시 권선구 권선동,중상사고,0,1,0,0,차대차 - 측면충돌,교차로운행방법위반,젖음/습기,비,교차로 - 교차로안,승용,남,34세,기타불명,이륜,남,49세,중상
2023042900100023,2023년 4월 29일 01시,토요일,경기도 수원시 팔달구 인계동,경상사고,0,0,1,0,차대사람 - 횡단중,안전운전불이행,건조,맑음,단일로 - 기타,승용,남,18세,상해없음,보행자,남,32세,경상
2023042900100038,2023년 4월 29일 02시,토요일,경기도 수원시 팔달구 매산로1가,경상사고,0,0,1,0,차대차 - 기타,신호위반,젖음/습기,비,교차로 - 교차로횡단보도내,승용,남,67세,상해없음,개인형이동수단(PM),여,24세,경상
2023042900100103,2023년 4월 29일 08시,토요일,경기도 수원시 영통구 망포동,경상사고,0,0,1,0,차대차 - 측면충돌,안전운전불이행,젖음/습기,비,단일로 - 지하차도(도로)내,승용,남,46세,상해없음,승용,여,24세,경상
2023042900100130,2023년 4월 29일 09시,토요일,경기도 수원시 권선구 구운동,경상사고,0,0,1,0,차대사람 - 횡단중,보행자보호의무위반,젖음/습기,비,교차로 - 교차로횡단보도내,승용,남,53세,상해없음,보행자,남,56세,경상
2023042900100210,2023년 4월 29일 12시,토요일,경기도 수원시 팔달구 화서동,경상사고,0,0,1,0,차대차 - 측면충돌,직진우회전진행방해,건조,맑음,교차로 - 교차로부근,이륜,남,53세,경상,승용,남,45세,상해없음
2023042900100213,2023년 4월 29일 12시,토요일,경기도 수원시 영통구 이의동,경상사고,0,0,1,0,차대차 - 기타,교차로운행방법위반,젖음/습기,비,교차로 - 교차로부근,승합,남,49세,상해없음,승용,여,47세,경상
2023042900100292,2023년 4월 29일 14시,토요일,경기도 수원시 영통구 신동,경상사고,0,0,1,0,차대차 - 측면충돌,신호위반,젖음/습기,비,교차로 - 교차로안,승용,여,59세,상해없음,승용,남,42세,경상
2023042900100328,2023년 4월 29일 15시,토요일,경기도 수원시 권선구 구운동,경상사고,0,0,1,0,차대차 - 기타,안전운전불이행,기타,흐림,단일로 - 기타,승용,남,50세,상해없음,이륜,남,35세,경상
2023042900100390,2023년 4월 29일 17시,토요일,경기도 수원시 팔달구 화서동,중상사고,0,1,0,0,차량단독 - 기타,기타,건조,맑음,단일로 - 기타,승합,남,59세,상해없음,,,,
2023042900100423,2023년 4월 29일 18시,토요일,경기도 수원시 장안구 영화동,중상사고,0,2,0,0,차대차 - 측면충돌,교차로운행방법위반,건조,맑음,교차로 - 교차로안,화물,여,54세,상해없음,승용,남,24세,중상
2023042900100450,2023년 4월 29일 19시,토요일,경기도 수원시 권선구 권선동,경상사고,0,0,3,0,차대차 - 후진중충돌,안전운전불이행,건조,맑음,교차로 - 교차로안,승용,남,68세,상해없음,승용,여,32세,경상
2023042900100451,2023년 4월 29일 19시,토요일,경기도 수원시 권선구 금곡동,경상사고,0,0,1,0,차대차 - 측면충돌,안전운전불이행,젖음/습기,흐림,교차로 - 교차로안,개인형이동수단(PM),남,26세,상해없음,이륜,남,44세,경상
2023042900100452,2023년 4월 29일 19시,토요일,경기도 수원시 팔달구 고등동,경상사고,0,0,1,0,차대차 - 측면충돌,안전운전불이행,젖음/습기,흐림,교차로 - 교차로안,승용,남,69세,상해없음,이륜,남,59세,경상
2023042900100476,2023년 4월 29일 20시,토요일,경기도 수원시 팔달구 우만동,중상사고,0,1,0,1,차대차 - 기타,중앙선침범,건조,맑음,단일로 - 기타,승용,남,62세,부상신고,승용,남,54세,중상
2023043000100026,2023년 4월 30일 02시,일요일,경기도 수원시 팔달구 매산로2가,경상사고,0,0,1,0,차대차 - 추돌,안전운전불이행,건조,맑음,단일로 - 기타,승용,여,25세,상해없음,이륜,남,31세,경상