사고번호,사고일시,요일,시군구,사고내용,사망자수,중상자수,경상자수,부상신고자수,사고유형,법규위반,노면상태,기상상태,도로형태,가해운전자 차종,가해운전자 성별,가해운전자 연령,가해운전자 상해정도,피해운전자 차종,피해운전자 성별,피해운전자 연령,피해운전자 상해정도
2023043000100108,2023년 4월 30일 10시,일요일,경기도 수원시 장안구 율전동,경상사고,0,0,1,0,차대차 - 기타,안전운전불이행,건조,맑음,단일로 - 기타,승용,남,83세,상해없음,승용,여,40세,경상
2023043000100187,2023년 4월 30일 13시,일요일,경기도 수원시 팔달구 지동,경상사고,0,0,1,0,차대차 - 기타,안전운전불이행,건조,맑음,단일로 - 기타,승용,여,65세,상해없음,승용,남,43세,경상
2023043000100339,2023년 4월 30일 17시,일요일,경기도 수원시 영통구 이의동,경상사고,0,0,2,0,차대차 - 측면충돌,차로위반,건조,맑음,교차로 - 교차로부근,승용,남,52세,상해없음,승용,남,49세,경상
2023043000100367,2023년 4월 30일 18시,일요일,경기도 수원시 장안구 율전동,경상사고,0,0,1,0,차대차 - 후진중충돌,안전운전불이행,건조,맑음,단일로 - 고가도로위,승용,남,59세,상해없음,승용,남,57세,경상
2023050100100007,2023년 5월 1일 00시,월요일,경기도 수원시 권선구 세류동,경상사고,0,0,1,0,차대차 - 측면충돌,안전운전불이행,건조,맑음,단일로 - 고가도로위,승용,여,25세,상해없음,승용,남,64세,경상
2023050100100014,2023년 5월 1일 01시,월요일,경기도 수원시 팔달구 매산로2가,경상사고,0,0,1,0,차대사람 - 보도통행중,기타,건조,맑음,단일로 - 기타,기타불명,기타불명,미분류,기타불명,보행자,여,24세,경상
2023050100100044,2023년 5월 1일 07시,월요일,경기도 수원시 영통구 영통동,경상사고,0,0,1,0,차대차 - 측면충돌,안전운전불이행,건조,맑음,단일로 - 기타,화물,남,59세,상해없음,승합,남,66세,경상
2023050100100146,2023년 5월 1일 11시,월요일,경기도 수원시 팔달구 남수동,경상사고,0,0,5,0,차대차 - 정면충돌,안전운전불이행,건조,맑음,교차로 - 교차로안,승용,남,30세,경상,승용,남,47세,경상
2023050100100195,2023년 5월 1일 12시,월요일,경기도 수원시 팔달구 우만동,중상사고,0,1,2,0,차대차 - 정면충돌,직진우회전진행방해,건조,맑음,교차로 - 교차로안,이륜,남,57세,중상,승용,남,28세,경상
2023050100100228,2023년 5월 1일 13시,월요일,경기도 수원시 팔달구 우만동,중상사고,0,1,0,0,차대차 - 기타,안전거리미확보,건조,맑음,단일로 - 기타,자전거,여,63세,중상,승용,남,71세,상해없음
2023050100100231,2023년 5월 1일 13시,월요일,경기도 수원시 팔달구 매산로1가,경상사고,0,0,1,0,차대사람 - 차도통행중,안전운전불이행,건조,맑음,단일로 - 기타,화물,남,32세,상해없음,보행자,남,35세,경상
2023050100100267,2023년 5월 1일 14시,월요일,경기도 수원시 팔달구 인계동,중상사고,0,1,0,0,차대사람 - 횡단중,신호위반,건조,맑음,교차로 - 교차로안,이륜,남,18세,상해없음,보행자,여,35세,중상
2023050100100310,2023년 5월 1일 15시,월요일,경기도 수원시 권선구 세류동,경상사고,0,0,1,0,차대차 - 측면충돌,안전운전불이행,건조,맑음,단일로 - 기타,승용,남,46세,상해없음,승용,남,61세,경상
2023050100100411,2023년 5월 1일 17시,월요일,경기도 수원시 권선구 당수동,경상사고,0,0,4,0,차대차 - 추돌,안전운전불이행,건조,맑음,단일로 - 기타,화물,남,66세,상해없음,승용,남,59세,경상
2023050100100451,2023년 5월 1일 18시,월요일,경기도 수원시 권선구 호매실동,중상사고,0,1,1,0,차대차 - 정면충돌,안전운전불이행,건조,맑음,교차로 - 교차로부근,이륜,남,27세,경상,이륜,여,22세,중상
2023050100100452,2023년 5월 1일 18시,월요일,경기도 수원시 권선구 구운동,경상사고,0,0,1,0,차대차 - 추돌,교차로운행방법위반,건조,맑음,교차로 - 교차로안,이륜,남,52세,경상,승합,남,75세,상해없음
2023050100100509,2023년 5월 1일 20시,월요일,경기도 수원시 팔달구 지동,중상사고,0,2,0,0,차대사람 - 기타,안전운전불이행,건조,맑음,교차로 - 교차로안,화물,남,38세,상해없음,보행자,남,33세,중상
2023050100100552,2023년 5월 1일 22시,월요일,경기도 수원시 권선구 권선동,중상사고,0,1,0,0,차대차 - 측면충돌,신호위반,건조,맑음,교차로 - 교차로횡단보도내,이륜,남,24세,상해없음,개인형이동수단(PM),남,17세,중상
2023050200100094,2023년 5월 2일 08시,화요일,경기도 수원시 권선구 호매실동,경상사고,0,0,1,0,차대차 - 측면충돌,안전거리미확보,건조,맑음,기타 - 기타,화물,남,53세,상해없음,승용,여,54세,경상
2023050200100130,2023년 5월 2일 09시,화요일,경기도 수원시 권선구 곡반정동,경상사고,0,0,2,0,차대차 - 추돌,안전운전불이행,건조,맑음,단일로 - 기타,승용,남,69세,상해없음,승용,남,57세,경상
2023050200100169,2023년 5월 2일 10시,화요일,경기도 수원시 권선구 고색동,중상사고,0,1,0,0,차대차 - 기타,직진우회전진행방해,건조,맑음,교차로 - 교차로안,화물,남,44세,상해없음,자전거,여,76세,중상
2023050200100311,2023년 5월 2일 14시,화요일,경기도 수원시 팔달구 북수동,경상사고,0,0,1,0,차대차 - 기타,안전운전불이행,건조,맑음,단일로 - 기타,승용,남,51세,상해없음,승용,여,46세,경상
2023050200100312,2023년 5월 2일 14시,화요일,경기도 수원시 팔달구 지동,경상사고,0,0,1,0,차대사람 - 횡단중,보행자보호의무위반,건조,맑음,교차로 - 교차로횡단보도내,승용,여,31세,상해없음,보행자,남,67세,경상
2023050200100322,2023년 5월 2일 14시,화요일,경기도 수원시 권선구 평동,부상신고사고,0,0,0,3,차대차 - 추돌,안전운전불이행,건조,맑음,단일로 - 교량,화물,남,48세,상해없음,승용,남,34세,부상신고
2023050200100324,2023년 5월 2일 14시,화요일,경기도 수원시 권선구 세류동,경상사고,0,0,1,0,차대사람 - 기타,안전운전불이행,건조,맑음,단일로 - 기타,승용,여,44세,상해없음,보행자,여,77세,경상
2023050200100356,2023년 5월 2일 15시,화요일,경기도 수원시 권선구 서둔동,경상사고,0,0,1,0,차대차 - 측면충돌,안전운전불이행,건조,맑음,교차로 - 교차로부근,승용,남,32세,상해없음,승용,남,65세,경상
2023050200100392,2023년 5월 2일 16시,화요일,경기도 수원시 장안구 정자동,경상사고,0,0,1,0,차대차 - 기타,직진우회전진행방해,건조,맑음,교차로 - 교차로안,승용,여,45세,상해없음,승용,남,81세,경상
2023050200100398,2023년 5월 2일 16시,화요일,경기도 수원시 영통구 매탄동,경상사고,0,0,1,0,차대사람 - 기타,안전운전불이행,건조,맑음,단일로 - 기타,승용,여,52세,상해없음,보행자,남,62세,경상
2023050200100438,2023년 5월 2일 17시,화요일,경기도 수원시 팔달구 중동,경상사고,0,0,1,0,차량단독 - 기타,기타,건조,맑음,단일로 - 기타,승용,남,63세,상해없음,,,,
2023050200100484,2023년 5월 2일 18시,화요일,경기도 수원시 팔달구 화서동,경상사고,0,0,1,0,차대차 - 기타,직진우회전진행방해,건조,맑음,교차로 - 교차로안,승용,여,53세,상해없음,이륜,남,42세,경상
2023050200100492,2023년 5월 2일 18시,화요일,경기도 수원시 권선구 구운동,경상사고,0,0,2,0,차대차 - 측면충돌,차로위반,건조,맑음,단일로 - 기타,승용,여,40세,상해없음,승용,여,60세,경상
2023050200100493,2023년 5월 2일 18시,화요일,경기도 수원시 영통구 이의동,경상사고,0,0,1,0,차대차 - 추돌,안전운전불이행,건조,맑음,기타 - 기타,승용,남,56세,상해없음,승용,남,30세,경상
2023050200100530,2023년 5월 2일 19시,화요일,경기도 수원시 장안구 영화동,경상사고,0,0,2,0,차대차 - 기타,안전거리미확보,건조,맑음,단일로 - 기타,승용,여,51세,기타불명,승용,남,33세,경상
2023050200100585,2023년 5월 2일 21시,화요일,경기도 수원시 장안구 영화동,중상사고,0,1,1,0,차대차 - 정면충돌,신호위반,건조,맑음,교차로 - 교차로안,승용,남,63세,상해없음,승용,남,59세,중상
2023050200100590,2023년 5월 2일 21시,화요일,경기도 수원시 팔달구 매산로3가,중상사고,0,1,1,0,차대차 - 추돌,안전운전불이행,건조,맑음,교차로 - 교차로부근,승용,남,50세,상해없음,이륜,남,41세,중상
2023050300100004,2023년 5월 3일 00시,수요일,경기도 수원시 팔달구 우만동,경상사고,0,0,2,0,차대차 - 추돌,안전운전불이행,건조,맑음,교차로 - 교차로부근,승용,남,42세,상해없음,승용,남,33세,경상
2023050300100053,2023년 5월 3일 07시,수요일,경기도 수원시 권선구 곡반정동,경상사고,0,0,1,0,차대차 - 측면충돌,안전운전불이행,건조,맑음,교차로 - 교차로안,승용,남,69세,상해없음,자전거,남,25세,경상
2023050300100054,2023년 5월 3일 07시,수요일,경기도 수원시 권선구 세류동,경상사고,0,0,2,0,차대차 - 측면충돌,안전거리미확보,건조,맑음,단일로 - 기타,승용,여,40세,경상,화물,남,44세,경상
2023050300100056,2023년 5월 3일 07시,수요일,경기도 수원시 권선구 평동,경상사고,0,0,3,0,차대차 - 추돌,안전운전불이행,건조,맑음,단일로 - 고가도로위,화물,남,60세,상해없음,승용,남,57세,상해없음
2023050300100082,2023년 5월 3일 08시,수요일,경기도 수원시 권선구 권선동,경상사고,0,0,1,0,차대차 - 기타,안전운전불이행,건조,맑음,교차로 - 교차로안,승용,남,39세,기타불명,승용,여,36세,경상
2023050300100182,2023년 5월 3일 11시,수요일,경기도 수원시 장안구 영화동,중상사고,0,1,0,0,차대차 - 기타,교차로운행방법위반,건조,맑음,단일로 - 기타,화물,남,60세,상해없음,이륜,남,60세,중상
2023050300100187,2023년 5월 3일 11시,수요일,경기도 수원시 권선구 호매실동,경상사고,0,0,1,0,차대차 - 추돌,안전운전불이행,건조,맑음,교차로 - 교차로부근,화물,남,73세,상해없음,화물,남,46세,경상
2023050300100213,2023년 5월 3일 12시,수요일,경기도 수원시 영통구 영통동,경상사고,0,0,1,0,차대차 - 기타,안전운전불이행,건조,맑음,기타 - 기타,승합,남,59세,상해없음,화물,남,34세,경상
2023050300100306,2023년 5월 3일 15시,수요일,경기도 수원시 장안구 이목동,경상사고,0,0,1,0,차대차 - 기타,안전운전불이행,건조,맑음,단일로 - 기타,기타불명,기타불명,미분류,기타불명,자전거,남,17세,경상
2023050300100349,2023년 5월 3일 16시,수요일,경기도 수원시 영통구 이의동,중상사고,0,1,0,0,차대차 - 측면충돌,안전운전불이행,건조,맑음,교차로 - 교차로안,이륜,남,38세,중상,이륜,남,39세,상해없음
2023050300100468,2023년 5월 3일 19시,수요일,경기도 수원시 권선구 호매실동,중상사고,0,1,1,0,차대차 - 기타,신호위반,건조,맑음,교차로 - 교차로부근,이륜,남,37세,중상,승용,남,35세,경상
2023050300100469,2023년 5월 3일 19시,수요일,경기도 수원시 권선구 금곡동,중상사고,0,1,0,0,차대차 - 정면충돌,안전운전불이행,건조,맑음,교차로 - 교차로부근,승용,여,47세,기타불명,승용,여,47세,중상
2023050300100470,2023년 5월 3일 19시,수요일,경기도 수원시 권선구 금곡동,경상사고,0,0,1,0,차대차 - 측면충돌,안전거리미확보,건조,맑음,교차로 - 교차로부근,승용,남,26세,상해없음,승용,남,49세,경상
2023050300100492,2023년 5월 3일 20시,수요일,경기도 수원시 장안구 천천동,중상사고,0,1,0,0,차대차 - 기타,중앙선침범,건조,맑음,교차로 - 교차로부근,이륜,남,20세,상해없음,자전거,남,47세,중상
2023050300100496,2023년 5월 3일 20시,수요일,경기도 수원시 영통구 영통동,경상사고,0,0,1,0,차대차 - 측면충돌,신호위반,건조,맑음,교차로 - 교차로안,승용,여,66세,상해없음,승용,남,41세,경상
2023050300100497,2023년 5월 3일 20시,수요일,경기도 수원시 팔달구 매산로1가,경상사고,0,0,1,0,차대차 - 추돌,안전운전불이행,건조,맑음,교차로 - 교차로안,승용,남,28세,상해없음,승용,남,61세,경상
2023050400100003,2023년 5월 4일 00시,목요일,경기도 수원시 팔달구 팔달로3가,중상사고,0,1,0,0,차대차 - 추돌,안전운전불이행,건조,맑음,교차로 - 교차로부근,승용,여,36세,상해없음,이륜,남,38세,중상
2023050400100019,2023년 5월 4일 02시,목요일,경기도 수원시 권선구 권선동,중상사고,0,2,0,0,차대사람 - 기타,안전운전불이행,건조,맑음,교차로 - 교차로부근,승용,남,62세,상해없음,보행자,남,46세,중상
2023050400100131,2023년 5월 4일 09시,목요일,경기도 수원시 팔달구 매산로1가,경상사고,0,0,1,0,차대차 - 기타,교차로운행방법위반,건조,맑음,교차로 - 교차로안,승용,여,27세,상해없음,승용,남,26세,경상
2023050400100187,2023년 5월 4일 11시,목요일,경기도 수원시 장안구 정자동,경상사고,0,0,1,0,차대사람 - 기타,안전운전불이행,건조,맑음,단일로 - 기타,승용,남,63세,상해없음,보행자,여,75세,경상
2023050400100193,2023년 5월 4일 11시,목요일,경기도 수원시 영통구 원천동,경상사고,0,0,1,0,차대사람 - 길가장자리구역통행중,안전운전불이행,건조,맑음,교차로 - 교차로부근,승용,남,68세,상해없음,보행자,남,50세,경상
2023050400100194,2023년 5월 4일 11시,목요일,경기도 수원시 권선구 권선동,경상사고,0,0,6,0,차대차 - 측면충돌,안전거리미확보,건조,맑음,교차로 - 교차로부근,승용,여,52세,상해없음,승용,여,51세,경상
2023050400100195,2023년 5월 4일 11시,목요일,경기도 수원시 권선구 권선동,경상사고,0,0,1,0,차대차 - 측면충돌,안전거리미확보,건조,맑음,단일로 - 기타,승용,여,65세,상해없음,화물,남,29세,경상
2023050400100302,2023년 5월 4일 14시,목요일,경기도 수원시 권선구 탑동,경상사고,0,0,1,0,차대차 - 측면충돌,중앙선침범,젖음/습기,비,단일로 - 기타,승용,여,72세,상해없음,자전거,남,67세,경상
2023050400100332,2023년 5월 4일 15시,목요일,경기도 수원시 권선구 세류동,경상사고,0,0,1,0,차대차 - 측면충돌,안전거리미확보,건조,맑음,단일로 - 기타,건설기계,남,71세,상해없음,승용,남,60세,경상
2023050400100333,2023년 5월 4일 15시,목요일,경기도 수원시 권선구 고색동,중상사고,0,1,0,0,차대사람 - 보도통행중,기타,건조,맑음,단일로 - 기타,승용,남,55세,상해없음,보행자,여,64세,중상
2023050400100420,2023년 5월 4일 17시,목요일,경기도 수원시 팔달구 매산로1가,경상사고,0,0,1,0,차대차 - 기타,안전거리미확보,건조,맑음,교차로 - 교차로부근,승용,남,57세,상해없음,승합,남,61세,상해없음
2023050400100474,2023년 5월 4일 18시,목요일,경기도 수원시 권선구 서둔동,경상사고,0,0,1,0,차대차 - 측면충돌,안전거리미확보,건조,맑음,교차로 - 교차로부근,이륜,남,30세,상해없음,승용,여,57세,경상
2023050400100509,2023년 5월 4일 19시,목요일,경기도 수원시 팔달구 인계동,경상사고,0,0,2,0,차대차 - 기타,기타,건조,맑음,단일로 - 기타,승용,남,73세,상해없음,이륜,남,46세,경상
2023050400100572,2023년 5월 4일 21시,목요일,경기도 수원시 장안구 이목동,경상사고,0,0,1,0,차대차 - 정면충돌,직진우회전진행방해,건조,맑음,교차로 - 교차로안,승용,남,49세,상해없음,승용,남,43세,경상
2023050400100621,2023년 5월 4일 23시,목요일,경기도 수원시 팔달구 인계동,경상사고,0,0,1,0,차대사람 - 횡단중,보행자보호의무위반,건조,맑음,교차로 - 교차로부근,승용,남,52세,상해없음,보행자,남,50세,경상
2023050400100623,2023년 5월 4일 23시,목요일,경기도 수원시 팔달구 매산로2가,경상사고,0,0,1,0,차대차 - 추돌,안전운전불이행,건조,맑음,단일로 - 기타,승용,남,38세,상해없음,승용,남,26세,경상
2023050500100023,2023년 5월 5일 01시,금요일,경기도 수원시 팔달구 우만동,경상사고,0,0,2,0,차대차 - 측면충돌,안전거리미확보,젖음/습기,비,교차로 - 교차로안,승용,남,63세,상해없음,승용,남,25세,경상
2023050500100044,2023년 5월 5일 03시,금요일,경기도 수원시 팔달구 인계동,경상사고,0,0,1,0,차대사람 - 횡단중,보행자보호의무위반,건조,맑음,교차로 - 교차로횡단보도내,승용,남,63세,상해없음,보행자,남,21세,경상
2023050500100083,2023년 5월 5일 08시,금요일,경기도 수원시 권선구 오목천동,중상사고,0,1,0,0,차대차 - 측면충돌,신호위반,젖음/습기,비,교차로 - 교차로안,승용,남,39세,상해없음,화물,남,53세,중상
2023050500100173,2023년 5월 5일 13시,금요일,경기도 수원시 팔달구 우만동,중상사고,0,1,1,0,차대차 - 기타,안전운전불이행,젖음/습기,비,교차로 - 교차로안,이륜,남,20세,경상,승용,여,51세,중상
2023050500100176,2023년 5월 5일 13시,금요일,경기도 수원시 팔달구 매교동,경상사고,0,0,1,0,차대차 - 추돌,안전운전불이행,젖음/습기,비,단일로 - 기타,승용,남,59세,상해없음,승용,남,52세,경상
2023050500100221,2023년 5월 5일 15시,금요일,경기도 수원시 장안구 정자동,부상신고사고,0,0,0,1,차대차 - 기타,신호위반,건조,맑음,교차로 - 교차로안,이륜,남,42세,부상신고,승용,여,59세,상해없음
2023050500100278,2023년 5월 5일 17시,금요일,경기도 수원시 영통구 신동,경상사고,0,0,1,0,차대차 - 측면충돌,안전거리미확보,젖음/습기,흐림,기타 - 기타,승용,남,54세,상해없음,승용,여,25세,경상
2023050500100280,2023년 5월 5일 17시,금요일,경기도 수원시 권선구 탑동,경상사고,0,0,1,0,차대차 - 정면충돌,안전운전불이행,젖음/습기,비,교차로 - 교차로부근,이륜,남,43세,경상,승용,남,28세,상해없음
2023050500100358,2023년 5월 5일 20시,금요일,경기도 수원시 장안구 연무동,중상사고,0,1,0,0,차대차 - 측면충돌,안전운전불이행,건조,맑음,교차로 - 교차로안,승용,남,47세,상해없음,이륜,남,26세,중상
2023050500100365,2023년 5월 5일 20시,금요일,경기도 수원시 팔달구 매산로1가,경상사고,0,0,1,0,차대차 - 측면충돌,안전거리미확보,젖음/습기,비,교차로 - 교차로부근,승용,남,19세,상해없음,승용,여,21세,경상
2023050500100400,2023년 5월 5일 21시,금요일,경기도 수원시 팔달구 화서동,부상신고사고,0,0,0,1,차대사람 - 횡단중,안전운전불이행,젖음/습기,비,단일로 - 기타,이륜,남,60세,상해없음,보행자,남,83세,부상신고
2023050500100402,2023년 5월 5일 21시,금요일,경기도 수원시 팔달구 인계동,경상사고,0,0,1,0,차대차 - 측면충돌,안전거리미확보,젖음/습기,비,단일로 - 기타,승용,남,55세,상해없음,이륜,남,18세,경상
2023050500100447,2023년 5월 5일 23시,금요일,경기도 수원시 장안구 율전동,중상사고,0,1,0,0,차대사람 - 횡단중,안전운전불이행,젖음/습기,비,교차로 - 교차로안,승용,남,61세,상해없음,보행자,여,27세,중상
2023050600100003,2023년 5월 6일 00시,토요일,경기도 수원시 영통구 원천동,중상사고,0,1,0,0,차대사람 - 기타,안전운전불이행,젖음/습기,비,기타 - 기타,화물,남,47세,상해없음,보행자,여,67세,중상
2023050600100040,2023년 5월 6일 04시,토요일,경기도 수원시 팔달구 인계동,경상사고,0,0,3,0,차대차 - 측면충돌,안전운전불이행,건조,맑음,기타 - 기타,승용,남,30세,상해없음,승용,남,34세,상해없음
2023050600100048,2023년 5월 6일 05시,토요일,경기도 수원시 장안구 영화동,중상사고,0,1,0,0,차대사람 - 횡단중,신호위반,젖음/습기,비,교차로 - 교차로횡단보도내,이륜,남,67세,상해없음,보행자,남,58세,중상
2023050600100131,2023년 5월 6일 11시,토요일,경기도 수원시 장안구 조원동,경상사고,0,0,1,0,차대차 - 기타,안전거리미확보,젖음/습기,비,단일로 - 기타,승용,여,53세,기타불명,승용,여,67세,경상
2023050600100200,2023년 5월 6일 13시,토요일,경기도 수원시 권선구 호매실동,경상사고,0,0,1,0,차대차 - 기타,안전거리미확보,젖음/습기,비,단일로 - 기타,승용,남,45세,상해없음,이륜,남,27세,경상
2023050600100398,2023년 5월 6일 20시,토요일,경기도 수원시 권선구 곡반정동,경상사고,0,0,1,0,차대차 - 추돌,안전운전불이행,건조,맑음,교차로 - 교차로부근,승용,남,66세,상해없음,이륜,남,21세,경상
2023050600100462,2023년 5월 6일 22시,토요일,경기도 수원시 장안구 영화동,경상사고,0,0,1,0,차대차 - 측면충돌,안전운전불이행,젖음/습기,흐림,단일로 - 기타,승용,여,51세,상해없음,이륜,남,39세,경상
2023050600100463,2023년 5월 6일 22시,토요일,경기도 수원시 팔달구 인계동,경상사고,0,0,1,0,차대사람 - 차도통행중,안전운전불이행,건조,맑음,단일로 - 기타,이륜,여,46세,상해없음,보행자,남,28세,경상
2023050700100019,2023년 5월 7일 01시,일요일,경기도 수원시 권선구 탑동,경상사고,0,0,2,0,차대차 - 추돌,안전운전불이행,건조,맑음,단일로 - 지하차도(도로)내,승용,남,25세,상해없음,승용,남,32세,경상
2023050700100153,2023년 5월 7일 12시,일요일,경기도 수원시 영통구 원천동,경상사고,0,0,1,0,차대차 - 측면충돌,안전거리미확보,건조,맑음,단일로 - 기타,승용,남,28세,상해없음,화물,남,36세,경상
2023050700100352,2023년 5월 7일 19시,일요일,경기도 수원시 권선구 권선동,경상사고,0,0,1,0,차대차 - 기타,안전운전불이행,건조,맑음,단일로 - 기타,이륜,남,18세,상해없음,승용,남,61세,경상
2023050700100354,2023년 5월 7일 19시,일요일,경기도 수원시 권선구 고색동,경상사고,0,0,4,0,차대차 - 추돌,안전운전불이행,건조,맑음,교차로 - 교차로안,승용,여,46세,상해없음,승용,남,37세,경상
2023050700100374,2023년 5월 7일 20시,일요일,경기도 수원시 팔달구 인계동,경상사고,0,0,1,0,차대차 - 측면충돌,안전운전불이행,건조,맑음,단일로 - 지하차도(도로)내,승용,남,26세,상해없음,승용,여,61세,경상
2023050700100390,2023년 5월 7일 21시,일요일,경기도 수원시 팔달구 지동,경상사고,0,0,1,0,차대사람 - 기타,안전운전불이행,건조,맑음,교차로 - 교차로안,승용,남,18세,상해없음,보행자,남,57세,경상
2023050700100395,2023년 5월 7일 21시,일요일,경기도 수원시 권선구 권선동,중상사고,0,1,1,0,차대사람 - 횡단중,안전운전불이행,건조,맑음,교차로 - 교차로횡단보도내,이륜,남,23세,경상,보행자,남,55세,중상
2023050700100396,2023년 5월 7일 21시,일요일,경기도 수원시 권선구 세류동,경상사고,0,0,1,0,차대차 - 측면충돌,신호위반,건조,맑음,교차로 - 교차로안,승용,남,32세,상해없음,승용,남,67세,경상
2023050800100021,2023년 5월 8일 04시,월요일,경기도 수원시 장안구 율전동,경상사고,0,0,1,0,차대사람 - 기타,안전운전불이행,건조,맑음,교차로 - 교차로안,승용,남,27세,상해없음,보행자,남,43세,경상
2023050800100067,2023년 5월 8일 07시,월요일,경기도 수원시 영통구 매탄동,경상사고,0,0,1,0,차대차 - 기타,안전운전불이행,건조,맑음,단일로 - 기타,승용,남,32세,상해없음,승용,여,31세,경상
2023050800100068,2023년 5월 8일 07시,월요일,경기도 수원시 영통구 이의동,경상사고,0,0,1,0,차대차 - 정면충돌,중앙선침범,건조,맑음,단일로 - 기타,승용,여,26세,상해없음,승용,남,34세,경상
2023050800100154,2023년 5월 8일 09시,월요일,경기도 수원시 권선구 탑동,경상사고,0,0,1,0,차대사람 - 기타,안전운전불이행,건조,맑음,기타 - 기타,승용,남,65세,기타불명,보행자,남,35세,경상
2023050800100183,2023년 5월 8일 10시,월요일,경기도 수원시 팔달구 인계동,경상사고,0,0,1,0,차대차 - 측면충돌,신호위반,건조,맑음,교차로 - 교차로안,승용,남,66세,상해없음,이륜,남,25세,경상
2023050800100293,2023년 5월 8일 13시,월요일,경기도 수원시 권선구 권선동,중상사고,0,1,0,0,차대차 - 정면충돌,신호위반,건조,맑음,교차로 - 교차로안,승용,남,79세,상해없음,이륜,남,25세,중상
2023050800100375,2023년 5월 8일 15시,월요일,경기도 수원시 영통구 이의동,경상사고,0,0,1,0,차대차 - 측면충돌,안전운전불이행,건조,맑음,단일로 - 기타,승용,여,43세,상해없음,승용,남,40세,경상
2023050800100420,2023년 5월 8일 16시,월요일,경기도 수원시 권선구 대황교동,중상사고,0,1,0,0,차대차 - 측면충돌,안전거리미확보,건조,맑음,단일로 - 기타,화물,남,80세,상해없음,이륜,남,63세,중상
2023050800100421,2023년 5월 8일 16시,월요일,경기도 수원시 권선구 곡반정동,경상사고,0,0,2,0,차대차 - 후진중충돌,안전운전불이행,건조,맑음,단일로 - 기타,승용,여,65세,상해없음,승용,남,45세,경상
2023050800100469,2023년 5월 8일 17시,월요일,경기도 수원시 팔달구 우만동,경상사고,0,0,1,0,차대차 - 추돌,안전운전불이행,건조,맑음,교차로 - 교차로부근,화물,남,71세,상해없음,화물,남,63세,경상
2023050800100470,2023년 5월 8일 17시,월요일,경기도 수원시 팔달구 팔달로2가,경상사고,0,0,1,0,차대사람 - 차도통행중,안전운전불이행,건조,맑음,단일로 - 기타,원동기,여,65세,상해없음,보행자,여,28세,경상
2023050800100525,2023년 5월 8일 18시,월요일,경기도 수원시 권선구 탑동,중상사고,0,1,0,1,차대차 - 추돌,안전운전불이행,건조,맑음,단일로 - 고가도로위,승용,여,51세,부상신고,승용,남,37세,중상
2023050800100566,2023년 5월 8일 19시,월요일,경기도 수원시 권선구 입북동,경상사고,0,0,1,0,차대차 - 추돌,안전운전불이행,건조,맑음,단일로 - 기타,승용,남,48세,상해없음,승용,여,43세,경상
2023050800100567,2023년 5월 8일 19시,월요일,경기도 수원시 팔달구 매산로1가,경상사고,0,0,1,0,차량단독 - 기타,안전운전불이행,건조,맑음,단일로 - 기타,승합,남,50세,상해없음,,,,
2023050800100594,2023년 5월 8일 20시,월요일,경기도 수원시 팔달구 인계동,경상사고,0,0,2,0,차대차 - 추돌,안전운전불이행,건조,맑음,단일로 - 기타,승용,남,19세,상해없음,승용,남,27세,경상
2023050800100619,2023년 5월 8일 21시,월요일,경기도 수원시 영통구 원천동,경상사고,0,0,1,0,차대차 - 측면충돌,교차로운행방법위반,건조,맑음,교차로 - 교차로안,승용,남,30세,상해없음,승용,여,31세,경상
2023050800100643,2023년 5월 8일 22시,월요일,경기도 수원시 장안구 영화동,경상사고,0,0,1,0,차대차 - 기타,안전운전불이행,건조,맑음,기타 - 기타,개인형이동수단(PM),여,21세,경상,승용,남,43세,상해없음
2023050800100661,2023년 5월 8일 23시,월요일,경기도 수원시 장안구 정자동,경상사고,0,0,1,0,차대사람 - 기타,안전운전불이행,건조,맑음,교차로 - 교차로안,승용,여,36세,상해없음,보행자,남,54세,경상
2023050900100004,2023년 5월 9일 00시,화요일,경기도 수원시 팔달구 화서동,경상사고,0,0,1,0,차대차 - 정면충돌,안전운전불이행,건조,맑음,단일로 - 기타,승용,여,64세,경상,승용,여,34세,상해없음
2023050900100028,2023년 5월 9일 03시,화요일,경기도 수원시 팔달구 매산로2가,사망사고,1,0,0,0,차대사람 - 횡단중,안전운전불이행,건조,맑음,단일로 - 기타,화물,남,43세,상해없음,보행자,여,75세,사망
2023050900100045,2023년 5월 9일 05시,화요일,경기도 수원시 팔달구 매산로2가,중상사고,0,1,0,0,차대사람 - 횡단중,안전운전불이행,건조,맑음,교차로 - 교차로횡단보도내,승용,여,61세,상해없음,보행자,남,64세,중상
2023050900100094,2023년 5월 9일 08시,화요일,경기도 수원시 장안구 율전동,중상사고,0,1,0,0,차대차 - 측면충돌,안전운전불이행,건조,맑음,교차로 - 교차로안,승용,남,24세,상해없음,승용,여,51세,중상
2023050900100198,2023년 5월 9일 11시,화요일,경기도 수원시 장안구 율전동,경상사고,0,0,1,0,차대차 - 기타,안전운전불이행,건조,맑음,교차로 - 교차로안,승용,여,45세,상해없음,승용,남,53세,경상
2023050900100205,2023년 5월 9일 11시,화요일,경기도 수원시 팔달구 인계동,경상사고,0,0,3,0,차대차 - 측면충돌,안전거리미확보,건조,맑음,단일로 - 기타,승용,남,68세,기타불명,승용,남,30세,경상