사고번호,사고일시,요일,시군구,사고내용,사망자수,중상자수,경상자수,부상신고자수,사고유형,법규위반,노면상태,기상상태,도로형태,가해운전자 차종,가해운전자 성별,가해운전자 연령,가해운전자 상해정도,피해운전자 차종,피해운전자 성별,피해운전자 연령,피해운전자 상해정도
2023050900100207,2023년 5월 9일 11시,화요일,경기도 수원시 권선구 호매실동,경상사고,0,0,2,0,차대차 - 추돌,안전운전불이행,건조,맑음,단일로 - 기타,건설기계,남,67세,상해없음,화물,남,43세,경상
2023050900100268,2023년 5월 9일 13시,화요일,경기도 수원시 영통구 매탄동,경상사고,0,0,1,0,차대사람 - 기타,안전운전불이행,건조,맑음,기타 - 기타,자전거,남,75세,상해없음,보행자,여,27세,경상
2023050900100294,2023년 5월 9일 14시,화요일,경기도 수원시 팔달구 지동,경상사고,0,0,1,0,차대사람 - 기타,안전운전불이행,건조,맑음,단일로 - 기타,승용,남,42세,상해없음,보행자,남,86세,경상
2023050900100419,2023년 5월 9일 17시,화요일,경기도 수원시 권선구 탑동,경상사고,0,0,1,0,차대차 - 측면충돌,안전운전불이행,건조,맑음,단일로 - 기타,화물,남,60세,상해없음,자전거,남,53세,경상
2023050900100461,2023년 5월 9일 18시,화요일,경기도 수원시 장안구 정자동,경상사고,0,0,1,0,차대사람 - 기타,안전운전불이행,건조,맑음,기타 - 기타,자전거,남,10세,상해없음,보행자,여,53세,경상
2023050900100464,2023년 5월 9일 18시,화요일,경기도 수원시 영통구 신동,경상사고,0,0,1,0,차대차 - 측면충돌,신호위반,건조,맑음,교차로 - 교차로안,승용,여,37세,상해없음,승용,남,50세,경상
2023050900100535,2023년 5월 9일 20시,화요일,경기도 수원시 영통구 영통동,경상사고,0,0,3,0,차대차 - 측면충돌,신호위반,건조,맑음,교차로 - 교차로안,승용,남,53세,상해없음,승합,남,60세,경상
2023051000100089,2023년 5월 10일 08시,수요일,경기도 수원시 영통구 이의동,경상사고,0,0,1,0,차대차 - 기타,안전거리미확보,건조,맑음,단일로 - 기타,승용,남,46세,상해없음,승용,남,22세,경상
2023051000100142,2023년 5월 10일 09시,수요일,경기도 수원시 팔달구 북수동,경상사고,0,0,1,0,차대차 - 기타,안전거리미확보,건조,맑음,단일로 - 기타,승용,남,61세,상해없음,승용,남,29세,경상
2023051000100148,2023년 5월 10일 09시,수요일,경기도 수원시 권선구 호매실동,경상사고,0,0,2,0,차대차 - 추돌,안전운전불이행,건조,맑음,단일로 - 지하차도(도로)내,승용,남,62세,상해없음,승용,여,52세,경상
2023051000100186,2023년 5월 10일 10시,수요일,경기도 수원시 권선구 고색동,경상사고,0,0,2,0,차대차 - 추돌,안전운전불이행,건조,맑음,단일로 - 기타,승용,남,67세,상해없음,승용,남,29세,경상
2023051000100253,2023년 5월 10일 12시,수요일,경기도 수원시 권선구 호매실동,사망사고,1,0,0,0,차대사람 - 기타,신호위반,건조,맑음,교차로 - 교차로안,승합,남,55세,상해없음,보행자,남,7세,사망
2023051000100254,2023년 5월 10일 12시,수요일,경기도 수원시 팔달구 교동,중상사고,0,1,1,0,차대차 - 기타,안전운전불이행,건조,맑음,교차로 - 교차로안,승용,여,35세,상해없음,승합,남,56세,상해없음
2023051000100314,2023년 5월 10일 14시,수요일,경기도 수원시 팔달구 화서동,중상사고,0,1,0,0,차대사람 - 차도통행중,안전운전불이행,건조,맑음,교차로 - 교차로안,승용,여,57세,상해없음,보행자,남,71세,중상
2023051000100319,2023년 5월 10일 14시,수요일,경기도 수원시 영통구 영통동,중상사고,0,1,0,0,차대차 - 기타,안전운전불이행,건조,맑음,교차로 - 교차로안,승용,남,77세,상해없음,승용,남,44세,중상
2023051000100322,2023년 5월 10일 14시,수요일,경기도 수원시 팔달구 매산로1가,중상사고,0,1,0,0,차대차 - 기타,안전거리미확보,건조,맑음,단일로 - 기타,승용,여,59세,기타불명,화물,남,49세,중상
2023051000100350,2023년 5월 10일 15시,수요일,경기도 수원시 팔달구 인계동,경상사고,0,0,1,0,차대사람 - 기타,안전운전불이행,건조,맑음,단일로 - 지하차도(도로)내,승용,남,57세,상해없음,보행자,남,51세,경상
2023051000100440,2023년 5월 10일 17시,수요일,경기도 수원시 장안구 연무동,경상사고,0,0,1,0,차대차 - 기타,신호위반,건조,맑음,교차로 - 교차로안,승용,여,56세,상해없음,승용,남,55세,경상
2023051000100455,2023년 5월 10일 17시,수요일,경기도 수원시 영통구 매탄동,경상사고,0,0,1,0,차대차 - 기타,안전운전불이행,건조,맑음,단일로 - 기타,승용,여,57세,경상,승합,남,56세,상해없음
2023051000100502,2023년 5월 10일 18시,수요일,경기도 수원시 팔달구 팔달로2가,중상사고,0,1,0,0,차대사람 - 기타,기타,건조,맑음,단일로 - 기타,개인형이동수단(PM),여,18세,기타불명,보행자,여,46세,중상
2023051000100503,2023년 5월 10일 18시,수요일,경기도 수원시 팔달구 우만동,경상사고,0,0,2,0,차대차 - 기타,안전거리미확보,건조,맑음,단일로 - 기타,승용,여,48세,경상,승용,남,28세,경상
2023051000100509,2023년 5월 10일 18시,수요일,경기도 수원시 권선구 오목천동,경상사고,0,0,1,0,차대차 - 기타,신호위반,건조,맑음,교차로 - 교차로안,승용,남,70세,상해없음,이륜,남,24세,경상
2023051000100568,2023년 5월 10일 20시,수요일,경기도 수원시 권선구 세류동,경상사고,0,0,1,0,차대차 - 측면충돌,교차로운행방법위반,건조,맑음,교차로 - 교차로안,승합,남,65세,상해없음,이륜,남,41세,경상
2023051000100621,2023년 5월 10일 22시,수요일,경기도 수원시 팔달구 인계동,부상신고사고,0,0,0,1,차대차 - 추돌,안전운전불이행,건조,맑음,단일로 - 기타,승용,여,60세,상해없음,승합,남,60세,상해없음
2023051000100622,2023년 5월 10일 22시,수요일,경기도 수원시 권선구 권선동,경상사고,0,0,1,0,차대차 - 측면충돌,신호위반,건조,맑음,교차로 - 교차로안,승용,남,27세,상해없음,승용,남,30세,경상
2023051000100644,2023년 5월 10일 23시,수요일,경기도 수원시 권선구 세류동,경상사고,0,0,1,0,차대차 - 추돌,안전운전불이행,건조,맑음,단일로 - 기타,승용,남,21세,상해없음,승용,남,23세,경상
2023051100100009,2023년 5월 11일 00시,목요일,경기도 수원시 팔달구 고등동,중상사고,0,1,0,0,차대차 - 측면충돌,신호위반,건조,맑음,교차로 - 교차로안,승용,남,35세,상해없음,이륜,남,53세,중상
2023051100100024,2023년 5월 11일 03시,목요일,경기도 수원시 장안구 영화동,경상사고,0,0,1,0,차대차 - 기타,안전운전불이행,건조,맑음,단일로 - 기타,개인형이동수단(PM),남,22세,경상,승용,남,27세,기타불명
2023051100100061,2023년 5월 11일 07시,목요일,경기도 수원시 장안구 정자동,경상사고,0,0,1,0,차대차 - 측면충돌,신호위반,건조,맑음,교차로 - 교차로안,승합,남,54세,상해없음,승용,여,49세,경상
2023051100100187,2023년 5월 11일 10시,목요일,경기도 수원시 장안구 파장동,중상사고,0,1,0,0,차대사람 - 횡단중,안전운전불이행,건조,맑음,교차로 - 교차로안,승용,여,46세,상해없음,보행자,여,76세,중상
2023051100100188,2023년 5월 11일 10시,목요일,경기도 수원시 장안구 파장동,부상신고사고,0,0,0,1,차대사람 - 기타,안전운전불이행,건조,맑음,교차로 - 교차로안,승용,남,58세,상해없음,보행자,여,48세,부상신고
2023051100100367,2023년 5월 11일 16시,목요일,경기도 수원시 장안구 율전동,경상사고,0,0,1,0,차대사람 - 길가장자리구역통행중,안전운전불이행,건조,맑음,단일로 - 기타,승용,남,47세,상해없음,보행자,여,25세,경상
2023051100100374,2023년 5월 11일 16시,목요일,경기도 수원시 장안구 율전동,경상사고,0,0,1,0,차대차 - 측면충돌,신호위반,건조,맑음,단일로 - 기타,승용,여,41세,상해없음,승용,남,31세,경상
2023051100100472,2023년 5월 11일 18시,목요일,경기도 수원시 영통구 원천동,경상사고,0,0,1,0,차대차 - 측면충돌,신호위반,건조,맑음,교차로 - 교차로안,승용,여,60세,상해없음,승용,남,47세,경상
2023051100100476,2023년 5월 11일 18시,목요일,경기도 수원시 권선구 호매실동,경상사고,0,0,1,1,차대차 - 추돌,안전운전불이행,건조,맑음,단일로 - 기타,자전거,남,50세,경상,자전거,남,45세,부상신고
2023051100100477,2023년 5월 11일 18시,목요일,경기도 수원시 권선구 호매실동,중상사고,0,1,0,0,차대차 - 추돌,안전거리미확보,건조,맑음,단일로 - 기타,승용,여,63세,상해없음,이륜,남,24세,중상
2023051100100515,2023년 5월 11일 19시,목요일,경기도 수원시 영통구 망포동,경상사고,0,0,4,0,차대차 - 기타,안전운전불이행,건조,맑음,단일로 - 기타,승합,남,70세,상해없음,승용,남,65세,경상
2023051100100518,2023년 5월 11일 19시,목요일,경기도 수원시 권선구 고색동,경상사고,0,0,1,0,차대차 - 측면충돌,차로위반,건조,맑음,교차로 - 교차로부근,승용,여,65세,상해없음,승용,남,26세,경상
2023051100100579,2023년 5월 11일 21시,목요일,경기도 수원시 영통구 원천동,경상사고,0,0,1,0,차대사람 - 차도통행중,안전운전불이행,건조,맑음,단일로 - 기타,승용,남,47세,상해없음,보행자,남,35세,경상
2023051100100613,2023년 5월 11일 23시,목요일,경기도 수원시 권선구 권선동,경상사고,0,0,2,0,차대차 - 추돌,안전운전불이행,건조,맑음,교차로 - 교차로안,승용,남,44세,상해없음,승합,남,34세,상해없음
2023051200100082,2023년 5월 12일 08시,금요일,경기도 수원시 장안구 천천동,경상사고,0,0,1,0,차대사람 - 기타,보행자보호의무위반,건조,맑음,교차로 - 교차로안,승용,남,27세,상해없음,보행자,남,52세,경상
2023051200100224,2023년 5월 12일 12시,금요일,경기도 수원시 장안구 영화동,중상사고,0,1,0,0,차대사람 - 기타,안전운전불이행,건조,맑음,단일로 - 기타,승합,남,54세,상해없음,보행자,여,77세,중상
2023051200100274,2023년 5월 12일 13시,금요일,경기도 수원시 권선구 세류동,경상사고,0,0,1,0,차대사람 - 길가장자리구역통행중,안전운전불이행,건조,맑음,기타 - 기타,승용,남,36세,상해없음,보행자,여,56세,경상
2023051200100314,2023년 5월 12일 14시,금요일,경기도 수원시 권선구 입북동,경상사고,0,0,2,0,차대차 - 측면충돌,안전운전불이행,건조,맑음,단일로 - 기타,승용,남,30세,상해없음,승용,여,60세,경상
2023051200100382,2023년 5월 12일 16시,금요일,경기도 수원시 장안구 정자동,경상사고,0,0,4,0,차대차 - 기타,안전운전불이행,건조,맑음,교차로 - 교차로부근,승용,남,28세,상해없음,승용,남,34세,경상
2023051200100387,2023년 5월 12일 16시,금요일,경기도 수원시 권선구 구운동,경상사고,0,0,1,0,차대차 - 측면충돌,안전거리미확보,건조,맑음,기타 - 기타,승용,여,39세,상해없음,이륜,남,20세,경상
2023051200100482,2023년 5월 12일 18시,금요일,경기도 수원시 팔달구 화서동,경상사고,0,0,1,0,차대차 - 측면충돌,중앙선침범,건조,맑음,단일로 - 기타,승용,남,58세,상해없음,이륜,남,41세,경상
2023051200100532,2023년 5월 12일 19시,금요일,경기도 수원시 권선구 권선동,경상사고,0,0,1,0,차대차 - 측면충돌,신호위반,건조,맑음,교차로 - 교차로부근,이륜,남,50세,경상,승용,여,43세,상해없음
2023051200100533,2023년 5월 12일 19시,금요일,경기도 수원시 영통구 하동,중상사고,0,1,0,0,차대차 - 추돌,안전거리미확보,건조,맑음,교차로 - 교차로부근,승용,여,40세,기타불명,승용,여,35세,중상
2023051200100645,2023년 5월 12일 23시,금요일,경기도 수원시 장안구 율전동,경상사고,0,0,1,0,차대차 - 측면충돌,안전운전불이행,건조,맑음,교차로 - 교차로안,화물,남,63세,상해없음,이륜,남,21세,경상
2023051300100055,2023년 5월 13일 05시,토요일,경기도 수원시 권선구 권선동,경상사고,0,0,1,0,차대차 - 추돌,안전운전불이행,건조,맑음,단일로 - 기타,화물,남,62세,상해없음,화물,남,64세,경상
2023051300100059,2023년 5월 13일 06시,토요일,경기도 수원시 영통구 망포동,경상사고,0,0,1,0,차대사람 - 기타,안전운전불이행,건조,맑음,기타 - 기타,승합,남,48세,상해없음,보행자,남,38세,경상
2023051300100068,2023년 5월 13일 07시,토요일,경기도 수원시 권선구 세류동,경상사고,0,0,1,0,차대차 - 기타,안전운전불이행,건조,맑음,기타 - 기타,자전거,남,47세,경상,승용,남,45세,상해없음
2023051300100115,2023년 5월 13일 09시,토요일,경기도 수원시 영통구 매탄동,중상사고,0,1,0,0,차대차 - 측면충돌,신호위반,건조,맑음,교차로 - 교차로안,승용,남,70세,상해없음,자전거,남,71세,중상
2023051300100116,2023년 5월 13일 09시,토요일,경기도 수원시 권선구 세류동,경상사고,0,0,1,0,차대차 - 측면충돌,안전거리미확보,건조,맑음,단일로 - 고가도로위,승용,여,29세,상해없음,승용,남,72세,상해없음
2023051300100183,2023년 5월 13일 11시,토요일,경기도 수원시 권선구 권선동,중상사고,0,1,4,0,차대차 - 측면충돌,신호위반,건조,맑음,교차로 - 교차로안,화물,남,62세,상해없음,승용,남,43세,경상
2023051300100354,2023년 5월 13일 15시,토요일,경기도 수원시 영통구 원천동,중상사고,0,1,0,0,차대차 - 기타,안전운전불이행,건조,맑음,교차로 - 교차로부근,승합,남,40세,상해없음,자전거,남,46세,중상
2023051300100459,2023년 5월 13일 18시,토요일,경기도 수원시 권선구 세류동,경상사고,0,0,1,1,차대차 - 측면충돌,안전운전불이행,건조,맑음,단일로 - 기타,승용,여,31세,부상신고,승용,남,26세,경상
2023051300100557,2023년 5월 13일 22시,토요일,경기도 수원시 권선구 오목천동,경상사고,0,0,2,0,차대차 - 측면충돌,안전운전불이행,건조,흐림,기타 - 기타,승용,여,27세,경상,승용,남,61세,경상
2023051400100084,2023년 5월 14일 10시,일요일,경기도 수원시 영통구 영통동,경상사고,0,0,1,0,차대차 - 기타,안전거리미확보,건조,맑음,단일로 - 기타,승용,남,53세,상해없음,이륜,남,44세,경상
2023051400100132,2023년 5월 14일 12시,일요일,경기도 수원시 팔달구 인계동,경상사고,0,0,1,0,차대차 - 측면충돌,안전운전불이행,건조,맑음,교차로 - 교차로안,승용,여,49세,상해없음,이륜,남,29세,경상
2023051400100244,2023년 5월 14일 15시,일요일,경기도 수원시 팔달구 화서동,경상사고,0,0,4,0,차대차 - 추돌,안전운전불이행,건조,맑음,단일로 - 기타,승용,남,31세,상해없음,승용,남,61세,경상
2023051400100245,2023년 5월 14일 15시,일요일,경기도 수원시 장안구 정자동,중상사고,0,1,0,0,차대차 - 추돌,안전운전불이행,건조,맑음,단일로 - 기타,승용,여,49세,상해없음,이륜,남,61세,중상
2023051400100282,2023년 5월 14일 16시,일요일,경기도 수원시 영통구 매탄동,경상사고,0,0,1,0,차대차 - 기타,교차로운행방법위반,건조,맑음,교차로 - 교차로횡단보도내,승용,남,61세,상해없음,자전거,남,59세,경상
2023051400100378,2023년 5월 14일 19시,일요일,경기도 수원시 장안구 조원동,경상사고,0,0,1,0,차대차 - 기타,안전운전불이행,건조,맑음,교차로 - 교차로부근,승합,남,60세,상해없음,승용,여,33세,경상
2023051400100446,2023년 5월 14일 21시,일요일,경기도 수원시 팔달구 인계동,경상사고,0,0,1,0,차대차 - 측면충돌,불법유턴,건조,맑음,교차로 - 교차로안,승용,남,52세,상해없음,이륜,남,57세,경상
2023051400100447,2023년 5월 14일 21시,일요일,경기도 수원시 팔달구 인계동,경상사고,0,0,1,0,차대차 - 측면충돌,안전거리미확보,건조,맑음,단일로 - 기타,이륜,남,27세,상해없음,승용,남,63세,경상
2023051500100050,2023년 5월 15일 07시,월요일,경기도 수원시 팔달구 매교동,경상사고,0,0,1,0,차대차 - 기타,교차로운행방법위반,건조,맑음,교차로 - 교차로부근,화물,남,68세,상해없음,승합,남,53세,상해없음
2023051500100095,2023년 5월 15일 08시,월요일,경기도 수원시 영통구 영통동,경상사고,0,0,2,0,차대차 - 측면충돌,차로위반,건조,맑음,단일로 - 기타,승용,여,52세,상해없음,승합,남,36세,경상
2023051500100132,2023년 5월 15일 09시,월요일,경기도 수원시 권선구 세류동,경상사고,0,0,1,0,차대사람 - 차도통행중,안전거리미확보,건조,맑음,단일로 - 기타,건설기계,남,62세,상해없음,보행자,남,80세,경상
2023051500100167,2023년 5월 15일 10시,월요일,경기도 수원시 권선구 구운동,경상사고,0,0,1,0,차대차 - 측면충돌,신호위반,건조,맑음,교차로 - 교차로안,승용,남,69세,상해없음,승합,남,51세,상해없음
2023051500100201,2023년 5월 15일 11시,월요일,경기도 수원시 권선구 구운동,경상사고,0,0,1,0,차대차 - 측면충돌,안전운전불이행,건조,맑음,단일로 - 기타,승용,여,46세,기타불명,승용,여,49세,경상
2023051500100299,2023년 5월 15일 14시,월요일,경기도 수원시 팔달구 우만동,경상사고,0,0,1,0,차대차 - 기타,신호위반,건조,맑음,단일로 - 기타,승용,여,66세,상해없음,승용,남,55세,상해없음
2023051500100302,2023년 5월 15일 14시,월요일,경기도 수원시 영통구 이의동,경상사고,0,0,1,0,차대차 - 측면충돌,교차로운행방법위반,건조,맑음,교차로 - 교차로안,승용,남,30세,상해없음,승용,여,26세,경상
2023051500100338,2023년 5월 15일 15시,월요일,경기도 수원시 장안구 율전동,경상사고,0,0,1,0,차대차 - 기타,직진우회전진행방해,건조,맑음,교차로 - 교차로안,자전거,남,24세,경상,승용,남,63세,상해없음
2023051500100342,2023년 5월 15일 15시,월요일,경기도 수원시 권선구 권선동,경상사고,0,0,1,0,차대차 - 측면충돌,안전운전불이행,건조,맑음,교차로 - 교차로안,승용,남,73세,상해없음,자전거,남,13세,경상
2023051500100344,2023년 5월 15일 15시,월요일,경기도 수원시 팔달구 매산로1가,경상사고,0,0,1,0,차대차 - 측면충돌,안전운전불이행,건조,맑음,단일로 - 기타,승용,남,70세,상해없음,자전거,여,58세,경상
2023051500100345,2023년 5월 15일 15시,월요일,경기도 수원시 팔달구 매산로1가,경상사고,0,0,2,0,차대차 - 측면충돌,교차로운행방법위반,건조,맑음,교차로 - 교차로안,승합,남,66세,상해없음,승용,여,32세,경상
2023051500100372,2023년 5월 15일 16시,월요일,경기도 수원시 팔달구 장안동,중상사고,0,1,0,0,차대차 - 추돌,안전운전불이행,건조,맑음,교차로 - 교차로안,승용,남,67세,상해없음,자전거,남,73세,중상
2023051500100378,2023년 5월 15일 16시,월요일,경기도 수원시 권선구 구운동,경상사고,0,0,1,0,차대차 - 측면충돌,안전거리미확보,건조,맑음,단일로 - 기타,승용,남,65세,상해없음,승용,남,70세,경상
2023051500100421,2023년 5월 15일 17시,월요일,경기도 수원시 영통구 이의동,경상사고,0,0,1,0,차대사람 - 횡단중,신호위반,건조,맑음,교차로 - 교차로안,기타불명,기타불명,미분류,기타불명,보행자,여,20세,경상
2023051500100463,2023년 5월 15일 18시,월요일,경기도 수원시 장안구 정자동,경상사고,0,0,1,0,차대사람 - 횡단중,보행자보호의무위반,건조,맑음,교차로 - 교차로횡단보도내,이륜,남,43세,상해없음,보행자,여,30세,경상
2023051500100469,2023년 5월 15일 18시,월요일,경기도 수원시 영통구 이의동,경상사고,0,0,1,0,차대사람 - 길가장자리구역통행중,기타,건조,맑음,기타 - 기타,개인형이동수단(PM),남,15세,상해없음,보행자,여,52세,경상
2023051500100499,2023년 5월 15일 19시,월요일,경기도 수원시 권선구 호매실동,경상사고,0,0,1,0,차대차 - 기타,안전운전불이행,건조,맑음,기타 - 기타,승용,남,71세,상해없음,자전거,남,57세,경상
2023051500100554,2023년 5월 15일 21시,월요일,경기도 수원시 장안구 정자동,중상사고,0,1,2,0,차대차 - 기타,신호위반,건조,맑음,단일로 - 기타,승용,남,40세,상해없음,승용,남,24세,경상
2023051500100558,2023년 5월 15일 21시,월요일,경기도 수원시 권선구 당수동,경상사고,0,0,1,0,차대차 - 측면충돌,안전운전불이행,젖음/습기,비,단일로 - 기타,승용,남,37세,경상,승용,남,43세,상해없음
2023051500100588,2023년 5월 15일 23시,월요일,경기도 수원시 장안구 송죽동,경상사고,0,0,1,0,차대사람 - 길가장자리구역통행중,안전운전불이행,건조,맑음,단일로 - 기타,화물,남,24세,상해없음,보행자,남,22세,경상
2023051600100085,2023년 5월 16일 08시,화요일,경기도 수원시 영통구 매탄동,중상사고,0,1,0,0,차대사람 - 횡단중,보행자보호의무위반,건조,맑음,교차로 - 교차로횡단보도내,승합,남,62세,상해없음,보행자,여,55세,중상
2023051600100127,2023년 5월 16일 09시,화요일,경기도 수원시 장안구 율전동,경상사고,0,0,1,0,차대차 - 기타,안전운전불이행,건조,맑음,교차로 - 교차로안,승용,여,22세,상해없음,승용,남,40세,경상
2023051600100205,2023년 5월 16일 11시,화요일,경기도 수원시 팔달구 남수동,경상사고,0,0,1,0,차대차 - 측면충돌,안전운전불이행,건조,맑음,교차로 - 교차로안,화물,남,60세,상해없음,승용,남,34세,경상
2023051600100236,2023년 5월 16일 12시,화요일,경기도 수원시 팔달구 팔달로2가,중상사고,0,1,0,0,차대사람 - 기타,안전운전불이행,건조,맑음,단일로 - 기타,승용,여,63세,상해없음,보행자,남,66세,중상
2023051600100279,2023년 5월 16일 13시,화요일,경기도 수원시 영통구 매탄동,경상사고,0,0,1,0,차대차 - 추돌,안전운전불이행,건조,맑음,교차로 - 교차로안,승용,여,52세,상해없음,이륜,남,42세,경상
2023051600100282,2023년 5월 16일 13시,화요일,경기도 수원시 권선구 탑동,중상사고,0,1,0,0,차대차 - 추돌,신호위반,건조,맑음,단일로 - 기타,승용,남,63세,상해없음,이륜,남,30세,중상
2023051600100406,2023년 5월 16일 16시,화요일,경기도 수원시 장안구 정자동,부상신고사고,0,0,0,1,차대차 - 추돌,안전운전불이행,건조,맑음,교차로 - 교차로부근,승용,여,67세,상해없음,승용,남,19세,부상신고
2023051600100465,2023년 5월 16일 17시,화요일,경기도 수원시 팔달구 화서동,경상사고,0,0,1,0,차대사람 - 기타,안전운전불이행,건조,맑음,단일로 - 기타,자전거,남,88세,경상,보행자,남,10세,상해없음
2023051600100630,2023년 5월 16일 21시,화요일,경기도 수원시 팔달구 고등동,경상사고,0,0,1,0,차대차 - 측면충돌,신호위반,건조,맑음,교차로 - 교차로안,승용,남,22세,상해없음,승용,여,45세,경상
2023051600100650,2023년 5월 16일 22시,화요일,경기도 수원시 팔달구 우만동,중상사고,0,1,2,0,차대차 - 추돌,안전운전불이행,건조,맑음,교차로 - 교차로부근,이륜,남,48세,중상,승용,남,50세,경상
2023051600100664,2023년 5월 16일 23시,화요일,경기도 수원시 장안구 조원동,중상사고,0,1,1,0,차대차 - 측면충돌,신호위반,건조,맑음,교차로 - 교차로안,승용,남,73세,상해없음,승용,남,36세,경상
2023051700100024,2023년 5월 17일 04시,수요일,경기도 수원시 권선구 세류동,경상사고,0,0,1,0,차대차 - 추돌,안전운전불이행,건조,맑음,교차로 - 교차로부근,승용,남,32세,상해없음,승용,남,63세,경상
2023051700100045,2023년 5월 17일 06시,수요일,경기도 수원시 권선구 권선동,경상사고,0,0,1,0,차대차 - 측면충돌,신호위반,건조,맑음,교차로 - 교차로횡단보도내,승용,남,45세,상해없음,자전거,남,70세,경상
2023051700100098,2023년 5월 17일 08시,수요일,경기도 수원시 장안구 이목동,경상사고,0,0,3,0,차대차 - 기타,안전운전불이행,건조,맑음,단일로 - 기타,승용,여,46세,경상,승용,여,48세,경상
2023051700100105,2023년 5월 17일 08시,수요일,경기도 수원시 권선구 권선동,경상사고,0,0,2,0,차대차 - 추돌,안전운전불이행,건조,맑음,단일로 - 기타,이륜,남,16세,상해없음,승용,남,52세,경상
2023051700100106,2023년 5월 17일 08시,수요일,경기도 수원시 영통구 영통동,경상사고,0,0,1,0,차대차 - 측면충돌,안전운전불이행,건조,맑음,교차로 - 교차로안,승용,남,74세,상해없음,승용,남,42세,경상
2023051700100107,2023년 5월 17일 08시,수요일,경기도 수원시 영통구 매탄동,경상사고,0,0,1,0,차대차 - 측면충돌,안전거리미확보,건조,맑음,교차로 - 교차로부근,승용,남,32세,상해없음,승용,남,49세,경상
2023051700100108,2023년 5월 17일 08시,수요일,경기도 수원시 영통구 이의동,경상사고,0,0,1,0,차대차 - 기타,안전운전불이행,건조,맑음,교차로 - 교차로부근,승합,남,58세,상해없음,승용,남,29세,경상
2023051700100110,2023년 5월 17일 08시,수요일,경기도 수원시 권선구 서둔동,중상사고,0,1,4,0,차대차 - 측면충돌,신호위반,건조,맑음,교차로 - 교차로안,이륜,남,18세,상해없음,승합,남,60세,경상
2023051700100152,2023년 5월 17일 09시,수요일,경기도 수원시 장안구 천천동,경상사고,0,0,1,0,차대차 - 기타,안전운전불이행,건조,맑음,교차로 - 교차로안,승용,여,74세,상해없음,승용,남,25세,경상
2023051700100158,2023년 5월 17일 09시,수요일,경기도 수원시 영통구 영통동,경상사고,0,0,1,0,차대차 - 측면충돌,중앙선침범,건조,맑음,단일로 - 기타,승용,여,69세,상해없음,승용,여,44세,경상
2023051700100159,2023년 5월 17일 09시,수요일,경기도 수원시 영통구 원천동,중상사고,0,2,0,0,차대차 - 추돌,안전운전불이행,건조,맑음,교차로 - 교차로안,승용,남,71세,상해없음,승용,남,82세,중상
2023051700100415,2023년 5월 17일 15시,수요일,경기도 수원시 장안구 영화동,경상사고,0,0,1,0,차대차 - 측면충돌,안전운전불이행,건조,맑음,교차로 - 교차로안,승용,남,52세,상해없음,승용,남,51세,상해없음
2023051700100565,2023년 5월 17일 18시,수요일,경기도 수원시 권선구 서둔동,경상사고,0,0,1,0,차대차 - 측면충돌,안전운전불이행,건조,맑음,교차로 - 교차로부근,승용,남,45세,상해없음,개인형이동수단(PM),남,66세,경상
2023051700100638,2023년 5월 17일 20시,수요일,경기도 수원시 권선구 곡반정동,경상사고,0,0,1,0,차대차 - 추돌,안전운전불이행,건조,맑음,단일로 - 기타,승용,남,26세,상해없음,승용,남,36세,경상
2023051700100639,2023년 5월 17일 20시,수요일,경기도 수원시 권선구 오목천동,경상사고,0,0,1,0,차대차 - 추돌,신호위반,건조,흐림,교차로 - 교차로안,승용,남,65세,상해없음,승용,남,35세,경상
2023051700100640,2023년 5월 17일 20시,수요일,경기도 수원시 권선구 호매실동,중상사고,0,1,0,0,차대차 - 측면충돌,신호위반,건조,맑음,교차로 - 교차로안,승합,남,26세,상해없음,승합,남,56세,중상
2023051700100665,2023년 5월 17일 21시,수요일,경기도 수원시 권선구 호매실동,경상사고,0,0,1,0,차대차 - 추돌,안전운전불이행,건조,맑음,단일로 - 기타,승용,남,28세,상해없음,승용,여,50세,경상
2023051700100694,2023년 5월 17일 23시,수요일,경기도 수원시 팔달구 화서동,경상사고,0,0,2,0,차대차 - 추돌,안전운전불이행,건조,맑음,교차로 - 교차로부근,승용,남,68세,상해없음,승용,여,49세,경상
2023051800100006,2023년 5월 18일 00시,목요일,경기도 수원시 권선구 권선동,경상사고,0,0,1,0,차대차 - 측면충돌,신호위반,건조,맑음,교차로 - 교차로안,승용,남,31세,상해없음,승용,남,42세,경상
2023051800100026,2023년 5월 18일 02시,목요일,경기도 수원시 장안구 상광교동,중상사고,0,1,0,0,차량단독 - 기타,안전운전불이행,건조,맑음,단일로 - 기타,이륜,남,16세,상해없음,,,,
2023051800100027,2023년 5월 18일 02시,목요일,경기도 수원시 권선구 곡반정동,중상사고,0,1,0,0,차량단독 - 공작물충돌,안전운전불이행,건조,맑음,단일로 - 지하차도(도로)내,이륜,남,44세,중상,,,,