사고번호,사고일시,요일,시군구,사고내용,사망자수,중상자수,경상자수,부상신고자수,사고유형,법규위반,노면상태,기상상태,도로형태,가해운전자 차종,가해운전자 성별,가해운전자 연령,가해운전자 상해정도,피해운전자 차종,피해운전자 성별,피해운전자 연령,피해운전자 상해정도
2023051800100040,2023년 5월 18일 05시,목요일,경기도 수원시 장안구 영화동,경상사고,0,0,2,1,차대차 - 기타,기타,건조,맑음,교차로 - 교차로안,이륜,남,78세,부상신고,승용,남,41세,상해없음
2023051800100043,2023년 5월 18일 05시,목요일,경기도 수원시 팔달구 고등동,중상사고,0,1,0,0,차대사람 - 횡단중,안전운전불이행,건조,맑음,단일로 - 기타,승용,남,36세,상해없음,보행자,여,71세,중상
2023051800100057,2023년 5월 18일 06시,목요일,경기도 수원시 권선구 서둔동,중상사고,0,1,0,0,차대차 - 측면충돌,안전운전불이행,건조,흐림,단일로 - 기타,승용,남,59세,상해없음,화물,여,67세,상해없음
2023051800100153,2023년 5월 18일 09시,목요일,경기도 수원시 장안구 영화동,경상사고,0,0,1,0,차대차 - 추돌,안전운전불이행,건조,맑음,기타 - 기타,기타불명,여,85세,상해없음,자전거,남,77세,경상
2023051800100158,2023년 5월 18일 09시,목요일,경기도 수원시 권선구 금곡동,부상신고사고,0,0,0,1,차대차 - 기타,안전운전불이행,건조,맑음,단일로 - 기타,자전거,남,17세,부상신고,화물,여,47세,기타불명
2023051800100394,2023년 5월 18일 16시,목요일,경기도 수원시 팔달구 인계동,중상사고,0,1,0,0,차대사람 - 기타,안전운전불이행,건조,맑음,단일로 - 기타,승용,남,44세,상해없음,보행자,남,53세,중상
2023051800100490,2023년 5월 18일 18시,목요일,경기도 수원시 영통구 매탄동,경상사고,0,0,2,0,차대차 - 측면충돌,안전거리미확보,건조,맑음,단일로 - 기타,승용,남,65세,기타불명,승용,여,37세,경상
2023051800100528,2023년 5월 18일 19시,목요일,경기도 수원시 장안구 율전동,경상사고,0,0,1,0,차대차 - 측면충돌,신호위반,건조,맑음,단일로 - 기타,승용,남,44세,상해없음,이륜,남,30세,경상
2023051800100603,2023년 5월 18일 22시,목요일,경기도 수원시 권선구 탑동,중상사고,0,1,2,0,차대차 - 측면충돌,중앙선침범,건조,맑음,교차로 - 교차로부근,승용,남,54세,상해없음,이륜,남,17세,중상
2023051900100053,2023년 5월 19일 06시,금요일,경기도 수원시 장안구 영화동,경상사고,0,0,1,0,차대차 - 정면충돌,중앙선침범,건조,맑음,단일로 - 기타,승용,남,40세,상해없음,승용,남,55세,경상
2023051900100075,2023년 5월 19일 07시,금요일,경기도 수원시 팔달구 인계동,경상사고,0,0,1,0,차대차 - 측면충돌,안전운전불이행,건조,맑음,단일로 - 기타,화물,남,65세,상해없음,승용,남,55세,경상
2023051900100076,2023년 5월 19일 07시,금요일,경기도 수원시 영통구 이의동,경상사고,0,0,1,0,차대차 - 측면충돌,안전운전불이행,건조,맑음,교차로 - 교차로부근,승합,남,61세,상해없음,승용,남,46세,경상
2023051900100199,2023년 5월 19일 10시,금요일,경기도 수원시 영통구 매탄동,경상사고,0,0,1,0,차대차 - 추돌,안전거리미확보,건조,맑음,교차로 - 교차로부근,이륜,남,31세,상해없음,승용,여,58세,경상
2023051900100287,2023년 5월 19일 12시,금요일,경기도 수원시 팔달구 인계동,경상사고,0,0,1,0,차대차 - 후진중충돌,안전운전불이행,건조,맑음,단일로 - 기타,승용,남,63세,상해없음,이륜,남,44세,경상
2023051900100439,2023년 5월 19일 16시,금요일,경기도 수원시 장안구 연무동,경상사고,0,0,1,0,차대차 - 후진중충돌,안전운전불이행,건조,맑음,단일로 - 기타,승용,여,67세,상해없음,이륜,남,30세,경상
2023051900100547,2023년 5월 19일 18시,금요일,경기도 수원시 팔달구 우만동,경상사고,0,0,1,0,차대차 - 기타,교차로운행방법위반,건조,맑음,교차로 - 교차로안,승용,남,23세,경상,승용,남,45세,상해없음
2023051900100548,2023년 5월 19일 18시,금요일,경기도 수원시 팔달구 우만동,경상사고,0,0,1,0,차대차 - 측면충돌,안전거리미확보,건조,맑음,교차로 - 교차로안,승합,남,63세,상해없음,승용,여,64세,경상
2023051900100552,2023년 5월 19일 18시,금요일,경기도 수원시 팔달구 매산로2가,경상사고,0,0,1,0,차대사람 - 보도통행중,안전운전불이행,건조,맑음,교차로 - 교차로부근,승용,여,19세,상해없음,보행자,남,30세,경상
2023051900100602,2023년 5월 19일 19시,금요일,경기도 수원시 권선구 입북동,경상사고,0,0,5,0,차대차 - 추돌,안전운전불이행,건조,맑음,기타 - 기타,승용,여,37세,기타불명,승용,여,30세,경상
2023051900100665,2023년 5월 19일 21시,금요일,경기도 수원시 팔달구 인계동,경상사고,0,0,3,0,차대차 - 기타,신호위반,건조,맑음,단일로 - 기타,승합,남,48세,상해없음,개인형이동수단(PM),남,28세,경상
2023051900100697,2023년 5월 19일 22시,금요일,경기도 수원시 권선구 세류동,중상사고,0,1,0,0,차대사람 - 횡단중,안전운전불이행,건조,맑음,교차로 - 교차로횡단보도내,승용,남,76세,상해없음,보행자,여,44세,중상
2023052000100147,2023년 5월 20일 10시,토요일,경기도 수원시 팔달구 매산로1가,중상사고,0,1,0,0,차량단독 - 기타,안전운전불이행,건조,맑음,단일로 - 기타,승합,남,44세,상해없음,,,,
2023052000100192,2023년 5월 20일 11시,토요일,경기도 수원시 장안구 정자동,경상사고,0,0,4,0,차대차 - 정면충돌,신호위반,건조,맑음,교차로 - 교차로부근,승용,남,21세,상해없음,승용,남,44세,경상
2023052000100336,2023년 5월 20일 14시,토요일,경기도 수원시 영통구 매탄동,경상사고,0,0,2,0,차대차 - 추돌,안전거리미확보,건조,맑음,단일로 - 기타,승용,남,66세,상해없음,화물,남,46세,경상
2023052000100380,2023년 5월 20일 15시,토요일,경기도 수원시 장안구 천천동,중상사고,0,1,0,0,차대차 - 측면충돌,교차로운행방법위반,건조,맑음,교차로 - 교차로안,승용,남,24세,상해없음,이륜,남,47세,중상
2023052000100422,2023년 5월 20일 16시,토요일,경기도 수원시 권선구 곡반정동,중상사고,0,1,0,0,차량단독 - 기타,안전운전불이행,건조,맑음,교차로 - 교차로부근,자전거,남,75세,중상,,,,
2023052000100424,2023년 5월 20일 16시,토요일,경기도 수원시 권선구 세류동,경상사고,0,0,1,0,차대차 - 추돌,안전거리미확보,건조,맑음,단일로 - 터널,승용,남,60세,상해없음,승용,남,48세,경상
2023052000100459,2023년 5월 20일 17시,토요일,경기도 수원시 팔달구 화서동,중상사고,0,1,0,0,차대차 - 정면충돌,안전운전불이행,건조,맑음,교차로 - 교차로횡단보도내,이륜,남,29세,상해없음,원동기,남,54세,중상
2023052000100552,2023년 5월 20일 20시,토요일,경기도 수원시 팔달구 매산로1가,경상사고,0,0,1,0,차대차 - 후진중충돌,불법유턴,건조,맑음,단일로 - 기타,승용,남,28세,기타불명,이륜,남,26세,경상
2023052000100584,2023년 5월 20일 21시,토요일,경기도 수원시 팔달구 고등동,경상사고,0,0,1,0,차대사람 - 횡단중,보행자보호의무위반,건조,맑음,단일로 - 기타,승용,여,26세,상해없음,보행자,남,49세,경상
2023052000100605,2023년 5월 20일 22시,토요일,경기도 수원시 장안구 율전동,경상사고,0,0,1,0,차대차 - 측면충돌,신호위반,건조,맑음,교차로 - 교차로안,승용,남,31세,상해없음,승용,남,31세,경상
2023052100100146,2023년 5월 21일 12시,일요일,경기도 수원시 영통구 망포동,경상사고,0,0,1,0,차대차 - 기타,안전운전불이행,건조,맑음,단일로 - 기타,승용,남,60세,상해없음,이륜,남,51세,경상
2023052100100167,2023년 5월 21일 13시,일요일,경기도 수원시 장안구 송죽동,경상사고,0,0,1,0,차대사람 - 길가장자리구역통행중,안전운전불이행,건조,맑음,단일로 - 기타,승용,남,82세,상해없음,보행자,여,9세,경상
2023052100100274,2023년 5월 21일 16시,일요일,경기도 수원시 장안구 영화동,경상사고,0,0,1,0,차대차 - 정면충돌,직진우회전진행방해,건조,맑음,교차로 - 교차로안,승용,남,56세,상해없음,승용,남,41세,경상
2023052100100337,2023년 5월 21일 18시,일요일,경기도 수원시 팔달구 장안동,경상사고,0,0,1,0,차대사람 - 기타,안전운전불이행,건조,맑음,단일로 - 기타,승용,남,62세,상해없음,보행자,여,56세,경상
2023052100100381,2023년 5월 21일 20시,일요일,경기도 수원시 영통구 하동,중상사고,0,1,3,0,차대차 - 측면충돌,안전운전불이행,건조,맑음,교차로 - 교차로부근,승용,여,46세,경상,승용,여,51세,경상
2023052100100415,2023년 5월 21일 21시,일요일,경기도 수원시 장안구 영화동,경상사고,0,0,1,0,차대사람 - 횡단중,안전운전불이행,건조,흐림,교차로 - 교차로안,승용,남,65세,상해없음,보행자,남,62세,경상
2023052200100011,2023년 5월 22일 02시,월요일,경기도 수원시 팔달구 인계동,중상사고,0,1,0,0,차대사람 - 횡단중,신호위반,건조,맑음,교차로 - 교차로안,승용,남,61세,상해없음,보행자,남,40세,중상
2023052200100405,2023년 5월 22일 17시,월요일,경기도 수원시 장안구 연무동,중상사고,0,1,0,0,차대차 - 추돌,안전운전불이행,건조,맑음,단일로 - 기타,승용,남,63세,상해없음,승용,여,49세,중상
2023052200100413,2023년 5월 22일 17시,월요일,경기도 수원시 권선구 세류동,경상사고,0,0,1,0,차대차 - 추돌,안전운전불이행,건조,맑음,교차로 - 교차로부근,승용,남,74세,상해없음,승용,남,57세,경상
2023052200100457,2023년 5월 22일 18시,월요일,경기도 수원시 권선구 권선동,중상사고,0,3,8,0,차대차 - 추돌,안전거리미확보,건조,맑음,단일로 - 기타,승합,남,52세,상해없음,승용,여,28세,경상
2023052200100527,2023년 5월 22일 20시,월요일,경기도 수원시 팔달구 북수동,경상사고,0,0,1,0,차대차 - 추돌,보행자보호의무위반,건조,맑음,교차로 - 교차로횡단보도내,승용,여,43세,상해없음,승용,여,37세,상해없음
2023052200100531,2023년 5월 22일 20시,월요일,경기도 수원시 영통구 매탄동,경상사고,0,0,1,0,차대차 - 기타,안전거리미확보,젖음/습기,비,교차로 - 교차로부근,이륜,남,40세,상해없음,승용,남,37세,경상
2023052200100554,2023년 5월 22일 21시,월요일,경기도 수원시 영통구 매탄동,경상사고,0,0,1,0,차대차 - 기타,안전운전불이행,젖음/습기,비,교차로 - 교차로안,승용,남,30세,상해없음,이륜,남,41세,경상
2023052200100556,2023년 5월 22일 21시,월요일,경기도 수원시 권선구 고색동,경상사고,0,0,1,0,차대사람 - 보도통행중,기타,건조,맑음,단일로 - 기타,승용,남,19세,상해없음,보행자,여,65세,경상
2023052200100585,2023년 5월 22일 22시,월요일,경기도 수원시 장안구 영화동,경상사고,0,0,1,0,차대사람 - 기타,안전운전불이행,건조,맑음,단일로 - 기타,승용,여,50세,상해없음,보행자,남,48세,경상
2023052200100606,2023년 5월 22일 23시,월요일,경기도 수원시 장안구 파장동,경상사고,0,0,2,0,차대차 - 기타,안전거리미확보,건조,맑음,단일로 - 기타,승용,남,56세,상해없음,승용,여,48세,상해없음
2023052300100010,2023년 5월 23일 01시,화요일,경기도 수원시 팔달구 인계동,경상사고,0,0,1,0,차대사람 - 차도통행중,안전운전불이행,건조,맑음,기타 - 기타,승용,남,29세,상해없음,보행자,남,64세,경상
2023052300100141,2023년 5월 23일 09시,화요일,경기도 수원시 권선구 금곡동,중상사고,0,1,0,2,차대차 - 추돌,직진우회전진행방해,건조,맑음,교차로 - 교차로안,승용,여,46세,상해없음,승용,여,53세,중상
2023052300100466,2023년 5월 23일 17시,화요일,경기도 수원시 권선구 권선동,경상사고,0,0,1,0,차대사람 - 보도통행중,안전운전불이행,건조,맑음,단일로 - 기타,승용,남,56세,상해없음,보행자,남,65세,경상
2023052300100467,2023년 5월 23일 17시,화요일,경기도 수원시 영통구 원천동,경상사고,0,0,1,0,차대차 - 후진중충돌,안전운전불이행,건조,맑음,단일로 - 지하차도(도로)내,승용,여,47세,상해없음,이륜,남,28세,경상
2023052300100513,2023년 5월 23일 18시,화요일,경기도 수원시 장안구 정자동,경상사고,0,0,1,0,차대차 - 기타,안전거리미확보,건조,맑음,교차로 - 교차로안,승합,남,75세,상해없음,승용,남,30세,경상
2023052300100523,2023년 5월 23일 18시,화요일,경기도 수원시 권선구 고색동,경상사고,0,0,1,0,차대차 - 기타,안전거리미확보,건조,맑음,단일로 - 기타,승용,여,29세,상해없음,승용,남,33세,경상
2023052300100616,2023년 5월 23일 21시,화요일,경기도 수원시 권선구 세류동,경상사고,0,0,1,0,차대차 - 측면충돌,안전운전불이행,건조,맑음,단일로 - 기타,승용,여,48세,상해없음,이륜,남,34세,상해없음
2023052300100647,2023년 5월 23일 23시,화요일,경기도 수원시 장안구 천천동,경상사고,0,0,1,0,차대차 - 기타,불법유턴,건조,맑음,교차로 - 교차로부근,승용,남,44세,상해없음,이륜,남,45세,경상
2023052300100649,2023년 5월 23일 23시,화요일,경기도 수원시 영통구 영통동,중상사고,0,1,0,0,차대차 - 기타,안전운전불이행,건조,맑음,단일로 - 기타,승용,남,41세,상해없음,이륜,남,47세,중상
2023052400100003,2023년 5월 24일 00시,수요일,경기도 수원시 장안구 연무동,경상사고,0,0,1,0,차대차 - 기타,안전운전불이행,건조,맑음,단일로 - 기타,승용,남,60세,상해없음,개인형이동수단(PM),남,34세,경상
2023052400100014,2023년 5월 24일 01시,수요일,경기도 수원시 영통구 원천동,경상사고,0,0,1,0,차대사람 - 횡단중,안전운전불이행,건조,맑음,단일로 - 기타,개인형이동수단(PM),남,19세,상해없음,보행자,남,31세,경상
2023052400100020,2023년 5월 24일 02시,수요일,경기도 수원시 영통구 매탄동,경상사고,0,0,4,0,차대차 - 기타,신호위반,건조,맑음,교차로 - 교차로안,승용,여,18세,경상,승용,남,69세,경상
2023052400100023,2023년 5월 24일 03시,수요일,경기도 수원시 팔달구 인계동,경상사고,0,0,1,0,차대차 - 추돌,안전운전불이행,건조,맑음,교차로 - 교차로안,승용,남,59세,상해없음,승용,남,45세,경상
2023052400100024,2023년 5월 24일 03시,수요일,경기도 수원시 팔달구 매산로1가,중상사고,0,2,0,0,차대차 - 정면충돌,신호위반,건조,맑음,기타 - 기타,승용,남,62세,상해없음,이륜,남,18세,중상
2023052400100068,2023년 5월 24일 07시,수요일,경기도 수원시 팔달구 매산로1가,경상사고,0,0,1,0,차대차 - 추돌,안전운전불이행,건조,맑음,교차로 - 교차로안,승용,남,39세,상해없음,화물,남,63세,경상
2023052400100104,2023년 5월 24일 08시,수요일,경기도 수원시 팔달구 인계동,경상사고,0,0,1,0,차대차 - 측면충돌,안전운전불이행,건조,맑음,교차로 - 교차로부근,승용,여,28세,상해없음,승용,여,45세,경상
2023052400100193,2023년 5월 24일 10시,수요일,경기도 수원시 장안구 이목동,경상사고,0,0,1,0,차대차 - 기타,안전거리미확보,건조,맑음,단일로 - 기타,기타불명,기타불명,미분류,기타불명,특수,남,53세,상해없음
2023052400100224,2023년 5월 24일 11시,수요일,경기도 수원시 권선구 고색동,중상사고,0,1,0,0,차대차 - 측면충돌,직진우회전진행방해,건조,맑음,교차로 - 교차로부근,승용,여,47세,상해없음,승용,여,60세,중상
2023052400100251,2023년 5월 24일 12시,수요일,경기도 수원시 장안구 정자동,경상사고,0,0,1,0,차대차 - 측면충돌,안전운전불이행,건조,맑음,단일로 - 기타,승용,남,69세,상해없음,이륜,남,44세,경상
2023052400100349,2023년 5월 24일 15시,수요일,경기도 수원시 권선구 서둔동,경상사고,0,0,2,0,차대차 - 기타,안전거리미확보,건조,맑음,단일로 - 기타,승용,여,39세,상해없음,승용,여,33세,경상
2023052400100383,2023년 5월 24일 16시,수요일,경기도 수원시 영통구 매탄동,경상사고,0,0,1,0,차대차 - 측면충돌,안전운전불이행,건조,맑음,단일로 - 기타,이륜,남,34세,상해없음,개인형이동수단(PM),여,33세,경상
2023052400100427,2023년 5월 24일 17시,수요일,경기도 수원시 권선구 호매실동,중상사고,0,1,20,2,차대차 - 추돌,안전운전불이행,건조,맑음,단일로 - 지하차도(도로)내,승용,남,36세,상해없음,승용,남,54세,경상
2023052400100477,2023년 5월 24일 18시,수요일,경기도 수원시 영통구 원천동,경상사고,0,0,1,0,차대차 - 측면충돌,안전거리미확보,건조,맑음,단일로 - 기타,화물,남,50세,상해없음,승용,남,32세,경상
2023052400100531,2023년 5월 24일 20시,수요일,경기도 수원시 장안구 율전동,경상사고,0,0,1,0,차대사람 - 보도통행중,안전운전불이행,건조,맑음,기타 - 기타,자전거,여,30세,상해없음,보행자,여,22세,경상
2023052400100589,2023년 5월 24일 23시,수요일,경기도 수원시 영통구 원천동,경상사고,0,0,1,0,차대차 - 추돌,안전운전불이행,건조,맑음,교차로 - 교차로부근,승용,남,40세,상해없음,승용,남,28세,경상
2023052500100003,2023년 5월 25일 00시,목요일,경기도 수원시 팔달구 매산로1가,경상사고,0,0,4,0,차대차 - 측면충돌,차로위반,건조,맑음,교차로 - 교차로부근,승용,남,62세,상해없음,승용,남,23세,경상
2023052500100030,2023년 5월 25일 04시,목요일,경기도 수원시 영통구 영통동,경상사고,0,0,1,0,차량단독 - 공작물충돌,안전운전불이행,건조,맑음,단일로 - 기타,승용,남,43세,경상,,,,
2023052500100093,2023년 5월 25일 08시,목요일,경기도 수원시 권선구 금곡동,부상신고사고,0,0,0,1,차대차 - 기타,안전운전불이행,건조,맑음,교차로 - 교차로부근,승용,여,51세,상해없음,자전거,남,13세,부상신고
2023052500100094,2023년 5월 25일 08시,목요일,경기도 수원시 팔달구 매산로1가,경상사고,0,0,1,0,차대차 - 측면충돌,안전운전불이행,건조,맑음,교차로 - 교차로부근,승합,남,59세,상해없음,승합,남,72세,경상
2023052500100133,2023년 5월 25일 09시,목요일,경기도 수원시 권선구 권선동,경상사고,0,0,1,0,차대차 - 추돌,안전운전불이행,건조,맑음,단일로 - 기타,승용,남,59세,상해없음,승용,여,28세,경상
2023052500100174,2023년 5월 25일 10시,목요일,경기도 수원시 장안구 영화동,경상사고,0,0,1,1,차대차 - 측면충돌,안전운전불이행,건조,맑음,단일로 - 기타,승용,여,49세,부상신고,승용,여,55세,경상
2023052500100175,2023년 5월 25일 10시,목요일,경기도 수원시 장안구 이목동,경상사고,0,0,1,0,차대차 - 측면충돌,안전거리미확보,건조,맑음,단일로 - 기타,화물,남,49세,상해없음,건설기계,남,64세,경상
2023052500100231,2023년 5월 25일 12시,목요일,경기도 수원시 장안구 영화동,중상사고,0,1,0,0,차대차 - 기타,불법유턴,건조,맑음,단일로 - 기타,승용,남,26세,상해없음,이륜,남,53세,중상
2023052500100234,2023년 5월 25일 12시,목요일,경기도 수원시 권선구 권선동,경상사고,0,0,1,0,차대차 - 기타,안전운전불이행,건조,맑음,기타 - 기타,승용,남,61세,상해없음,이륜,남,35세,경상
2023052500100260,2023년 5월 25일 13시,목요일,경기도 수원시 장안구 천천동,경상사고,0,0,2,0,차대차 - 기타,신호위반,건조,맑음,교차로 - 교차로안,승용,남,71세,상해없음,승용,남,70세,경상
2023052500100261,2023년 5월 25일 13시,목요일,경기도 수원시 팔달구 매향동,경상사고,0,0,1,0,차대차 - 기타,안전운전불이행,건조,맑음,교차로 - 교차로안,승용,여,56세,상해없음,승합,남,51세,상해없음
2023052500100336,2023년 5월 25일 15시,목요일,경기도 수원시 권선구 권선동,중상사고,0,1,0,0,차대차 - 기타,안전운전불이행,건조,맑음,단일로 - 기타,승용,남,47세,기타불명,승용,여,66세,중상
2023052500100378,2023년 5월 25일 16시,목요일,경기도 수원시 장안구 연무동,경상사고,0,0,1,0,차대차 - 기타,직진우회전진행방해,건조,맑음,교차로 - 교차로안,승용,남,31세,상해없음,승용,여,60세,경상
2023052500100466,2023년 5월 25일 18시,목요일,경기도 수원시 팔달구 매산로1가,경상사고,0,0,5,0,차대차 - 측면충돌,안전거리미확보,건조,맑음,교차로 - 교차로안,승합,남,61세,기타불명,승용,남,21세,경상
2023052500100504,2023년 5월 25일 19시,목요일,경기도 수원시 영통구 영통동,경상사고,0,0,1,0,차대차 - 측면충돌,안전운전불이행,건조,맑음,단일로 - 기타,승용,여,32세,상해없음,이륜,남,28세,경상
2023052500100506,2023년 5월 25일 19시,목요일,경기도 수원시 권선구 구운동,중상사고,0,1,0,0,차대차 - 측면충돌,안전운전불이행,건조,맑음,교차로 - 교차로안,승용,남,43세,상해없음,자전거,남,68세,중상
2023052500100569,2023년 5월 25일 21시,목요일,경기도 수원시 팔달구 인계동,중상사고,0,1,0,0,차대사람 - 차도통행중,안전운전불이행,건조,맑음,교차로 - 교차로안,승용,여,62세,상해없음,보행자,남,83세,중상
2023052500100595,2023년 5월 25일 22시,목요일,경기도 수원시 장안구 율전동,경상사고,0,0,1,0,차대차 - 기타,안전운전불이행,건조,맑음,단일로 - 기타,승합,남,72세,상해없음,승합,남,60세,경상
2023052500100597,2023년 5월 25일 22시,목요일,경기도 수원시 팔달구 매교동,중상사고,0,1,0,0,차대차 - 추돌,안전운전불이행,건조,흐림,교차로 - 교차로부근,승용,남,50세,상해없음,이륜,남,23세,중상
2023052600100143,2023년 5월 26일 09시,금요일,경기도 수원시 팔달구 매산로1가,경상사고,0,0,2,0,차대차 - 추돌,안전운전불이행,건조,맑음,교차로 - 교차로부근,승용,남,25세,상해없음,승용,남,44세,경상
2023052600100175,2023년 5월 26일 10시,금요일,경기도 수원시 장안구 영화동,중상사고,0,1,0,0,차대사람 - 횡단중,안전운전불이행,건조,맑음,교차로 - 교차로안,화물,남,34세,상해없음,보행자,여,81세,중상
2023052600100176,2023년 5월 26일 10시,금요일,경기도 수원시 영통구 매탄동,경상사고,0,0,1,0,차대사람 - 횡단중,안전운전불이행,건조,맑음,단일로 - 기타,화물,남,48세,상해없음,보행자,남,59세,경상
2023052600100364,2023년 5월 26일 15시,금요일,경기도 수원시 팔달구 화서동,경상사고,0,0,1,0,차대차 - 측면충돌,안전거리미확보,건조,맑음,단일로 - 기타,승용,남,69세,상해없음,승용,남,38세,경상
2023052600100410,2023년 5월 26일 16시,금요일,경기도 수원시 장안구 영화동,경상사고,0,0,2,0,차량단독 - 기타,기타,건조,맑음,교차로 - 교차로부근,승합,남,52세,상해없음,,,,
2023052600100467,2023년 5월 26일 17시,금요일,경기도 수원시 영통구 원천동,중상사고,0,1,0,0,차량단독 - 기타,안전운전불이행,건조,맑음,단일로 - 기타,승합,남,61세,상해없음,,,,
2023052600100532,2023년 5월 26일 18시,금요일,경기도 수원시 팔달구 매산로1가,경상사고,0,0,2,0,차대차 - 기타,안전운전불이행,건조,맑음,단일로 - 기타,승용,남,65세,상해없음,승용,남,58세,상해없음
2023052600100585,2023년 5월 26일 19시,금요일,경기도 수원시 팔달구 인계동,경상사고,0,0,3,0,차대차 - 측면충돌,안전거리미확보,건조,맑음,단일로 - 기타,승용,남,28세,경상,승용,여,67세,경상
2023052600100589,2023년 5월 26일 19시,금요일,경기도 수원시 영통구 하동,경상사고,0,0,3,0,차대차 - 추돌,안전운전불이행,건조,맑음,단일로 - 기타,승용,남,41세,상해없음,승용,남,33세,경상
2023052600100662,2023년 5월 26일 22시,금요일,경기도 수원시 장안구 연무동,사망사고,1,0,0,0,차대사람 - 기타,안전운전불이행,건조,맑음,교차로 - 교차로안,승합,남,62세,상해없음,보행자,남,49세,사망
2023052700100056,2023년 5월 27일 06시,토요일,경기도 수원시 권선구 금곡동,경상사고,0,0,1,0,차대차 - 추돌,안전운전불이행,건조,맑음,교차로 - 교차로부근,승용,남,58세,상해없음,승용,남,47세,경상
2023052700100096,2023년 5월 27일 09시,토요일,경기도 수원시 장안구 파장동,경상사고,0,0,4,0,차대차 - 추돌,안전운전불이행,건조,맑음,단일로 - 기타,승용,남,67세,상해없음,승용,남,57세,경상
2023052700100243,2023년 5월 27일 13시,토요일,경기도 수원시 팔달구 화서동,경상사고,0,0,1,0,차대차 - 후진중충돌,안전운전불이행,젖음/습기,비,교차로 - 교차로부근,승용,남,29세,상해없음,승용,남,33세,경상
2023052700100244,2023년 5월 27일 13시,토요일,경기도 수원시 장안구 영화동,경상사고,0,0,2,0,차대차 - 기타,신호위반,젖음/습기,비,단일로 - 기타,승용,여,66세,기타불명,승용,남,39세,경상
2023052700100245,2023년 5월 27일 13시,토요일,경기도 수원시 팔달구 우만동,경상사고,0,0,1,0,차대차 - 기타,안전거리미확보,젖음/습기,맑음,단일로 - 기타,화물,남,56세,상해없음,승용,남,29세,경상
2023052700100256,2023년 5월 27일 13시,토요일,경기도 수원시 권선구 고색동,경상사고,0,0,1,0,차대차 - 기타,교차로운행방법위반,젖음/습기,비,교차로 - 교차로안,승용,여,59세,경상,승용,남,56세,상해없음
2023052700100424,2023년 5월 27일 18시,토요일,경기도 수원시 팔달구 인계동,경상사고,0,0,4,0,차대차 - 기타,기타,젖음/습기,비,단일로 - 기타,승용,남,60세,상해없음,승합,남,54세,경상
2023052700100427,2023년 5월 27일 18시,토요일,경기도 수원시 권선구 세류동,경상사고,0,0,2,0,차대차 - 추돌,안전거리미확보,건조,맑음,단일로 - 기타,이륜,남,51세,경상,이륜,남,44세,경상
2023052700100428,2023년 5월 27일 18시,토요일,경기도 수원시 팔달구 고등동,중상사고,0,1,0,0,차대차 - 측면충돌,안전운전불이행,젖음/습기,비,단일로 - 기타,승용,남,29세,상해없음,승용,남,26세,중상
2023052700100458,2023년 5월 27일 19시,토요일,경기도 수원시 영통구 영통동,중상사고,0,1,0,0,차대차 - 기타,안전운전불이행,젖음/습기,비,교차로 - 교차로부근,승용,여,31세,상해없음,이륜,남,45세,중상
2023052700100497,2023년 5월 27일 20시,토요일,경기도 수원시 권선구 세류동,경상사고,0,0,1,0,차대사람 - 기타,안전운전불이행,건조,맑음,단일로 - 기타,승용,남,47세,상해없음,보행자,남,67세,경상
2023052700100498,2023년 5월 27일 20시,토요일,경기도 수원시 팔달구 고등동,경상사고,0,0,1,1,차대차 - 추돌,신호위반,젖음/습기,비,교차로 - 교차로안,이륜,남,32세,부상신고,승용,여,61세,경상
2023052700100499,2023년 5월 27일 20시,토요일,경기도 수원시 권선구 탑동,경상사고,0,0,1,0,차대차 - 측면충돌,안전운전불이행,건조,맑음,단일로 - 기타,기타불명,기타불명,미분류,기타불명,승용,여,63세,경상
2023052700100543,2023년 5월 27일 21시,토요일,경기도 수원시 영통구 이의동,경상사고,0,0,1,0,차대차 - 측면충돌,안전거리미확보,젖음/습기,비,교차로 - 교차로안,승용,여,55세,상해없음,승용,남,62세,경상
2023052700100546,2023년 5월 27일 21시,토요일,경기도 수원시 팔달구 매산로1가,경상사고,0,0,1,0,차대차 - 추돌,안전운전불이행,젖음/습기,비,교차로 - 교차로안,승용,남,26세,상해없음,승용,남,57세,경상
2023052800100009,2023년 5월 28일 00시,일요일,경기도 수원시 팔달구 매산로2가,경상사고,0,0,1,0,차대차 - 기타,안전운전불이행,건조,맑음,단일로 - 기타,승용,남,59세,상해없음,승용,남,44세,상해없음
2023052800100045,2023년 5월 28일 03시,일요일,경기도 수원시 권선구 권선동,경상사고,0,0,1,0,차대차 - 기타,신호위반,젖음/습기,비,교차로 - 교차로안,개인형이동수단(PM),남,22세,경상,승용,남,27세,상해없음