사고번호,사고일시,요일,시군구,사고내용,사망자수,중상자수,경상자수,부상신고자수,사고유형,법규위반,노면상태,기상상태,도로형태,가해운전자 차종,가해운전자 성별,가해운전자 연령,가해운전자 상해정도,피해운전자 차종,피해운전자 성별,피해운전자 연령,피해운전자 상해정도
2023052800100060,2023년 5월 28일 06시,일요일,경기도 수원시 권선구 호매실동,경상사고,0,0,1,0,차대차 - 측면충돌,차로위반,젖음/습기,비,교차로 - 교차로부근,화물,남,57세,상해없음,승용,여,35세,경상
2023052800100070,2023년 5월 28일 07시,일요일,경기도 수원시 영통구 이의동,경상사고,0,0,3,0,차대차 - 추돌,안전운전불이행,젖음/습기,맑음,단일로 - 기타,승용,여,35세,상해없음,승용,남,41세,경상
2023052800100076,2023년 5월 28일 08시,일요일,경기도 수원시 장안구 천천동,경상사고,0,0,1,0,차량단독 - 기타,안전운전불이행,젖음/습기,비,단일로 - 기타,승합,남,68세,상해없음,,,,
2023052800100107,2023년 5월 28일 10시,일요일,경기도 수원시 영통구 매탄동,중상사고,0,1,0,0,차대차 - 정면충돌,중앙선침범,젖음/습기,비,단일로 - 기타,승용,남,27세,상해없음,승용,남,42세,중상
2023052800100150,2023년 5월 28일 12시,일요일,경기도 수원시 팔달구 중동,경상사고,0,0,2,0,차대차 - 측면충돌,안전운전불이행,젖음/습기,비,단일로 - 기타,승합,남,67세,상해없음,승용,남,75세,경상
2023052800100152,2023년 5월 28일 12시,일요일,경기도 수원시 권선구 구운동,경상사고,0,0,2,0,차대차 - 측면충돌,신호위반,건조,맑음,단일로 - 기타,승용,여,60세,상해없음,승용,남,59세,경상
2023052800100373,2023년 5월 28일 20시,일요일,경기도 수원시 권선구 구운동,경상사고,0,0,2,0,차대차 - 측면충돌,안전운전불이행,젖음/습기,비,교차로 - 교차로안,승용,여,52세,상해없음,승용,여,41세,경상
2023052800100408,2023년 5월 28일 21시,일요일,경기도 수원시 팔달구 지동,경상사고,0,0,1,0,차대사람 - 기타,안전운전불이행,젖음/습기,맑음,단일로 - 기타,승용,남,56세,상해없음,보행자,남,45세,경상
2023052800100438,2023년 5월 28일 22시,일요일,경기도 수원시 권선구 권선동,경상사고,0,0,1,0,차대사람 - 횡단중,신호위반,건조,맑음,교차로 - 교차로안,이륜,남,39세,상해없음,보행자,여,64세,경상
2023052800100453,2023년 5월 28일 23시,일요일,경기도 수원시 장안구 천천동,부상신고사고,0,0,0,1,차량단독 - 기타,안전운전불이행,젖음/습기,비,단일로 - 기타,승합,남,48세,상해없음,,,,
2023052900100084,2023년 5월 29일 09시,월요일,경기도 수원시 장안구 파장동,경상사고,0,0,1,0,차대차 - 기타,안전운전불이행,건조,맑음,단일로 - 기타,승용,여,41세,상해없음,승용,남,67세,경상
2023052900100102,2023년 5월 29일 10시,월요일,경기도 수원시 팔달구 우만동,경상사고,0,0,1,0,차대차 - 후진중충돌,안전운전불이행,건조,맑음,단일로 - 기타,화물,남,66세,상해없음,원동기,남,34세,경상
2023052900100105,2023년 5월 29일 10시,월요일,경기도 수원시 팔달구 인계동,경상사고,0,0,1,1,차대차 - 측면충돌,중앙선침범,건조,맑음,단일로 - 기타,화물,남,51세,상해없음,승용,남,65세,경상
2023052900100106,2023년 5월 29일 10시,월요일,경기도 수원시 권선구 고색동,부상신고사고,0,0,0,1,차대차 - 측면충돌,직진우회전진행방해,건조,맑음,교차로 - 교차로안,이륜,남,52세,부상신고,이륜,남,55세,상해없음
2023052900100121,2023년 5월 29일 11시,월요일,경기도 수원시 팔달구 팔달로1가,경상사고,0,0,1,0,차대사람 - 기타,안전운전불이행,건조,맑음,교차로 - 교차로안,승용,남,53세,상해없음,보행자,남,29세,경상
2023052900100123,2023년 5월 29일 11시,월요일,경기도 수원시 권선구 구운동,경상사고,0,0,1,0,차대차 - 기타,안전거리미확보,건조,흐림,단일로 - 기타,승용,남,64세,상해없음,승용,남,39세,경상
2023052900100164,2023년 5월 29일 13시,월요일,경기도 수원시 장안구 파장동,경상사고,0,0,1,0,차대사람 - 기타,안전운전불이행,건조,맑음,단일로 - 기타,승용,남,58세,상해없음,보행자,여,54세,경상
2023052900100239,2023년 5월 29일 15시,월요일,경기도 수원시 장안구 율전동,부상신고사고,0,0,0,1,차대사람 - 횡단중,안전운전불이행,건조,맑음,교차로 - 교차로안,승용,여,42세,상해없음,보행자,남,59세,부상신고
2023052900100244,2023년 5월 29일 15시,월요일,경기도 수원시 권선구 구운동,경상사고,0,0,2,0,차대차 - 측면충돌,신호위반,건조,맑음,교차로 - 교차로안,승용,남,27세,상해없음,승용,여,67세,경상
2023052900100245,2023년 5월 29일 15시,월요일,경기도 수원시 팔달구 매산로3가,경상사고,0,0,1,0,차대차 - 측면충돌,안전거리미확보,건조,맑음,교차로 - 교차로부근,승용,남,49세,상해없음,승용,남,47세,경상
2023052900100246,2023년 5월 29일 15시,월요일,경기도 수원시 팔달구 매산로1가,경상사고,0,0,2,0,차대차 - 측면충돌,안전거리미확보,건조,맑음,교차로 - 교차로부근,승용,여,60세,상해없음,승용,남,50세,경상
2023052900100272,2023년 5월 29일 16시,월요일,경기도 수원시 영통구 매탄동,중상사고,0,1,0,0,차량단독 - 기타,안전운전불이행,건조,맑음,단일로 - 기타,승합,남,54세,상해없음,,,,
2023052900100303,2023년 5월 29일 17시,월요일,경기도 수원시 팔달구 팔달로3가,경상사고,0,0,1,0,차대차 - 기타,안전운전불이행,건조,맑음,교차로 - 교차로부근,이륜,남,27세,경상,승용,남,51세,상해없음
2023052900100346,2023년 5월 29일 18시,월요일,경기도 수원시 장안구 상광교동,경상사고,0,0,1,0,차대차 - 기타,안전운전불이행,건조,맑음,교차로 - 교차로안,승용,여,26세,상해없음,자전거,남,53세,경상
2023052900100411,2023년 5월 29일 20시,월요일,경기도 수원시 팔달구 매산로2가,경상사고,0,0,1,0,차대차 - 추돌,안전운전불이행,건조,맑음,단일로 - 기타,승용,남,55세,상해없음,이륜,남,26세,경상
2023053000100017,2023년 5월 30일 03시,화요일,경기도 수원시 권선구 권선동,중상사고,0,1,1,0,차대차 - 정면충돌,신호위반,건조,맑음,교차로 - 교차로안,승용,남,42세,상해없음,승용,남,41세,중상
2023053000100070,2023년 5월 30일 08시,화요일,경기도 수원시 장안구 영화동,경상사고,0,0,1,0,차대차 - 기타,안전거리미확보,건조,맑음,단일로 - 기타,승용,남,53세,상해없음,승용,남,83세,경상
2023053000100079,2023년 5월 30일 08시,화요일,경기도 수원시 권선구 고색동,경상사고,0,0,1,0,차대차 - 측면충돌,안전거리미확보,건조,맑음,교차로 - 교차로안,승합,남,62세,기타불명,승용,남,38세,경상
2023053000100125,2023년 5월 30일 09시,화요일,경기도 수원시 장안구 정자동,중상사고,0,1,0,0,차대차 - 기타,안전운전불이행,건조,맑음,단일로 - 기타,승용,여,48세,상해없음,개인형이동수단(PM),남,81세,중상
2023053000100126,2023년 5월 30일 09시,화요일,경기도 수원시 팔달구 북수동,경상사고,0,0,1,0,차대차 - 기타,안전거리미확보,건조,맑음,단일로 - 기타,승용,남,30세,상해없음,승용,남,40세,경상
2023053000100130,2023년 5월 30일 09시,화요일,경기도 수원시 권선구 권선동,경상사고,0,0,2,0,차대차 - 측면충돌,안전운전불이행,건조,맑음,교차로 - 교차로횡단보도내,화물,여,61세,경상,화물,남,43세,경상
2023053000100166,2023년 5월 30일 10시,화요일,경기도 수원시 팔달구 지동,중상사고,0,1,0,0,차대차 - 기타,안전운전불이행,건조,맑음,교차로 - 교차로부근,자전거,여,76세,중상,승용,여,61세,상해없음
2023053000100167,2023년 5월 30일 10시,화요일,경기도 수원시 장안구 정자동,경상사고,0,0,1,0,차대차 - 후진중충돌,안전운전불이행,건조,맑음,단일로 - 기타,승용,남,73세,상해없음,승용,남,41세,경상
2023053000100233,2023년 5월 30일 12시,화요일,경기도 수원시 장안구 율전동,중상사고,0,1,0,0,차대사람 - 횡단중,보행자보호의무위반,건조,맑음,교차로 - 교차로횡단보도내,승용,여,27세,상해없음,보행자,여,85세,중상
2023053000100237,2023년 5월 30일 12시,화요일,경기도 수원시 권선구 세류동,부상신고사고,0,0,0,1,차대차 - 측면충돌,안전운전불이행,건조,흐림,단일로 - 기타,자전거,남,79세,부상신고,승용,남,72세,상해없음
2023053000100238,2023년 5월 30일 12시,화요일,경기도 수원시 팔달구 매교동,경상사고,0,0,1,0,차량단독 - 기타,기타,건조,맑음,기타 - 기타,승합,남,54세,상해없음,,,,
2023053000100275,2023년 5월 30일 13시,화요일,경기도 수원시 권선구 권선동,중상사고,0,1,0,0,차대사람 - 횡단중,안전운전불이행,건조,맑음,교차로 - 교차로횡단보도내,승용,남,30세,상해없음,보행자,여,63세,중상
2023053000100384,2023년 5월 30일 16시,화요일,경기도 수원시 영통구 이의동,경상사고,0,0,1,0,차대차 - 측면충돌,안전운전불이행,젖음/습기,비,단일로 - 지하차도(도로)내,승용,여,25세,상해없음,승용,여,37세,경상
2023053000100387,2023년 5월 30일 16시,화요일,경기도 수원시 권선구 구운동,경상사고,0,0,1,0,차대차 - 측면충돌,신호위반,건조,맑음,교차로 - 교차로안,승용,여,60세,상해없음,승용,여,40세,경상
2023053100100024,2023년 5월 31일 05시,수요일,경기도 수원시 권선구 권선동,경상사고,0,0,1,0,차대차 - 기타,안전운전불이행,건조,맑음,단일로 - 기타,승용,여,42세,상해없음,승용,남,39세,경상
2023053100100075,2023년 5월 31일 08시,수요일,경기도 수원시 장안구 조원동,경상사고,0,0,1,0,차대사람 - 길가장자리구역통행중,안전운전불이행,건조,맑음,단일로 - 기타,승용,남,49세,상해없음,보행자,남,12세,경상
2023053100100118,2023년 5월 31일 09시,수요일,경기도 수원시 팔달구 우만동,경상사고,0,0,2,0,차대차 - 측면충돌,신호위반,건조,맑음,단일로 - 기타,승용,여,41세,경상,승용,남,39세,경상
2023053100100147,2023년 5월 31일 10시,수요일,경기도 수원시 팔달구 화서동,경상사고,0,0,1,0,차대차 - 측면충돌,신호위반,건조,맑음,교차로 - 교차로안,자전거,남,64세,경상,승용,여,42세,상해없음
2023053100100148,2023년 5월 31일 10시,수요일,경기도 수원시 장안구 정자동,경상사고,0,0,1,0,차대차 - 기타,안전운전불이행,건조,맑음,교차로 - 교차로안,승용,남,52세,상해없음,이륜,남,28세,경상
2023053100100317,2023년 5월 31일 15시,수요일,경기도 수원시 장안구 율전동,중상사고,0,1,0,0,차대차 - 측면충돌,안전운전불이행,건조,맑음,단일로 - 기타,화물,남,56세,상해없음,승용,여,34세,중상
2023053100100407,2023년 5월 31일 17시,수요일,경기도 수원시 권선구 권선동,부상신고사고,0,0,0,1,차대차 - 기타,안전운전불이행,건조,맑음,기타 - 기타,자전거,남,12세,부상신고,승용,여,52세,상해없음
2023053100100408,2023년 5월 31일 17시,수요일,경기도 수원시 팔달구 인계동,경상사고,0,0,1,0,차대사람 - 횡단중,안전운전불이행,건조,맑음,단일로 - 기타,승용,여,18세,상해없음,보행자,여,29세,경상
2023053100100455,2023년 5월 31일 18시,수요일,경기도 수원시 권선구 세류동,경상사고,0,0,2,0,차대차 - 추돌,안전운전불이행,건조,맑음,단일로 - 기타,승용,여,51세,상해없음,화물,남,49세,경상
2023053100100456,2023년 5월 31일 18시,수요일,경기도 수원시 권선구 오목천동,경상사고,0,0,1,1,차대차 - 추돌,안전운전불이행,건조,맑음,단일로 - 기타,승용,여,29세,상해없음,승용,남,63세,부상신고
2023053100100549,2023년 5월 31일 21시,수요일,경기도 수원시 권선구 권선동,중상사고,0,1,1,0,차대차 - 기타,신호위반,건조,맑음,단일로 - 기타,이륜,남,56세,중상,승용,남,23세,경상
2023053100100550,2023년 5월 31일 21시,수요일,경기도 수원시 영통구 신동,중상사고,0,1,0,0,차대차 - 측면충돌,안전운전불이행,건조,맑음,단일로 - 기타,승용,남,30세,상해없음,승용,남,28세,중상
2023053100100551,2023년 5월 31일 21시,수요일,경기도 수원시 팔달구 인계동,중상사고,0,1,0,0,차대차 - 기타,중앙선침범,건조,맑음,단일로 - 기타,승용,여,55세,상해없음,이륜,남,32세,중상
2023060100100007,2023년 6월 1일 00시,목요일,경기도 수원시 권선구 탑동,경상사고,0,0,1,0,차대사람 - 보도통행중,안전운전불이행,건조,맑음,단일로 - 기타,승용,남,26세,상해없음,보행자,여,34세,경상
2023060100100082,2023년 6월 1일 08시,목요일,경기도 수원시 팔달구 매교동,경상사고,0,0,1,0,차대차 - 측면충돌,교차로운행방법위반,건조,흐림,교차로 - 교차로안,화물,남,71세,상해없음,승용,여,36세,경상
2023060100100106,2023년 6월 1일 09시,목요일,경기도 수원시 장안구 정자동,경상사고,0,0,1,0,차대차 - 기타,안전운전불이행,건조,맑음,교차로 - 교차로안,승용,여,37세,상해없음,자전거,남,80세,경상
2023060100100107,2023년 6월 1일 09시,목요일,경기도 수원시 장안구 연무동,중상사고,0,1,0,0,차대사람 - 기타,안전운전불이행,건조,맑음,교차로 - 교차로안,건설기계,남,69세,상해없음,보행자,여,80세,중상
2023060100100210,2023년 6월 1일 13시,목요일,경기도 수원시 장안구 연무동,경상사고,0,0,1,0,차대차 - 기타,안전거리미확보,건조,흐림,단일로 - 기타,승합,남,58세,상해없음,승용,남,30세,경상
2023060100100391,2023년 6월 1일 18시,목요일,경기도 수원시 영통구 이의동,중상사고,0,2,0,0,차대차 - 정면충돌,안전운전불이행,건조,맑음,단일로 - 기타,자전거,남,12세,중상,이륜,남,46세,중상
2023060100100415,2023년 6월 1일 19시,목요일,경기도 수원시 장안구 영화동,중상사고,0,1,0,0,차대차 - 기타,안전거리미확보,건조,맑음,교차로 - 교차로안,승용,남,70세,상해없음,승용,여,32세,중상
2023060100100420,2023년 6월 1일 19시,목요일,경기도 수원시 영통구 하동,경상사고,0,0,1,0,차대차 - 측면충돌,신호위반,건조,맑음,교차로 - 교차로횡단보도내,승합,남,25세,상해없음,개인형이동수단(PM),여,19세,경상
2023060100100421,2023년 6월 1일 19시,목요일,경기도 수원시 팔달구 매교동,경상사고,0,0,1,0,차대차 - 추돌,안전운전불이행,건조,맑음,교차로 - 교차로안,승용,남,85세,상해없음,승용,남,40세,경상
2023060100100470,2023년 6월 1일 21시,목요일,경기도 수원시 권선구 탑동,경상사고,0,0,1,0,차대차 - 측면충돌,안전운전불이행,건조,맑음,교차로 - 교차로안,승용,여,38세,상해없음,이륜,남,33세,경상
2023060100100495,2023년 6월 1일 22시,목요일,경기도 수원시 팔달구 우만동,경상사고,0,0,1,0,차대사람 - 기타,보행자보호의무위반,건조,맑음,교차로 - 교차로횡단보도내,승용,남,53세,상해없음,보행자,남,31세,경상
2023060200100007,2023년 6월 2일 00시,금요일,경기도 수원시 팔달구 화서동,경상사고,0,0,3,0,차대차 - 추돌,안전운전불이행,건조,맑음,단일로 - 기타,승용,여,64세,상해없음,승용,남,28세,경상
2023060200100008,2023년 6월 2일 00시,금요일,경기도 수원시 영통구 망포동,경상사고,0,0,2,0,차대차 - 측면충돌,중앙선침범,건조,맑음,단일로 - 지하차도(도로)내,승용,여,44세,상해없음,승용,남,56세,경상
2023060200100093,2023년 6월 2일 08시,금요일,경기도 수원시 영통구 영통동,경상사고,0,0,3,0,차대차 - 측면충돌,신호위반,건조,맑음,교차로 - 교차로안,승용,남,48세,경상,개인형이동수단(PM),남,16세,경상
2023060200100129,2023년 6월 2일 09시,금요일,경기도 수원시 장안구 송죽동,경상사고,0,0,1,0,차대차 - 기타,안전운전불이행,건조,맑음,단일로 - 기타,승용,여,71세,상해없음,승용,남,49세,경상
2023060200100195,2023년 6월 2일 11시,금요일,경기도 수원시 권선구 구운동,사망사고,1,2,1,0,차대사람 - 보도통행중,기타,건조,맑음,교차로 - 교차로안,승용,여,69세,상해없음,보행자,여,50세,사망
2023060200100221,2023년 6월 2일 12시,금요일,경기도 수원시 장안구 연무동,경상사고,0,0,1,0,차대사람 - 기타,안전운전불이행,건조,맑음,주차장 - 주차장,승용,여,36세,상해없음,보행자,여,73세,경상
2023060200100252,2023년 6월 2일 13시,금요일,경기도 수원시 팔달구 지동,경상사고,0,0,1,0,차대차 - 기타,안전운전불이행,건조,맑음,단일로 - 교량,승용,남,36세,상해없음,이륜,남,45세,경상
2023060200100288,2023년 6월 2일 14시,금요일,경기도 수원시 장안구 송죽동,경상사고,0,0,1,0,차대사람 - 기타,안전운전불이행,건조,맑음,교차로 - 교차로안,승용,남,58세,상해없음,보행자,여,39세,경상
2023060200100294,2023년 6월 2일 14시,금요일,경기도 수원시 권선구 세류동,경상사고,0,0,1,0,차대사람 - 횡단중,안전운전불이행,건조,맑음,단일로 - 기타,화물,남,69세,상해없음,보행자,여,19세,경상
2023060200100325,2023년 6월 2일 15시,금요일,경기도 수원시 장안구 파장동,경상사고,0,0,2,0,차대차 - 측면충돌,안전운전불이행,건조,맑음,교차로 - 교차로부근,승용,남,54세,상해없음,승용,여,45세,경상
2023060200100333,2023년 6월 2일 15시,금요일,경기도 수원시 권선구 입북동,경상사고,0,0,1,0,차대차 - 추돌,안전운전불이행,건조,맑음,단일로 - 기타,승용,남,41세,상해없음,승용,남,29세,경상
2023060200100378,2023년 6월 2일 16시,금요일,경기도 수원시 영통구 매탄동,경상사고,0,0,1,0,차대차 - 후진중충돌,안전운전불이행,건조,맑음,교차로 - 교차로안,승용,남,60세,기타불명,이륜,남,26세,경상
2023060200100381,2023년 6월 2일 16시,금요일,경기도 수원시 권선구 고색동,부상신고사고,0,0,0,1,차대차 - 기타,교차로운행방법위반,건조,맑음,교차로 - 교차로안,개인형이동수단(PM),남,51세,부상신고,승용,남,45세,상해없음
2023060200100430,2023년 6월 2일 17시,금요일,경기도 수원시 장안구 정자동,경상사고,0,0,4,0,차대차 - 측면충돌,신호위반,건조,맑음,교차로 - 교차로안,승용,여,66세,경상,승합,남,49세,경상
2023060200100431,2023년 6월 2일 17시,금요일,경기도 수원시 팔달구 우만동,경상사고,0,0,1,0,차대차 - 측면충돌,안전운전불이행,건조,맑음,단일로 - 기타,승용,여,56세,상해없음,승용,남,32세,경상
2023060200100574,2023년 6월 2일 20시,금요일,경기도 수원시 장안구 조원동,중상사고,0,1,1,0,차대차 - 추돌,안전운전불이행,건조,맑음,교차로 - 교차로안,이륜,남,41세,중상,이륜,남,22세,경상
2023060200100601,2023년 6월 2일 21시,금요일,경기도 수원시 장안구 율전동,경상사고,0,0,1,0,차대차 - 측면충돌,안전운전불이행,건조,맑음,교차로 - 교차로부근,승용,여,50세,경상,승용,남,43세,상해없음
2023060200100608,2023년 6월 2일 21시,금요일,경기도 수원시 팔달구 매산로1가,경상사고,0,0,1,0,차대사람 - 기타,기타,건조,맑음,단일로 - 기타,승용,남,66세,상해없음,보행자,여,43세,경상
2023060200100632,2023년 6월 2일 22시,금요일,경기도 수원시 영통구 영통동,경상사고,0,0,1,0,차대차 - 정면충돌,안전운전불이행,건조,맑음,단일로 - 지하차도(도로)내,개인형이동수단(PM),남,23세,상해없음,자전거,남,46세,경상
2023060300100025,2023년 6월 3일 03시,토요일,경기도 수원시 장안구 율전동,경상사고,0,0,1,0,차대차 - 기타,안전운전불이행,건조,맑음,기타 - 기타,원동기,남,23세,경상,승용,여,57세,상해없음
2023060300100053,2023년 6월 3일 06시,토요일,경기도 수원시 팔달구 인계동,경상사고,0,0,1,0,차대차 - 후진중충돌,안전운전불이행,건조,맑음,단일로 - 기타,승용,남,24세,상해없음,승용,여,32세,경상
2023060300100126,2023년 6월 3일 10시,토요일,경기도 수원시 팔달구 매교동,중상사고,0,2,0,0,차대차 - 측면충돌,안전거리미확보,건조,맑음,교차로 - 교차로안,승용,남,25세,상해없음,승용,여,55세,중상
2023060300100154,2023년 6월 3일 11시,토요일,경기도 수원시 팔달구 팔달로3가,중상사고,0,1,0,0,차대사람 - 기타,안전운전불이행,건조,맑음,단일로 - 기타,화물,남,52세,상해없음,보행자,여,60세,중상
2023060300100208,2023년 6월 3일 12시,토요일,경기도 수원시 영통구 원천동,경상사고,0,0,3,0,차대차 - 추돌,안전운전불이행,건조,맑음,단일로 - 지하차도(도로)내,승용,남,68세,상해없음,승용,남,44세,경상
2023060300100244,2023년 6월 3일 13시,토요일,경기도 수원시 팔달구 화서동,중상사고,0,1,0,0,차대사람 - 기타,안전운전불이행,건조,맑음,교차로 - 교차로부근,승용,여,54세,상해없음,보행자,여,82세,중상
2023060300100283,2023년 6월 3일 14시,토요일,경기도 수원시 영통구 영통동,경상사고,0,0,2,0,차대차 - 추돌,안전운전불이행,건조,맑음,단일로 - 기타,승용,남,45세,상해없음,승용,남,24세,경상
2023060300100359,2023년 6월 3일 16시,토요일,경기도 수원시 장안구 정자동,경상사고,0,0,1,0,차대사람 - 길가장자리구역통행중,보행자보호의무위반,건조,맑음,단일로 - 기타,승용,여,75세,상해없음,보행자,남,30세,경상
2023060300100360,2023년 6월 3일 16시,토요일,경기도 수원시 팔달구 지동,중상사고,0,1,0,0,차대사람 - 기타,안전운전불이행,건조,맑음,교차로 - 교차로안,승용,여,63세,상해없음,보행자,여,60세,중상
2023060300100361,2023년 6월 3일 16시,토요일,경기도 수원시 팔달구 고등동,중상사고,0,1,0,1,차대차 - 측면충돌,직진우회전진행방해,건조,맑음,교차로 - 교차로안,개인형이동수단(PM),남,14세,부상신고,승용,남,47세,상해없음
2023060300100393,2023년 6월 3일 17시,토요일,경기도 수원시 권선구 세류동,중상사고,0,5,1,0,차대차 - 정면충돌,기타,건조,맑음,단일로 - 기타,승용,남,81세,중상,승용,남,68세,상해없음
2023060300100395,2023년 6월 3일 17시,토요일,경기도 수원시 권선구 금곡동,경상사고,0,0,1,0,차대차 - 기타,안전운전불이행,건조,맑음,교차로 - 교차로안,승용,남,58세,상해없음,자전거,남,52세,경상
2023060300100470,2023년 6월 3일 19시,토요일,경기도 수원시 영통구 원천동,중상사고,0,1,0,0,차대사람 - 횡단중,안전운전불이행,건조,맑음,교차로 - 교차로안,승합,남,37세,상해없음,보행자,남,28세,중상
2023060300100516,2023년 6월 3일 21시,토요일,경기도 수원시 영통구 이의동,경상사고,0,0,1,0,차대사람 - 기타,안전운전불이행,건조,맑음,단일로 - 기타,자전거,여,46세,상해없음,보행자,여,47세,경상
2023060300100566,2023년 6월 3일 23시,토요일,경기도 수원시 팔달구 인계동,중상사고,0,1,0,0,차대차 - 추돌,안전운전불이행,건조,맑음,기타 - 기타,승용,남,43세,상해없음,승용,여,30세,중상
2023060400100198,2023년 6월 4일 13시,일요일,경기도 수원시 장안구 파장동,경상사고,0,0,2,0,차대차 - 측면충돌,안전거리미확보,건조,맑음,기타 - 기타,승용,남,63세,상해없음,승용,남,61세,경상
2023060400100469,2023년 6월 4일 23시,일요일,경기도 수원시 권선구 권선동,중상사고,0,1,0,1,차대차 - 측면충돌,안전운전불이행,건조,맑음,단일로 - 기타,이륜,남,18세,부상신고,이륜,남,40세,중상
2023060500100006,2023년 6월 5일 00시,월요일,경기도 수원시 영통구 이의동,경상사고,0,0,1,0,차대차 - 기타,신호위반,건조,맑음,단일로 - 기타,승용,남,28세,기타불명,승용,남,64세,경상
2023060500100037,2023년 6월 5일 06시,월요일,경기도 수원시 장안구 파장동,중상사고,0,1,0,0,차대차 - 추돌,안전운전불이행,건조,맑음,단일로 - 기타,승용,남,47세,상해없음,승용,남,31세,중상
2023060500100079,2023년 6월 5일 08시,월요일,경기도 수원시 영통구 이의동,경상사고,0,0,2,0,차대차 - 측면충돌,신호위반,건조,맑음,교차로 - 교차로안,승용,남,36세,경상,승용,여,24세,경상
2023060500100172,2023년 6월 5일 11시,월요일,경기도 수원시 장안구 영화동,중상사고,0,1,0,0,차대차 - 측면충돌,안전거리미확보,건조,맑음,단일로 - 기타,승용,여,70세,상해없음,이륜,남,41세,중상
2023060500100178,2023년 6월 5일 11시,월요일,경기도 수원시 영통구 원천동,경상사고,0,0,1,0,차대차 - 정면충돌,교차로운행방법위반,건조,맑음,교차로 - 교차로안,승용,여,55세,상해없음,이륜,남,39세,경상
2023060500100243,2023년 6월 5일 13시,월요일,경기도 수원시 권선구 세류동,경상사고,0,0,1,0,차대차 - 측면충돌,안전운전불이행,건조,맑음,기타 - 기타,승용,남,44세,상해없음,자전거,남,12세,경상
2023060500100283,2023년 6월 5일 14시,월요일,경기도 수원시 영통구 하동,경상사고,0,0,1,0,차대차 - 측면충돌,안전거리미확보,건조,맑음,교차로 - 교차로부근,승용,남,60세,상해없음,이륜,남,28세,경상
2023060500100285,2023년 6월 5일 14시,월요일,경기도 수원시 권선구 구운동,경상사고,0,0,1,0,차량단독 - 기타,기타,건조,맑음,단일로 - 기타,승합,남,44세,기타불명,,,,
2023060500100362,2023년 6월 5일 16시,월요일,경기도 수원시 장안구 조원동,경상사고,0,0,1,0,차대차 - 기타,안전운전불이행,건조,맑음,단일로 - 기타,승합,남,72세,상해없음,승용,남,48세,경상
2023060500100404,2023년 6월 5일 17시,월요일,경기도 수원시 팔달구 우만동,경상사고,0,0,1,0,차대차 - 측면충돌,안전거리미확보,건조,맑음,단일로 - 기타,승용,여,65세,상해없음,승용,여,41세,경상
2023060500100454,2023년 6월 5일 18시,월요일,경기도 수원시 장안구 연무동,경상사고,0,0,1,0,차대차 - 기타,직진우회전진행방해,건조,맑음,교차로 - 교차로안,화물,남,30세,상해없음,승용,남,38세,경상
2023060500100461,2023년 6월 5일 18시,월요일,경기도 수원시 권선구 세류동,경상사고,0,0,4,0,차대차 - 추돌,안전운전불이행,건조,맑음,교차로 - 교차로부근,승용,남,64세,상해없음,승합,남,56세,경상
2023060500100508,2023년 6월 5일 19시,월요일,경기도 수원시 권선구 세류동,경상사고,0,0,1,0,차대차 - 기타,안전운전불이행,건조,맑음,교차로 - 교차로부근,승용,남,30세,상해없음,이륜,남,42세,경상
2023060500100592,2023년 6월 5일 22시,월요일,경기도 수원시 팔달구 화서동,경상사고,0,0,1,0,차대차 - 측면충돌,신호위반,건조,맑음,교차로 - 교차로안,승합,남,57세,상해없음,승합,남,30세,경상
2023060600100005,2023년 6월 6일 00시,화요일,경기도 수원시 팔달구 인계동,경상사고,0,0,1,0,차대차 - 추돌,안전운전불이행,건조,맑음,단일로 - 기타,승용,남,24세,상해없음,승용,남,26세,경상
2023060600100006,2023년 6월 6일 00시,화요일,경기도 수원시 권선구 금곡동,중상사고,0,1,0,0,차대차 - 측면충돌,안전운전불이행,건조,맑음,교차로 - 교차로부근,승용,남,54세,상해없음,이륜,여,20세,중상
2023060600100029,2023년 6월 6일 03시,화요일,경기도 수원시 권선구 금곡동,경상사고,0,0,1,0,차대차 - 측면충돌,신호위반,건조,맑음,교차로 - 교차로안,원동기,남,19세,상해없음,승용,여,47세,경상
2023060600100032,2023년 6월 6일 04시,화요일,경기도 수원시 팔달구 인계동,경상사고,0,0,1,0,차대차 - 측면충돌,안전운전불이행,건조,맑음,단일로 - 기타,기타불명,기타불명,미분류,기타불명,승용,남,40세,경상
2023060600100039,2023년 6월 6일 05시,화요일,경기도 수원시 영통구 신동,중상사고,0,1,1,0,차대차 - 추돌,안전운전불이행,건조,맑음,교차로 - 교차로안,이륜,남,71세,중상,승용,남,73세,경상
2023060600100061,2023년 6월 6일 07시,화요일,경기도 수원시 팔달구 중동,부상신고사고,0,0,0,1,차대차 - 정면충돌,교차로운행방법위반,건조,맑음,교차로 - 교차로안,승합,남,57세,상해없음,승용,여,46세,부상신고
2023060600100068,2023년 6월 6일 08시,화요일,경기도 수원시 장안구 조원동,경상사고,0,0,1,0,차대차 - 정면충돌,안전운전불이행,건조,맑음,교차로 - 교차로안,승용,남,26세,상해없음,자전거,남,48세,경상