사고번호,사고일시,요일,시군구,사고내용,사망자수,중상자수,경상자수,부상신고자수,사고유형,법규위반,노면상태,기상상태,도로형태,가해운전자 차종,가해운전자 성별,가해운전자 연령,가해운전자 상해정도,피해운전자 차종,피해운전자 성별,피해운전자 연령,피해운전자 상해정도
2023061500100611,2023년 6월 15일 22시,목요일,경기도 수원시 권선구 당수동,경상사고,0,0,2,0,차대차 - 기타,신호위반,건조,맑음,교차로 - 교차로안,승용,남,52세,상해없음,승용,남,26세,경상
2023061600100013,2023년 6월 16일 01시,금요일,경기도 수원시 팔달구 인계동,경상사고,0,0,1,0,차대차 - 측면충돌,신호위반,건조,맑음,교차로 - 교차로안,승용,여,47세,기타불명,승용,남,60세,경상
2023061600100083,2023년 6월 16일 08시,금요일,경기도 수원시 팔달구 우만동,경상사고,0,0,1,0,차대차 - 기타,안전운전불이행,건조,맑음,단일로 - 기타,화물,남,55세,상해없음,승용,남,29세,경상
2023061600100088,2023년 6월 16일 08시,금요일,경기도 수원시 영통구 매탄동,경상사고,0,0,1,0,차대차 - 측면충돌,안전거리미확보,건조,맑음,단일로 - 지하차도(도로)내,승용,남,57세,상해없음,승용,남,41세,경상
2023061600100267,2023년 6월 16일 13시,금요일,경기도 수원시 장안구 율전동,중상사고,0,1,1,0,차대사람 - 횡단중,안전운전불이행,건조,맑음,교차로 - 교차로안,승용,남,30세,상해없음,보행자,여,71세,중상
2023061600100309,2023년 6월 16일 14시,금요일,경기도 수원시 장안구 정자동,경상사고,0,0,1,0,차대차 - 추돌,안전운전불이행,건조,맑음,교차로 - 교차로부근,화물,남,66세,상해없음,승용,여,43세,경상
2023061600100346,2023년 6월 16일 15시,금요일,경기도 수원시 팔달구 우만동,경상사고,0,0,1,0,차대차 - 기타,직진우회전진행방해,건조,맑음,교차로 - 교차로안,승용,여,41세,상해없음,원동기,여,34세,경상
2023061600100460,2023년 6월 16일 17시,금요일,경기도 수원시 권선구 오목천동,경상사고,0,0,1,0,차대차 - 기타,안전운전불이행,건조,맑음,단일로 - 기타,승용,남,57세,상해없음,승용,여,22세,경상
2023061600100530,2023년 6월 16일 18시,금요일,경기도 수원시 팔달구 고등동,경상사고,0,0,1,0,차대차 - 추돌,안전운전불이행,건조,맑음,단일로 - 기타,화물,남,61세,상해없음,이륜,남,18세,경상
2023061600100579,2023년 6월 16일 19시,금요일,경기도 수원시 영통구 이의동,경상사고,0,0,1,0,차대차 - 기타,신호위반,건조,맑음,교차로 - 교차로부근,승용,남,45세,상해없음,이륜,남,37세,경상
2023061600100613,2023년 6월 16일 20시,금요일,경기도 수원시 팔달구 매산로1가,경상사고,0,0,1,0,차대차 - 추돌,안전거리미확보,건조,맑음,교차로 - 교차로부근,승용,남,59세,상해없음,승용,남,33세,경상
2023061600100690,2023년 6월 16일 23시,금요일,경기도 수원시 권선구 권선동,경상사고,0,0,1,0,차대차 - 측면충돌,안전운전불이행,건조,맑음,교차로 - 교차로안,승용,남,38세,상해없음,이륜,남,43세,경상
2023061600100692,2023년 6월 16일 23시,금요일,경기도 수원시 권선구 서둔동,경상사고,0,0,1,0,차대차 - 추돌,안전거리미확보,건조,맑음,단일로 - 기타,승용,여,55세,기타불명,승용,여,27세,경상
2023061700100034,2023년 6월 17일 02시,토요일,경기도 수원시 권선구 권선동,경상사고,0,0,3,0,차대차 - 추돌,안전운전불이행,건조,맑음,단일로 - 기타,승용,남,28세,상해없음,승용,남,44세,경상
2023061700100048,2023년 6월 17일 03시,토요일,경기도 수원시 영통구 영통동,경상사고,0,0,1,1,차대차 - 추돌,안전운전불이행,건조,맑음,교차로 - 교차로부근,승용,여,46세,부상신고,승용,남,39세,경상
2023061700100049,2023년 6월 17일 03시,토요일,경기도 수원시 팔달구 인계동,경상사고,0,0,1,0,차대사람 - 차도통행중,안전운전불이행,건조,맑음,교차로 - 교차로안,승용,남,54세,상해없음,보행자,남,34세,경상
2023061700100069,2023년 6월 17일 06시,토요일,경기도 수원시 장안구 영화동,경상사고,0,0,3,0,차대차 - 측면충돌,직진우회전진행방해,건조,맑음,교차로 - 교차로안,화물,남,63세,경상,승용,남,60세,경상
2023061700100103,2023년 6월 17일 08시,토요일,경기도 수원시 장안구 영화동,경상사고,0,0,1,0,차대사람 - 횡단중,안전운전불이행,건조,맑음,교차로 - 교차로안,승용,여,60세,상해없음,보행자,여,65세,경상
2023061700100159,2023년 6월 17일 10시,토요일,경기도 수원시 팔달구 우만동,경상사고,0,0,1,0,차대차 - 측면충돌,안전운전불이행,건조,맑음,단일로 - 기타,화물,여,58세,상해없음,자전거,남,9세,경상
2023061700100291,2023년 6월 17일 13시,토요일,경기도 수원시 팔달구 중동,경상사고,0,0,1,0,차대차 - 기타,안전운전불이행,건조,맑음,단일로 - 기타,승용,여,63세,상해없음,승용,남,30세,경상
2023061700100295,2023년 6월 17일 13시,토요일,경기도 수원시 권선구 권선동,중상사고,0,1,0,0,차대차 - 측면충돌,안전거리미확보,건조,맑음,단일로 - 기타,승용,여,43세,상해없음,이륜,남,40세,중상
2023061700100297,2023년 6월 17일 13시,토요일,경기도 수원시 팔달구 고등동,부상신고사고,0,0,0,1,차대사람 - 기타,안전운전불이행,건조,맑음,단일로 - 기타,승용,남,75세,상해없음,보행자,여,18세,부상신고
2023061700100384,2023년 6월 17일 15시,토요일,경기도 수원시 영통구 매탄동,경상사고,0,0,1,0,차대차 - 후진중충돌,안전운전불이행,건조,맑음,교차로 - 교차로부근,승용,남,69세,상해없음,승용,남,41세,경상
2023061700100526,2023년 6월 17일 19시,토요일,경기도 수원시 팔달구 화서동,경상사고,0,0,1,1,차대사람 - 기타,보행자보호의무위반,건조,맑음,단일로 - 기타,이륜,남,26세,부상신고,보행자,남,12세,경상
2023061700100617,2023년 6월 17일 23시,토요일,경기도 수원시 권선구 곡반정동,경상사고,0,0,1,0,차대차 - 측면충돌,신호위반,건조,맑음,교차로 - 교차로횡단보도내,승용,남,34세,상해없음,자전거,남,25세,경상
2023061800100051,2023년 6월 18일 05시,일요일,경기도 수원시 영통구 원천동,경상사고,0,0,1,0,차량단독 - 공작물충돌,안전운전불이행,건조,맑음,교차로 - 교차로부근,승용,남,66세,경상,,,,
2023061800100124,2023년 6월 18일 11시,일요일,경기도 수원시 권선구 구운동,경상사고,0,0,3,0,차대차 - 추돌,안전거리미확보,건조,맑음,단일로 - 기타,승용,남,81세,상해없음,승용,남,31세,경상
2023061800100148,2023년 6월 18일 12시,일요일,경기도 수원시 팔달구 영동,경상사고,0,0,2,0,차대차 - 후진중충돌,안전운전불이행,건조,맑음,단일로 - 기타,화물,남,23세,상해없음,승용,여,34세,경상
2023061800100181,2023년 6월 18일 13시,일요일,경기도 수원시 권선구 권선동,경상사고,0,0,1,0,차대차 - 측면충돌,교차로운행방법위반,건조,맑음,교차로 - 교차로안,승용,남,44세,상해없음,이륜,남,34세,경상
2023061800100238,2023년 6월 18일 15시,일요일,경기도 수원시 장안구 파장동,중상사고,0,1,0,0,차대차 - 측면충돌,안전운전불이행,건조,맑음,단일로 - 기타,이륜,남,47세,중상,승용,남,50세,상해없음
2023061800100239,2023년 6월 18일 15시,일요일,경기도 수원시 장안구 파장동,중상사고,0,2,2,0,차대차 - 추돌,안전운전불이행,건조,맑음,교차로 - 교차로안,승용,남,63세,상해없음,승용,남,32세,중상
2023061800100414,2023년 6월 18일 21시,일요일,경기도 수원시 영통구 영통동,중상사고,0,1,0,0,차대차 - 측면충돌,안전거리미확보,건조,맑음,교차로 - 교차로안,승용,남,31세,상해없음,승용,여,30세,중상
2023061800100426,2023년 6월 18일 22시,일요일,경기도 수원시 장안구 영화동,중상사고,0,1,0,0,차량단독 - 기타,안전운전불이행,건조,맑음,단일로 - 기타,승합,남,45세,기타불명,,,,
2023061800100427,2023년 6월 18일 22시,일요일,경기도 수원시 권선구 권선동,경상사고,0,0,2,0,차대차 - 기타,신호위반,건조,맑음,기타 - 기타,승용,남,60세,상해없음,승용,남,23세,경상
2023061800100440,2023년 6월 18일 23시,일요일,경기도 수원시 영통구 매탄동,경상사고,0,0,1,0,차대차 - 추돌,안전운전불이행,건조,맑음,교차로 - 교차로부근,이륜,남,38세,상해없음,승용,남,51세,경상
2023061800100442,2023년 6월 18일 23시,일요일,경기도 수원시 권선구 서둔동,중상사고,0,1,0,0,차대차 - 추돌,안전운전불이행,건조,맑음,단일로 - 기타,승용,여,46세,상해없음,승용,여,48세,중상
2023061900100039,2023년 6월 19일 06시,월요일,경기도 수원시 권선구 호매실동,경상사고,0,0,1,0,차대차 - 측면충돌,기타,건조,맑음,단일로 - 기타,화물,남,61세,상해없음,승용,남,38세,상해없음
2023061900100058,2023년 6월 19일 07시,월요일,경기도 수원시 장안구 율전동,경상사고,0,0,1,0,차대차 - 기타,안전거리미확보,건조,맑음,단일로 - 기타,승용,남,46세,상해없음,승용,남,54세,경상
2023061900100093,2023년 6월 19일 08시,월요일,경기도 수원시 장안구 정자동,경상사고,0,0,1,0,차대차 - 기타,교차로운행방법위반,건조,맑음,교차로 - 교차로안,승용,남,54세,상해없음,이륜,남,78세,경상
2023061900100094,2023년 6월 19일 08시,월요일,경기도 수원시 장안구 영화동,중상사고,0,1,0,0,차대차 - 기타,안전거리미확보,건조,맑음,단일로 - 기타,승용,남,46세,상해없음,승용,여,52세,중상
2023061900100100,2023년 6월 19일 08시,월요일,경기도 수원시 권선구 세류동,중상사고,0,1,0,0,차대차 - 기타,안전운전불이행,건조,맑음,단일로 - 지하차도(도로)내,화물,남,40세,상해없음,자전거,남,82세,중상
2023061900100101,2023년 6월 19일 08시,월요일,경기도 수원시 팔달구 인계동,경상사고,0,0,1,0,차대차 - 추돌,안전운전불이행,건조,맑음,단일로 - 기타,승합,남,74세,상해없음,승용,남,49세,경상
2023061900100148,2023년 6월 19일 09시,월요일,경기도 수원시 장안구 정자동,경상사고,0,0,1,0,차대차 - 기타,안전운전불이행,건조,맑음,교차로 - 교차로횡단보도내,승용,여,59세,상해없음,자전거,남,85세,경상
2023061900100149,2023년 6월 19일 09시,월요일,경기도 수원시 장안구 연무동,경상사고,0,0,1,0,차대차 - 추돌,안전운전불이행,건조,맑음,단일로 - 기타,승용,남,36세,상해없음,승용,남,40세,경상
2023061900100267,2023년 6월 19일 12시,월요일,경기도 수원시 영통구 이의동,경상사고,0,0,1,0,차대차 - 기타,안전거리미확보,건조,맑음,단일로 - 기타,승용,여,53세,상해없음,화물,남,51세,경상
2023061900100306,2023년 6월 19일 13시,월요일,경기도 수원시 권선구 권선동,경상사고,0,0,1,0,차대차 - 기타,신호위반,건조,맑음,교차로 - 교차로안,승용,여,61세,상해없음,승용,남,49세,경상
2023061900100344,2023년 6월 19일 14시,월요일,경기도 수원시 팔달구 지동,경상사고,0,0,1,0,차대사람 - 기타,안전운전불이행,건조,맑음,단일로 - 기타,승용,여,63세,상해없음,보행자,여,69세,경상
2023061900100382,2023년 6월 19일 15시,월요일,경기도 수원시 장안구 연무동,경상사고,0,0,1,0,차대차 - 기타,안전거리미확보,건조,맑음,단일로 - 기타,화물,남,55세,상해없음,승합,남,60세,상해없음
2023061900100385,2023년 6월 19일 15시,월요일,경기도 수원시 팔달구 인계동,경상사고,0,0,1,0,차대차 - 기타,안전운전불이행,건조,맑음,단일로 - 기타,승용,남,39세,상해없음,이륜,남,38세,경상
2023061900100386,2023년 6월 19일 15시,월요일,경기도 수원시 영통구 망포동,경상사고,0,0,1,0,차대차 - 기타,안전거리미확보,건조,맑음,단일로 - 기타,화물,남,38세,상해없음,승용,남,37세,경상
2023061900100387,2023년 6월 19일 15시,월요일,경기도 수원시 팔달구 인계동,경상사고,0,0,1,0,차대차 - 추돌,안전운전불이행,건조,맑음,교차로 - 교차로부근,승용,남,72세,상해없음,화물,남,40세,경상
2023061900100448,2023년 6월 19일 16시,월요일,경기도 수원시 권선구 권선동,경상사고,0,0,2,0,차대사람 - 기타,안전운전불이행,건조,맑음,교차로 - 교차로안,화물,남,35세,상해없음,보행자,여,61세,경상
2023061900100491,2023년 6월 19일 17시,월요일,경기도 수원시 장안구 천천동,중상사고,0,1,0,0,차대차 - 정면충돌,신호위반,건조,맑음,교차로 - 교차로횡단보도내,화물,남,49세,상해없음,자전거,여,45세,중상
2023061900100496,2023년 6월 19일 17시,월요일,경기도 수원시 권선구 고색동,경상사고,0,0,1,0,차대차 - 추돌,안전거리미확보,건조,맑음,교차로 - 교차로부근,승용,남,52세,상해없음,승용,남,40세,경상
2023061900100564,2023년 6월 19일 19시,월요일,경기도 수원시 장안구 파장동,중상사고,0,1,0,0,차대사람 - 기타,안전운전불이행,건조,맑음,단일로 - 기타,승용,남,51세,상해없음,보행자,남,62세,중상
2023061900100569,2023년 6월 19일 19시,월요일,경기도 수원시 권선구 세류동,부상신고사고,0,0,0,1,차대사람 - 기타,안전운전불이행,건조,맑음,단일로 - 기타,승합,남,59세,상해없음,보행자,남,55세,부상신고
2023061900100657,2023년 6월 19일 22시,월요일,경기도 수원시 팔달구 인계동,경상사고,0,0,1,0,차대사람 - 횡단중,안전운전불이행,건조,맑음,교차로 - 교차로안,승용,여,31세,상해없음,보행자,남,21세,경상
2023062000100004,2023년 6월 20일 00시,화요일,경기도 수원시 영통구 영통동,경상사고,0,0,1,0,차대차 - 측면충돌,안전거리미확보,건조,맑음,교차로 - 교차로부근,승용,남,40세,상해없음,승용,남,36세,경상
2023062000100177,2023년 6월 20일 11시,화요일,경기도 수원시 장안구 천천동,경상사고,0,0,3,0,차대차 - 추돌,안전운전불이행,건조,맑음,단일로 - 기타,이륜,남,22세,경상,승용,남,64세,경상
2023062000100178,2023년 6월 20일 11시,화요일,경기도 수원시 장안구 영화동,경상사고,0,0,2,0,차대차 - 측면충돌,안전운전불이행,건조,맑음,기타 - 기타,승용,남,60세,상해없음,승용,남,41세,경상
2023062000100256,2023년 6월 20일 13시,화요일,경기도 수원시 권선구 금곡동,경상사고,0,0,1,0,차대차 - 기타,교차로운행방법위반,건조,맑음,교차로 - 교차로부근,승용,여,32세,상해없음,이륜,남,47세,경상
2023062000100257,2023년 6월 20일 13시,화요일,경기도 수원시 권선구 평동,경상사고,0,0,1,0,차대차 - 측면충돌,안전운전불이행,건조,맑음,단일로 - 기타,승용,남,53세,상해없음,승용,남,35세,경상
2023062000100287,2023년 6월 20일 14시,화요일,경기도 수원시 팔달구 인계동,중상사고,0,1,1,0,차대차 - 기타,보행자보호의무위반,건조,맑음,단일로 - 기타,승용,여,55세,경상,승용,남,62세,상해없음
2023062000100323,2023년 6월 20일 15시,화요일,경기도 수원시 영통구 이의동,경상사고,0,0,1,0,차대차 - 후진중충돌,안전운전불이행,건조,맑음,단일로 - 지하차도(도로)내,승용,남,26세,상해없음,승용,남,24세,경상
2023062000100324,2023년 6월 20일 15시,화요일,경기도 수원시 영통구 원천동,중상사고,0,1,0,0,차대차 - 측면충돌,안전운전불이행,건조,맑음,교차로 - 교차로횡단보도내,승용,여,41세,상해없음,자전거,남,62세,중상
2023062000100327,2023년 6월 20일 15시,화요일,경기도 수원시 권선구 호매실동,경상사고,0,0,1,0,차대차 - 기타,안전운전불이행,건조,맑음,교차로 - 교차로안,승용,남,31세,상해없음,승합,남,64세,경상
2023062000100360,2023년 6월 20일 16시,화요일,경기도 수원시 권선구 세류동,경상사고,0,0,1,0,차대차 - 측면충돌,안전거리미확보,건조,맑음,교차로 - 교차로안,승용,남,51세,상해없음,건설기계,남,50세,경상
2023062000100400,2023년 6월 20일 17시,화요일,경기도 수원시 팔달구 우만동,경상사고,0,0,1,0,차대사람 - 기타,보행자보호의무위반,건조,맑음,단일로 - 기타,승용,여,73세,상해없음,보행자,남,73세,경상
2023062000100485,2023년 6월 20일 19시,화요일,경기도 수원시 권선구 금곡동,경상사고,0,0,1,0,차대차 - 추돌,안전운전불이행,건조,맑음,교차로 - 교차로부근,승용,여,31세,상해없음,원동기,남,41세,경상
2023062000100563,2023년 6월 20일 22시,화요일,경기도 수원시 장안구 하광교동,경상사고,0,0,1,0,차대차 - 측면충돌,안전거리미확보,젖음/습기,비,기타 - 기타,승용,남,63세,상해없음,화물,남,51세,경상
2023062000100589,2023년 6월 20일 23시,화요일,경기도 수원시 팔달구 인계동,중상사고,0,1,0,0,차대차 - 후진중충돌,안전운전불이행,젖음/습기,비,단일로 - 기타,승용,남,28세,상해없음,이륜,남,27세,중상
2023062000100591,2023년 6월 20일 23시,화요일,경기도 수원시 영통구 이의동,중상사고,0,1,1,0,차대차 - 측면충돌,기타,젖음/습기,비,기타 - 기타,승용,남,26세,기타불명,화물,남,52세,경상
2023062100100009,2023년 6월 21일 00시,수요일,경기도 수원시 팔달구 교동,중상사고,0,1,1,0,차대차 - 추돌,안전운전불이행,젖음/습기,비,교차로 - 교차로부근,승용,남,34세,상해없음,승용,여,26세,중상
2023062100100053,2023년 6월 21일 05시,수요일,경기도 수원시 권선구 호매실동,중상사고,0,1,0,0,차대사람 - 횡단중,신호위반,젖음/습기,비,교차로 - 교차로안,화물,남,57세,상해없음,보행자,남,76세,중상
2023062100100071,2023년 6월 21일 07시,수요일,경기도 수원시 권선구 평동,경상사고,0,0,1,0,차대차 - 추돌,안전운전불이행,젖음/습기,비,교차로 - 교차로부근,승용,남,75세,상해없음,승용,여,25세,경상
2023062100100101,2023년 6월 21일 08시,수요일,경기도 수원시 팔달구 고등동,부상신고사고,0,0,0,1,차대사람 - 기타,안전운전불이행,젖음/습기,비,교차로 - 교차로안,승용,남,51세,상해없음,보행자,남,53세,부상신고
2023062100100168,2023년 6월 21일 10시,수요일,경기도 수원시 권선구 고색동,부상신고사고,0,0,0,1,차대차 - 측면충돌,안전운전불이행,젖음/습기,비,단일로 - 기타,승용,남,69세,부상신고,승용,여,52세,상해없음
2023062100100189,2023년 6월 21일 11시,수요일,경기도 수원시 장안구 송죽동,경상사고,0,0,1,0,차량단독 - 기타,기타,젖음/습기,흐림,단일로 - 기타,승합,남,57세,상해없음,,,,
2023062100100219,2023년 6월 21일 12시,수요일,경기도 수원시 영통구 이의동,중상사고,0,1,0,0,차대차 - 추돌,안전운전불이행,젖음/습기,흐림,기타 - 기타,승용,남,42세,상해없음,승용,여,35세,중상
2023062100100220,2023년 6월 21일 12시,수요일,경기도 수원시 영통구 하동,경상사고,0,0,1,0,차대사람 - 횡단중,신호위반,젖음/습기,비,교차로 - 교차로횡단보도내,화물,남,55세,상해없음,보행자,여,21세,경상
2023062100100282,2023년 6월 21일 14시,수요일,경기도 수원시 권선구 탑동,경상사고,0,0,2,0,차대차 - 추돌,안전운전불이행,젖음/습기,비,교차로 - 교차로부근,특수,남,47세,상해없음,승용,남,55세,상해없음
2023062100100283,2023년 6월 21일 14시,수요일,경기도 수원시 권선구 구운동,경상사고,0,0,1,0,차대차 - 기타,안전운전불이행,건조,맑음,교차로 - 교차로안,승용,여,30세,상해없음,특수,남,33세,경상
2023062100100466,2023년 6월 21일 20시,수요일,경기도 수원시 장안구 조원동,중상사고,0,1,0,0,차대사람 - 기타,안전운전불이행,건조,맑음,교차로 - 교차로안,승용,남,58세,상해없음,보행자,여,24세,중상
2023062100100539,2023년 6월 21일 23시,수요일,경기도 수원시 권선구 세류동,경상사고,0,0,1,0,차대차 - 측면충돌,안전운전불이행,건조,맑음,단일로 - 기타,이륜,남,32세,경상,화물,여,49세,기타불명
2023062200100045,2023년 6월 22일 06시,목요일,경기도 수원시 영통구 영통동,경상사고,0,0,1,0,차대차 - 추돌,안전운전불이행,건조,맑음,단일로 - 기타,특수,남,41세,상해없음,승용,남,65세,경상
2023062200100057,2023년 6월 22일 07시,목요일,경기도 수원시 장안구 조원동,경상사고,0,0,1,0,차대차 - 기타,안전운전불이행,건조,맑음,단일로 - 기타,승용,남,53세,상해없음,자전거,남,33세,경상
2023062200100090,2023년 6월 22일 08시,목요일,경기도 수원시 팔달구 우만동,부상신고사고,0,0,0,1,차대사람 - 기타,안전운전불이행,건조,맑음,단일로 - 기타,자전거,남,36세,기타불명,보행자,여,8세,부상신고
2023062200100174,2023년 6월 22일 10시,목요일,경기도 수원시 권선구 고색동,부상신고사고,0,0,0,1,차대차 - 추돌,안전운전불이행,건조,맑음,단일로 - 기타,이륜,남,52세,상해없음,승용,남,54세,부상신고
2023062200100195,2023년 6월 22일 11시,목요일,경기도 수원시 영통구 영통동,경상사고,0,0,1,0,차대사람 - 차도통행중,안전운전불이행,건조,맑음,교차로 - 교차로안,승용,여,61세,상해없음,보행자,여,60세,경상
2023062200100232,2023년 6월 22일 12시,목요일,경기도 수원시 권선구 고색동,경상사고,0,0,1,0,차대차 - 추돌,신호위반,건조,맑음,교차로 - 교차로안,승합,남,63세,상해없음,개인형이동수단(PM),남,37세,경상
2023062200100233,2023년 6월 22일 12시,목요일,경기도 수원시 권선구 구운동,경상사고,0,0,1,0,차대차 - 추돌,안전운전불이행,건조,맑음,교차로 - 교차로부근,승용,여,61세,상해없음,승용,남,47세,경상
2023062200100255,2023년 6월 22일 13시,목요일,경기도 수원시 팔달구 교동,경상사고,0,0,1,0,차대차 - 기타,안전거리미확보,건조,맑음,교차로 - 교차로안,승용,여,53세,상해없음,화물,남,53세,경상
2023062200100352,2023년 6월 22일 16시,목요일,경기도 수원시 팔달구 인계동,경상사고,0,0,1,0,차대차 - 측면충돌,신호위반,건조,맑음,교차로 - 교차로안,이륜,남,17세,상해없음,자전거,남,72세,경상
2023062200100449,2023년 6월 22일 18시,목요일,경기도 수원시 영통구 망포동,경상사고,0,0,1,0,차대차 - 기타,기타,건조,맑음,단일로 - 기타,승용,남,39세,상해없음,이륜,남,46세,경상
2023062200100450,2023년 6월 22일 18시,목요일,경기도 수원시 권선구 세류동,부상신고사고,0,0,0,1,차대차 - 기타,안전운전불이행,건조,맑음,교차로 - 교차로안,승용,남,28세,상해없음,원동기,남,48세,부상신고
2023062200100502,2023년 6월 22일 19시,목요일,경기도 수원시 권선구 금곡동,경상사고,0,0,1,0,차대사람 - 차도통행중,안전운전불이행,건조,맑음,단일로 - 기타,개인형이동수단(PM),남,17세,기타불명,보행자,여,4세,경상
2023062200100520,2023년 6월 22일 20시,목요일,경기도 수원시 영통구 이의동,경상사고,0,0,1,0,차대차 - 측면충돌,신호위반,건조,맑음,교차로 - 교차로안,승용,남,65세,상해없음,승용,여,42세,경상
2023062200100522,2023년 6월 22일 20시,목요일,경기도 수원시 권선구 구운동,경상사고,0,0,4,0,차대차 - 추돌,안전운전불이행,건조,맑음,단일로 - 기타,승용,남,39세,상해없음,승용,남,27세,경상
2023062200100548,2023년 6월 22일 21시,목요일,경기도 수원시 영통구 이의동,경상사고,0,0,1,0,차대차 - 측면충돌,신호위반,젖음/습기,비,교차로 - 교차로안,승용,여,79세,상해없음,이륜,남,35세,경상
2023062200100549,2023년 6월 22일 21시,목요일,경기도 수원시 영통구 이의동,중상사고,0,1,0,0,차대차 - 추돌,안전운전불이행,건조,맑음,단일로 - 지하차도(도로)내,승용,남,60세,상해없음,기타불명,남,44세,중상
2023062300100024,2023년 6월 23일 04시,금요일,경기도 수원시 권선구 곡반정동,경상사고,0,0,1,0,차대차 - 정면충돌,신호위반,건조,맑음,교차로 - 교차로안,승용,남,65세,상해없음,승용,여,33세,경상
2023062300100039,2023년 6월 23일 06시,금요일,경기도 수원시 장안구 영화동,경상사고,0,0,2,0,차대차 - 기타,안전거리미확보,건조,맑음,단일로 - 기타,승용,남,54세,경상,승용,여,28세,경상
2023062300100091,2023년 6월 23일 08시,금요일,경기도 수원시 영통구 원천동,경상사고,0,0,2,0,차대차 - 기타,신호위반,건조,흐림,교차로 - 교차로부근,승용,여,68세,상해없음,승용,남,54세,상해없음
2023062300100163,2023년 6월 23일 10시,금요일,경기도 수원시 장안구 송죽동,경상사고,0,0,1,0,차대차 - 기타,직진우회전진행방해,건조,맑음,교차로 - 교차로안,승용,남,34세,상해없음,이륜,남,40세,경상
2023062300100200,2023년 6월 23일 11시,금요일,경기도 수원시 팔달구 팔달로3가,경상사고,0,0,1,0,차량단독 - 기타,기타,건조,맑음,단일로 - 기타,승합,남,61세,상해없음,,,,
2023062300100348,2023년 6월 23일 15시,금요일,경기도 수원시 팔달구 북수동,경상사고,0,0,1,0,차대차 - 기타,안전거리미확보,건조,맑음,단일로 - 기타,승합,남,59세,상해없음,승합,남,42세,상해없음
2023062300100357,2023년 6월 23일 15시,금요일,경기도 수원시 팔달구 교동,경상사고,0,0,1,0,차대차 - 기타,안전운전불이행,건조,맑음,단일로 - 기타,자전거,기타불명,미분류,기타불명,자전거,남,50세,경상
2023062300100435,2023년 6월 23일 17시,금요일,경기도 수원시 영통구 망포동,경상사고,0,0,1,0,차대차 - 측면충돌,안전거리미확보,건조,맑음,단일로 - 지하차도(도로)내,승용,여,57세,상해없음,승용,남,30세,경상
2023062300100436,2023년 6월 23일 17시,금요일,경기도 수원시 권선구 금곡동,경상사고,0,0,1,0,차대사람 - 횡단중,안전운전불이행,건조,맑음,교차로 - 교차로부근,승용,여,63세,상해없음,보행자,남,29세,경상
2023062300100437,2023년 6월 23일 17시,금요일,경기도 수원시 권선구 호매실동,부상신고사고,0,0,0,1,차대차 - 기타,안전운전불이행,건조,맑음,단일로 - 기타,자전거,여,27세,부상신고,승용,여,34세,상해없음
2023062300100501,2023년 6월 23일 18시,금요일,경기도 수원시 영통구 신동,경상사고,0,0,3,0,차대차 - 기타,안전거리미확보,건조,맑음,단일로 - 기타,승용,여,32세,경상,승용,여,58세,경상
2023062300100589,2023년 6월 23일 20시,금요일,경기도 수원시 영통구 원천동,중상사고,0,1,0,0,차대사람 - 차도통행중,안전운전불이행,건조,맑음,단일로 - 기타,승합,남,44세,상해없음,보행자,여,69세,중상
2023062300100590,2023년 6월 23일 20시,금요일,경기도 수원시 영통구 망포동,경상사고,0,0,2,0,차대차 - 추돌,안전운전불이행,건조,맑음,단일로 - 기타,승용,남,70세,상해없음,이륜,남,36세,경상
2023062300100664,2023년 6월 23일 23시,금요일,경기도 수원시 권선구 서둔동,경상사고,0,0,1,0,차대차 - 추돌,안전운전불이행,건조,흐림,교차로 - 교차로부근,승용,남,30세,상해없음,승용,남,42세,경상
2023062400100003,2023년 6월 24일 00시,토요일,경기도 수원시 팔달구 화서동,경상사고,0,0,1,0,차대차 - 정면충돌,직진우회전진행방해,건조,맑음,교차로 - 교차로안,승용,남,25세,상해없음,자전거,남,21세,경상
2023062400100130,2023년 6월 24일 10시,토요일,경기도 수원시 영통구 신동,경상사고,0,0,2,0,차대차 - 정면충돌,신호위반,건조,맑음,교차로 - 교차로안,승용,남,58세,상해없음,승용,남,53세,경상
2023062400100204,2023년 6월 24일 12시,토요일,경기도 수원시 팔달구 우만동,경상사고,0,0,1,0,차대차 - 기타,신호위반,건조,맑음,교차로 - 교차로안,승용,남,71세,상해없음,이륜,남,45세,경상
2023062400100209,2023년 6월 24일 12시,토요일,경기도 수원시 팔달구 우만동,경상사고,0,0,3,0,차대차 - 측면충돌,안전거리미확보,건조,맑음,단일로 - 지하차도(도로)내,승용,남,70세,상해없음,승용,여,43세,경상
2023062400100293,2023년 6월 24일 14시,토요일,경기도 수원시 팔달구 신풍동,경상사고,0,0,1,0,차대사람 - 기타,안전운전불이행,건조,맑음,교차로 - 교차로안,승용,남,35세,상해없음,보행자,여,29세,경상