사고번호,사고일시,요일,시군구,사고내용,사망자수,중상자수,경상자수,부상신고자수,사고유형,법규위반,노면상태,기상상태,도로형태,가해운전자 차종,가해운전자 성별,가해운전자 연령,가해운전자 상해정도,피해운전자 차종,피해운전자 성별,피해운전자 연령,피해운전자 상해정도
2023062400100335,2023년 6월 24일 15시,토요일,경기도 수원시 팔달구 인계동,경상사고,0,0,4,0,차대차 - 추돌,안전운전불이행,건조,맑음,단일로 - 기타,승용,남,48세,상해없음,승용,여,44세,경상
2023062400100383,2023년 6월 24일 16시,토요일,경기도 수원시 권선구 평동,경상사고,0,0,2,0,차대차 - 기타,안전운전불이행,건조,맑음,교차로 - 교차로안,승용,남,73세,상해없음,승용,남,54세,경상
2023062400100451,2023년 6월 24일 18시,토요일,경기도 수원시 장안구 송죽동,경상사고,0,0,3,0,차대차 - 기타,신호위반,건조,맑음,단일로 - 기타,이륜,남,33세,경상,승용,남,45세,경상
2023062400100481,2023년 6월 24일 19시,토요일,경기도 수원시 권선구 금곡동,경상사고,0,0,1,0,차대차 - 측면충돌,안전거리미확보,건조,맑음,단일로 - 기타,승용,남,61세,상해없음,화물,남,42세,상해없음
2023062400100524,2023년 6월 24일 21시,토요일,경기도 수원시 장안구 율전동,경상사고,0,0,1,0,차대차 - 후진중충돌,안전운전불이행,건조,맑음,단일로 - 기타,승용,남,61세,상해없음,승용,남,24세,경상
2023062400100530,2023년 6월 24일 21시,토요일,경기도 수원시 영통구 이의동,중상사고,0,1,0,0,차대차 - 기타,신호위반,건조,맑음,교차로 - 교차로안,승용,여,44세,상해없음,이륜,남,28세,중상
2023062400100533,2023년 6월 24일 21시,토요일,경기도 수원시 권선구 오목천동,중상사고,0,1,1,0,차대차 - 추돌,안전운전불이행,건조,맑음,교차로 - 교차로부근,승용,여,52세,상해없음,승용,여,58세,중상
2023062400100564,2023년 6월 24일 22시,토요일,경기도 수원시 장안구 정자동,경상사고,0,0,2,0,차대차 - 기타,신호위반,건조,맑음,교차로 - 교차로안,승용,여,25세,상해없음,승합,남,45세,경상
2023062400100566,2023년 6월 24일 22시,토요일,경기도 수원시 권선구 고색동,중상사고,0,1,0,0,차대차 - 기타,신호위반,건조,맑음,교차로 - 교차로부근,승용,남,40세,상해없음,이륜,남,31세,중상
2023062500100027,2023년 6월 25일 02시,일요일,경기도 수원시 팔달구 매산로1가,경상사고,0,0,3,1,차대차 - 측면충돌,안전거리미확보,건조,맑음,교차로 - 교차로안,승용,남,49세,상해없음,승용,남,19세,경상
2023062500100032,2023년 6월 25일 03시,일요일,경기도 수원시 권선구 권선동,중상사고,0,1,0,0,차량단독 - 공작물충돌,안전운전불이행,건조,맑음,교차로 - 교차로부근,이륜,남,16세,중상,,,,
2023062500100033,2023년 6월 25일 03시,일요일,경기도 수원시 권선구 당수동,경상사고,0,0,1,0,차대차 - 추돌,안전운전불이행,건조,맑음,단일로 - 기타,개인형이동수단(PM),남,19세,기타불명,개인형이동수단(PM),남,44세,경상
2023062500100038,2023년 6월 25일 04시,일요일,경기도 수원시 팔달구 지동,중상사고,0,1,0,0,차대사람 - 기타,안전운전불이행,건조,맑음,단일로 - 기타,승용,남,51세,상해없음,보행자,남,30세,중상
2023062500100114,2023년 6월 25일 11시,일요일,경기도 수원시 장안구 조원동,경상사고,0,0,1,0,차대차 - 측면충돌,안전운전불이행,건조,맑음,교차로 - 교차로안,승용,남,57세,상해없음,승용,여,45세,경상
2023062500100163,2023년 6월 25일 13시,일요일,경기도 수원시 팔달구 지동,경상사고,0,0,3,0,차대차 - 후진중충돌,안전운전불이행,건조,맑음,교차로 - 교차로안,승용,남,37세,상해없음,승용,남,41세,경상
2023062500100186,2023년 6월 25일 14시,일요일,경기도 수원시 권선구 권선동,경상사고,0,0,2,0,차대차 - 측면충돌,안전거리미확보,건조,맑음,단일로 - 기타,승용,남,61세,상해없음,승용,남,73세,경상
2023062500100209,2023년 6월 25일 15시,일요일,경기도 수원시 장안구 연무동,부상신고사고,0,0,0,1,차대차 - 기타,안전운전불이행,건조,맑음,교차로 - 교차로안,자전거,남,68세,부상신고,승용,여,61세,상해없음
2023062500100214,2023년 6월 25일 15시,일요일,경기도 수원시 영통구 이의동,경상사고,0,0,1,0,차량단독 - 기타,안전운전불이행,건조,맑음,단일로 - 기타,승합,남,71세,상해없음,,,,
2023062500100274,2023년 6월 25일 17시,일요일,경기도 수원시 권선구 세류동,경상사고,0,0,2,0,차대차 - 측면충돌,안전운전불이행,건조,맑음,단일로 - 지하차도(도로)내,승용,남,54세,상해없음,승용,남,28세,경상
2023062500100300,2023년 6월 25일 18시,일요일,경기도 수원시 권선구 구운동,경상사고,0,0,1,0,차대차 - 추돌,안전운전불이행,건조,맑음,교차로 - 교차로부근,승용,여,59세,상해없음,이륜,남,56세,경상
2023062500100361,2023년 6월 25일 20시,일요일,경기도 수원시 팔달구 매산로1가,중상사고,0,2,6,0,차대차 - 측면충돌,안전거리미확보,건조,맑음,교차로 - 교차로안,승합,남,65세,상해없음,승용,여,20세,경상
2023062500100382,2023년 6월 25일 21시,일요일,경기도 수원시 권선구 권선동,경상사고,0,0,1,0,차대사람 - 기타,안전운전불이행,건조,맑음,기타 - 기타,승용,여,37세,상해없음,보행자,여,68세,경상
2023062500100404,2023년 6월 25일 22시,일요일,경기도 수원시 장안구 송죽동,중상사고,0,1,0,0,차대차 - 기타,기타,건조,맑음,단일로 - 기타,승용,남,44세,상해없음,자전거,남,23세,중상
2023062600100006,2023년 6월 26일 00시,월요일,경기도 수원시 팔달구 우만동,경상사고,0,0,1,0,차대차 - 기타,안전운전불이행,건조,맑음,교차로 - 교차로안,승용,남,52세,상해없음,자전거,남,18세,경상
2023062600100013,2023년 6월 26일 01시,월요일,경기도 수원시 팔달구 인계동,경상사고,0,0,1,0,차대차 - 기타,신호위반,건조,맑음,교차로 - 교차로안,승용,남,70세,상해없음,승용,남,33세,경상
2023062600100015,2023년 6월 26일 02시,월요일,경기도 수원시 영통구 하동,경상사고,0,0,3,0,차대차 - 추돌,신호위반,건조,맑음,교차로 - 교차로안,승용,남,38세,상해없음,승용,남,63세,경상
2023062600100050,2023년 6월 26일 07시,월요일,경기도 수원시 장안구 송죽동,부상신고사고,0,0,0,2,차대차 - 기타,안전거리미확보,건조,맑음,단일로 - 기타,승합,남,58세,부상신고,승용,남,55세,부상신고
2023062600100052,2023년 6월 26일 07시,월요일,경기도 수원시 팔달구 인계동,경상사고,0,0,1,0,차대사람 - 차도통행중,보행자보호의무위반,건조,맑음,교차로 - 교차로횡단보도내,승용,여,27세,상해없음,보행자,남,24세,경상
2023062600100158,2023년 6월 26일 10시,월요일,경기도 수원시 장안구 조원동,부상신고사고,0,0,0,1,차량단독 - 공작물충돌,안전운전불이행,젖음/습기,흐림,단일로 - 기타,승용,남,21세,부상신고,,,,
2023062600100213,2023년 6월 26일 12시,월요일,경기도 수원시 권선구 호매실동,경상사고,0,0,1,0,차대차 - 기타,안전거리미확보,건조,맑음,단일로 - 기타,승용,남,50세,상해없음,승용,남,45세,경상
2023062600100247,2023년 6월 26일 13시,월요일,경기도 수원시 팔달구 우만동,경상사고,0,0,1,0,차대사람 - 기타,안전운전불이행,건조,맑음,단일로 - 기타,승용,여,51세,상해없음,보행자,여,29세,경상
2023062600100351,2023년 6월 26일 16시,월요일,경기도 수원시 팔달구 고등동,경상사고,0,0,1,0,차대차 - 후진중충돌,안전운전불이행,건조,흐림,단일로 - 기타,승용,남,71세,상해없음,승용,여,25세,경상
2023062600100388,2023년 6월 26일 17시,월요일,경기도 수원시 권선구 금곡동,경상사고,0,0,1,0,차대차 - 측면충돌,안전운전불이행,건조,흐림,교차로 - 교차로부근,이륜,남,23세,상해없음,승용,남,38세,경상
2023062600100434,2023년 6월 26일 18시,월요일,경기도 수원시 권선구 곡반정동,경상사고,0,0,1,1,차대차 - 측면충돌,차로위반,건조,맑음,단일로 - 기타,승용,여,25세,상해없음,승합,남,32세,부상신고
2023062600100461,2023년 6월 26일 19시,월요일,경기도 수원시 권선구 호매실동,경상사고,0,0,1,0,차량단독 - 기타,안전운전불이행,건조,맑음,단일로 - 기타,승합,남,66세,상해없음,,,,
2023062600100483,2023년 6월 26일 20시,월요일,경기도 수원시 영통구 영통동,경상사고,0,0,2,0,차대차 - 측면충돌,안전거리미확보,젖음/습기,흐림,단일로 - 기타,승용,남,28세,상해없음,승용,남,34세,경상
2023062600100535,2023년 6월 26일 22시,월요일,경기도 수원시 장안구 영화동,경상사고,0,0,1,0,차대사람 - 기타,안전운전불이행,젖음/습기,비,기타 - 기타,승용,남,37세,상해없음,보행자,남,64세,경상
2023062600100538,2023년 6월 26일 22시,월요일,경기도 수원시 영통구 이의동,중상사고,0,1,3,0,차대차 - 측면충돌,안전운전불이행,젖음/습기,비,교차로 - 교차로안,승용,여,23세,상해없음,승합,남,51세,경상
2023062600100563,2023년 6월 26일 23시,월요일,경기도 수원시 장안구 조원동,중상사고,0,2,1,0,차대차 - 기타,안전거리미확보,젖음/습기,비,단일로 - 기타,화물,남,54세,중상,승용,남,62세,경상
2023062700100152,2023년 6월 27일 10시,화요일,경기도 수원시 팔달구 고등동,경상사고,0,0,1,1,차대차 - 추돌,중앙선침범,건조,맑음,교차로 - 교차로부근,자전거,남,72세,부상신고,승용,남,57세,상해없음
2023062700100274,2023년 6월 27일 14시,화요일,경기도 수원시 장안구 영화동,경상사고,0,0,2,0,차대차 - 측면충돌,안전운전불이행,건조,맑음,교차로 - 교차로안,화물,여,50세,상해없음,승용,남,23세,경상
2023062700100402,2023년 6월 27일 17시,화요일,경기도 수원시 영통구 하동,중상사고,0,1,0,0,차대사람 - 보도통행중,안전운전불이행,건조,맑음,단일로 - 기타,자전거,남,15세,상해없음,보행자,여,59세,중상
2023062700100405,2023년 6월 27일 17시,화요일,경기도 수원시 권선구 세류동,중상사고,0,1,0,0,차대차 - 기타,신호위반,건조,맑음,교차로 - 교차로안,승용,남,60세,상해없음,이륜,남,58세,중상
2023062700100450,2023년 6월 27일 18시,화요일,경기도 수원시 영통구 매탄동,경상사고,0,0,1,0,차대차 - 정면충돌,안전운전불이행,건조,맑음,단일로 - 기타,개인형이동수단(PM),남,15세,상해없음,자전거,남,26세,경상
2023062700100451,2023년 6월 27일 18시,화요일,경기도 수원시 영통구 매탄동,경상사고,0,0,1,0,차대차 - 추돌,안전운전불이행,건조,맑음,교차로 - 교차로부근,승용,여,55세,상해없음,승용,여,53세,경상
2023062700100452,2023년 6월 27일 18시,화요일,경기도 수원시 영통구 원천동,경상사고,0,0,2,0,차대차 - 측면충돌,직진우회전진행방해,건조,맑음,교차로 - 교차로안,승용,여,59세,경상,승용,남,24세,경상
2023062700100454,2023년 6월 27일 18시,화요일,경기도 수원시 권선구 구운동,중상사고,0,1,0,0,차대차 - 기타,안전운전불이행,건조,맑음,단일로 - 기타,승용,여,40세,상해없음,기타불명,여,85세,중상
2023062700100526,2023년 6월 27일 20시,화요일,경기도 수원시 팔달구 매교동,경상사고,0,0,1,0,차대차 - 측면충돌,안전운전불이행,건조,맑음,교차로 - 교차로안,승합,남,66세,상해없음,승용,여,23세,경상
2023062700100548,2023년 6월 27일 21시,화요일,경기도 수원시 장안구 영화동,부상신고사고,0,0,0,1,차대차 - 측면충돌,안전거리미확보,건조,맑음,단일로 - 기타,이륜,남,33세,부상신고,특수,남,35세,상해없음
2023062700100580,2023년 6월 27일 22시,화요일,경기도 수원시 영통구 영통동,경상사고,0,0,3,0,차대차 - 기타,안전운전불이행,건조,맑음,단일로 - 기타,승용,남,33세,상해없음,승용,남,46세,경상
2023062800100086,2023년 6월 28일 08시,수요일,경기도 수원시 팔달구 화서동,경상사고,0,0,1,0,차대차 - 기타,안전운전불이행,건조,맑음,교차로 - 교차로안,승용,여,48세,상해없음,승용,남,40세,경상
2023062800100094,2023년 6월 28일 08시,수요일,경기도 수원시 권선구 구운동,경상사고,0,0,1,0,차대차 - 측면충돌,신호위반,건조,맑음,교차로 - 교차로안,화물,남,79세,상해없음,승용,남,41세,경상
2023062800100131,2023년 6월 28일 09시,수요일,경기도 수원시 권선구 당수동,경상사고,0,0,1,0,차대차 - 측면충돌,안전운전불이행,건조,맑음,교차로 - 교차로안,승합,남,55세,상해없음,특수,남,32세,경상
2023062800100219,2023년 6월 28일 12시,수요일,경기도 수원시 권선구 오목천동,경상사고,0,0,2,0,차대차 - 기타,교차로운행방법위반,건조,맑음,교차로 - 교차로부근,화물,남,61세,상해없음,승합,남,53세,경상
2023062800100306,2023년 6월 28일 15시,수요일,경기도 수원시 권선구 탑동,경상사고,0,0,1,0,차대차 - 측면충돌,안전운전불이행,건조,맑음,단일로 - 기타,승용,여,33세,상해없음,이륜,남,26세,경상
2023062800100338,2023년 6월 28일 16시,수요일,경기도 수원시 팔달구 중동,중상사고,0,1,0,0,차대사람 - 횡단중,신호위반,건조,맑음,교차로 - 교차로안,원동기,남,55세,상해없음,보행자,여,55세,중상
2023062800100344,2023년 6월 28일 16시,수요일,경기도 수원시 권선구 세류동,중상사고,0,1,0,0,차대차 - 측면충돌,신호위반,건조,맑음,교차로 - 교차로안,승용,남,76세,상해없음,이륜,남,39세,중상
2023062800100441,2023년 6월 28일 18시,수요일,경기도 수원시 권선구 권선동,부상신고사고,0,0,0,1,차량단독 - 기타,안전운전불이행,건조,맑음,교차로 - 교차로부근,개인형이동수단(PM),여,14세,부상신고,,,,
2023062800100538,2023년 6월 28일 21시,수요일,경기도 수원시 권선구 금곡동,경상사고,0,0,1,0,차대차 - 기타,안전운전불이행,건조,맑음,단일로 - 기타,화물,남,66세,상해없음,승용,남,45세,상해없음
2023062800100559,2023년 6월 28일 22시,수요일,경기도 수원시 권선구 호매실동,경상사고,0,0,3,0,차대차 - 추돌,안전운전불이행,건조,흐림,기타 - 기타,승합,남,42세,기타불명,승용,남,29세,경상
2023062900100155,2023년 6월 29일 10시,목요일,경기도 수원시 팔달구 고등동,경상사고,0,0,3,0,차대차 - 측면충돌,안전운전불이행,젖음/습기,비,단일로 - 기타,승용,여,28세,기타불명,승용,여,38세,경상
2023062900100257,2023년 6월 29일 13시,목요일,경기도 수원시 팔달구 남창동,경상사고,0,0,1,0,차대사람 - 길가장자리구역통행중,안전운전불이행,젖음/습기,비,단일로 - 기타,승용,남,57세,상해없음,보행자,남,55세,경상
2023062900100264,2023년 6월 29일 13시,목요일,경기도 수원시 권선구 고색동,경상사고,0,0,1,0,차대차 - 기타,안전운전불이행,젖음/습기,비,교차로 - 교차로안,승용,남,74세,상해없음,승용,여,67세,경상
2023062900100371,2023년 6월 29일 16시,목요일,경기도 수원시 권선구 권선동,사망사고,1,2,5,0,차대차 - 추돌,안전거리미확보,젖음/습기,비,단일로 - 지하차도(도로)내,승용,남,71세,사망,화물,남,29세,경상
2023062900100372,2023년 6월 29일 16시,목요일,경기도 수원시 권선구 세류동,경상사고,0,0,1,0,차대차 - 측면충돌,안전거리미확보,젖음/습기,비,단일로 - 기타,화물,남,30세,상해없음,승용,여,55세,경상
2023062900100435,2023년 6월 29일 18시,목요일,경기도 수원시 팔달구 화서동,경상사고,0,0,1,0,차대차 - 측면충돌,안전운전불이행,젖음/습기,비,교차로 - 교차로안,승용,남,42세,상해없음,이륜,남,39세,경상
2023062900100443,2023년 6월 29일 18시,목요일,경기도 수원시 권선구 금곡동,중상사고,0,1,0,0,차대차 - 정면충돌,안전운전불이행,건조,흐림,교차로 - 교차로안,승용,여,52세,상해없음,이륜,남,26세,중상
2023062900100504,2023년 6월 29일 20시,목요일,경기도 수원시 장안구 영화동,중상사고,0,1,0,0,차대사람 - 횡단중,안전운전불이행,젖음/습기,비,교차로 - 교차로횡단보도내,승용,남,70세,상해없음,보행자,남,54세,중상
2023062900100509,2023년 6월 29일 20시,목요일,경기도 수원시 권선구 권선동,경상사고,0,0,1,0,차대차 - 추돌,안전운전불이행,건조,맑음,단일로 - 기타,승용,남,29세,상해없음,승용,남,41세,경상
2023062900100575,2023년 6월 29일 23시,목요일,경기도 수원시 영통구 영통동,경상사고,0,0,1,0,차대사람 - 기타,안전운전불이행,건조,맑음,단일로 - 기타,승합,남,65세,상해없음,보행자,남,46세,경상
2023063000100052,2023년 6월 30일 06시,금요일,경기도 수원시 영통구 매탄동,경상사고,0,0,2,0,차대차 - 추돌,안전운전불이행,젖음/습기,흐림,교차로 - 교차로부근,승용,여,31세,상해없음,승용,남,68세,경상
2023063000100086,2023년 6월 30일 08시,금요일,경기도 수원시 팔달구 우만동,경상사고,0,0,1,0,차대차 - 기타,안전거리미확보,건조,맑음,교차로 - 교차로부근,화물,남,26세,상해없음,승용,남,30세,경상
2023063000100144,2023년 6월 30일 10시,금요일,경기도 수원시 팔달구 인계동,경상사고,0,0,2,0,차대차 - 측면충돌,불법유턴,건조,맑음,단일로 - 기타,승용,여,61세,상해없음,승용,여,35세,경상
2023063000100206,2023년 6월 30일 12시,금요일,경기도 수원시 팔달구 인계동,중상사고,0,1,1,0,차대차 - 측면충돌,신호위반,건조,흐림,교차로 - 교차로안,승용,여,58세,상해없음,승용,여,35세,경상
2023063000100207,2023년 6월 30일 12시,금요일,경기도 수원시 권선구 고색동,경상사고,0,0,1,0,차대차 - 추돌,안전운전불이행,건조,맑음,단일로 - 지하차도(도로)내,승용,남,57세,상해없음,승용,여,62세,경상
2023063000100270,2023년 6월 30일 14시,금요일,경기도 수원시 장안구 조원동,중상사고,0,1,0,0,차대차 - 기타,안전거리미확보,건조,맑음,단일로 - 기타,승용,남,74세,상해없음,승용,남,32세,상해없음
2023063000100299,2023년 6월 30일 15시,금요일,경기도 수원시 팔달구 화서동,경상사고,0,0,1,0,차대차 - 추돌,안전운전불이행,건조,맑음,교차로 - 교차로안,승용,여,67세,상해없음,승합,남,51세,경상
2023063000100305,2023년 6월 30일 15시,금요일,경기도 수원시 권선구 구운동,경상사고,0,0,1,0,차대차 - 추돌,안전운전불이행,건조,맑음,교차로 - 교차로부근,승합,남,46세,상해없음,이륜,남,48세,경상
2023063000100334,2023년 6월 30일 16시,금요일,경기도 수원시 권선구 당수동,부상신고사고,0,0,0,1,차대차 - 추돌,안전운전불이행,건조,맑음,단일로 - 기타,이륜,남,60세,부상신고,승용,남,27세,상해없음
2023063000100359,2023년 6월 30일 17시,금요일,경기도 수원시 영통구 원천동,중상사고,0,1,0,0,차대차 - 측면충돌,안전운전불이행,건조,맑음,교차로 - 교차로안,승합,남,52세,상해없음,화물,남,65세,중상
2023063000100402,2023년 6월 30일 18시,금요일,경기도 수원시 팔달구 우만동,경상사고,0,0,1,0,차대차 - 측면충돌,안전운전불이행,건조,맑음,교차로 - 교차로안,이륜,남,45세,상해없음,이륜,남,26세,경상
2023063000100403,2023년 6월 30일 18시,금요일,경기도 수원시 장안구 송죽동,경상사고,0,0,1,0,차대차 - 측면충돌,안전운전불이행,건조,맑음,단일로 - 기타,승용,여,51세,상해없음,승용,남,36세,경상
2023063000100496,2023년 6월 30일 21시,금요일,경기도 수원시 장안구 송죽동,경상사고,0,0,1,0,차대차 - 측면충돌,안전운전불이행,건조,맑음,교차로 - 교차로안,승용,여,52세,상해없음,승용,남,40세,경상
2023063000100521,2023년 6월 30일 22시,금요일,경기도 수원시 장안구 조원동,중상사고,0,1,0,0,차대사람 - 기타,안전운전불이행,건조,맑음,단일로 - 기타,승용,남,67세,상해없음,보행자,남,88세,중상
2023063000100526,2023년 6월 30일 22시,금요일,경기도 수원시 영통구 이의동,경상사고,0,0,2,0,차대차 - 정면충돌,신호위반,건조,맑음,교차로 - 교차로부근,승용,여,44세,상해없음,승용,남,59세,경상
2023063000100527,2023년 6월 30일 22시,금요일,경기도 수원시 권선구 권선동,중상사고,0,2,0,0,차대차 - 측면충돌,신호위반,건조,맑음,교차로 - 교차로안,이륜,남,22세,중상,이륜,남,28세,중상
2023063000100546,2023년 6월 30일 23시,금요일,경기도 수원시 장안구 천천동,경상사고,0,0,2,0,차대차 - 측면충돌,안전거리미확보,건조,맑음,단일로 - 기타,승용,남,25세,상해없음,승용,남,26세,경상
2023070100100010,2023년 7월 1일 00시,토요일,경기도 수원시 팔달구 매산로1가,경상사고,0,0,3,0,차대차 - 기타,안전거리미확보,건조,맑음,기타 - 기타,승용,남,66세,상해없음,승용,남,35세,경상
2023070100100035,2023년 7월 1일 02시,토요일,경기도 수원시 팔달구 우만동,경상사고,0,0,1,0,차대차 - 기타,차로위반,건조,맑음,단일로 - 기타,승용,남,58세,상해없음,승용,남,67세,상해없음
2023070100100038,2023년 7월 1일 02시,토요일,경기도 수원시 권선구 평동,중상사고,0,2,1,0,차대차 - 추돌,안전운전불이행,건조,맑음,교차로 - 교차로부근,이륜,남,31세,중상,승용,남,60세,경상
2023070100100046,2023년 7월 1일 03시,토요일,경기도 수원시 팔달구 인계동,경상사고,0,0,2,0,차대차 - 측면충돌,안전운전불이행,건조,맑음,단일로 - 지하차도(도로)내,승용,남,59세,상해없음,승용,남,42세,경상
2023070100100164,2023년 7월 1일 11시,토요일,경기도 수원시 장안구 조원동,경상사고,0,0,1,0,차대차 - 추돌,안전운전불이행,건조,맑음,교차로 - 교차로안,승용,남,54세,상해없음,승용,여,30세,경상
2023070100100272,2023년 7월 1일 14시,토요일,경기도 수원시 장안구 정자동,중상사고,0,1,0,0,차대차 - 측면충돌,안전운전불이행,건조,맑음,단일로 - 기타,승용,여,60세,기타불명,이륜,남,45세,중상
2023070100100313,2023년 7월 1일 15시,토요일,경기도 수원시 장안구 송죽동,경상사고,0,0,1,0,차대차 - 기타,신호위반,건조,맑음,단일로 - 기타,자전거,여,46세,경상,승용,여,52세,상해없음
2023070100100361,2023년 7월 1일 16시,토요일,경기도 수원시 팔달구 우만동,중상사고,0,1,0,0,차대사람 - 기타,안전운전불이행,건조,맑음,단일로 - 기타,승합,남,71세,상해없음,보행자,여,60세,중상
2023070100100366,2023년 7월 1일 16시,토요일,경기도 수원시 팔달구 인계동,경상사고,0,0,1,0,차대차 - 측면충돌,안전운전불이행,건조,맑음,단일로 - 기타,승용,여,42세,상해없음,승용,여,39세,경상
2023070100100416,2023년 7월 1일 17시,토요일,경기도 수원시 권선구 권선동,경상사고,0,0,1,0,차대차 - 추돌,안전거리미확보,건조,맑음,단일로 - 기타,승용,여,64세,상해없음,화물,남,45세,경상
2023070100100463,2023년 7월 1일 18시,토요일,경기도 수원시 팔달구 고등동,경상사고,0,0,1,0,차대차 - 기타,안전운전불이행,건조,맑음,교차로 - 교차로부근,승용,여,69세,상해없음,자전거,남,77세,경상
2023070100100559,2023년 7월 1일 21시,토요일,경기도 수원시 영통구 이의동,경상사고,0,0,1,0,차대차 - 측면충돌,안전운전불이행,건조,맑음,단일로 - 기타,화물,남,40세,상해없음,이륜,남,17세,경상
2023070200100002,2023년 7월 2일 00시,일요일,경기도 수원시 장안구 정자동,부상신고사고,0,0,0,1,차대차 - 정면충돌,중앙선침범,건조,맑음,단일로 - 기타,개인형이동수단(PM),남,66세,부상신고,승용,남,24세,상해없음
2023070200100132,2023년 7월 2일 12시,일요일,경기도 수원시 권선구 권선동,경상사고,0,0,1,0,차대차 - 측면충돌,안전운전불이행,건조,맑음,단일로 - 기타,승용,남,55세,상해없음,승용,여,43세,경상
2023070200100154,2023년 7월 2일 13시,일요일,경기도 수원시 권선구 권선동,경상사고,0,0,4,0,차대차 - 측면충돌,신호위반,건조,맑음,교차로 - 교차로안,승용,여,73세,상해없음,승용,남,37세,경상
2023070200100313,2023년 7월 2일 19시,일요일,경기도 수원시 팔달구 고등동,경상사고,0,0,1,0,차대사람 - 차도통행중,안전운전불이행,건조,맑음,단일로 - 기타,승용,남,37세,기타불명,보행자,남,6세,경상
2023070200100314,2023년 7월 2일 19시,일요일,경기도 수원시 권선구 호매실동,경상사고,0,0,1,0,차대차 - 기타,안전운전불이행,건조,맑음,단일로 - 기타,승용,남,29세,기타불명,이륜,남,41세,경상
2023070200100315,2023년 7월 2일 19시,일요일,경기도 수원시 팔달구 매산로1가,부상신고사고,0,0,0,2,차대차 - 기타,교차로운행방법위반,건조,맑음,교차로 - 교차로안,승용,남,60세,상해없음,승용,남,25세,부상신고
2023070200100333,2023년 7월 2일 20시,일요일,경기도 수원시 권선구 권선동,경상사고,0,0,1,0,차대차 - 추돌,안전운전불이행,건조,맑음,교차로 - 교차로안,승용,남,27세,상해없음,이륜,여,25세,경상
2023070200100403,2023년 7월 2일 23시,일요일,경기도 수원시 권선구 구운동,부상신고사고,0,0,0,2,차대차 - 기타,안전운전불이행,건조,맑음,단일로 - 기타,승용,남,47세,상해없음,화물,남,64세,부상신고
2023070300100084,2023년 7월 3일 08시,월요일,경기도 수원시 영통구 영통동,경상사고,0,0,2,0,차대차 - 측면충돌,중앙선침범,건조,맑음,단일로 - 기타,승용,여,38세,상해없음,승용,남,54세,경상
2023070300100173,2023년 7월 3일 10시,월요일,경기도 수원시 권선구 권선동,경상사고,0,0,1,0,차대차 - 추돌,안전운전불이행,건조,맑음,단일로 - 고가도로위,승용,남,36세,상해없음,승용,남,31세,경상
2023070300100208,2023년 7월 3일 11시,월요일,경기도 수원시 장안구 조원동,경상사고,0,0,1,0,차대차 - 기타,안전운전불이행,건조,맑음,교차로 - 교차로안,자전거,남,16세,경상,승용,여,65세,상해없음
2023070300100268,2023년 7월 3일 13시,월요일,경기도 수원시 장안구 천천동,중상사고,0,2,2,0,차대차 - 기타,신호위반,건조,맑음,교차로 - 교차로안,승용,여,47세,경상,화물,남,54세,경상
2023070300100269,2023년 7월 3일 13시,월요일,경기도 수원시 장안구 조원동,중상사고,0,1,0,0,차대차 - 기타,교차로운행방법위반,건조,맑음,교차로 - 교차로안,승용,남,70세,상해없음,승용,여,52세,중상
2023070300100275,2023년 7월 3일 13시,월요일,경기도 수원시 영통구 영통동,경상사고,0,0,1,0,차대사람 - 기타,보행자보호의무위반,건조,맑음,기타 - 기타,승용,남,38세,상해없음,보행자,여,8세,경상
2023070300100350,2023년 7월 3일 15시,월요일,경기도 수원시 권선구 권선동,경상사고,0,0,3,0,차대차 - 측면충돌,안전거리미확보,건조,맑음,단일로 - 기타,승용,여,62세,경상,승용,남,32세,경상
2023070300100487,2023년 7월 3일 19시,월요일,경기도 수원시 팔달구 인계동,중상사고,0,1,4,0,차대차 - 정면충돌,중앙선침범,건조,맑음,교차로 - 교차로부근,승용,여,59세,상해없음,승용,남,56세,경상
2023070300100531,2023년 7월 3일 21시,월요일,경기도 수원시 팔달구 매산로2가,경상사고,0,0,1,0,차대차 - 측면충돌,안전거리미확보,건조,맑음,교차로 - 교차로부근,승용,남,33세,상해없음,승용,남,58세,경상
2023070400100005,2023년 7월 4일 00시,화요일,경기도 수원시 장안구 정자동,중상사고,0,1,0,0,차대차 - 기타,신호위반,건조,맑음,교차로 - 교차로안,승용,남,63세,상해없음,이륜,남,27세,중상
2023070400100020,2023년 7월 4일 01시,화요일,경기도 수원시 권선구 서둔동,경상사고,0,0,1,0,차대차 - 추돌,안전운전불이행,건조,맑음,교차로 - 교차로부근,승용,남,62세,상해없음,승용,여,58세,경상
2023070400100105,2023년 7월 4일 08시,화요일,경기도 수원시 영통구 원천동,경상사고,0,0,1,0,차대차 - 측면충돌,안전운전불이행,건조,맑음,교차로 - 교차로부근,승용,여,33세,상해없음,자전거,여,26세,경상