사고번호,사고일시,요일,시군구,사고내용,사망자수,중상자수,경상자수,부상신고자수,사고유형,법규위반,노면상태,기상상태,도로형태,가해운전자 차종,가해운전자 성별,가해운전자 연령,가해운전자 상해정도,피해운전자 차종,피해운전자 성별,피해운전자 연령,피해운전자 상해정도
2023070400100180,2023년 7월 4일 10시,화요일,경기도 수원시 영통구 매탄동,경상사고,0,0,2,0,차대차 - 측면충돌,신호위반,건조,맑음,단일로 - 기타,승용,여,30세,상해없음,승용,여,49세,경상
2023070400100182,2023년 7월 4일 10시,화요일,경기도 수원시 권선구 당수동,경상사고,0,0,1,0,차대차 - 측면충돌,교차로운행방법위반,건조,맑음,교차로 - 교차로안,화물,남,64세,경상,승용,남,62세,상해없음
2023070400100361,2023년 7월 4일 16시,화요일,경기도 수원시 팔달구 인계동,경상사고,0,0,1,0,차대차 - 추돌,안전운전불이행,젖음/습기,비,단일로 - 기타,승용,남,21세,상해없음,승용,남,33세,경상
2023070400100394,2023년 7월 4일 17시,화요일,경기도 수원시 권선구 구운동,경상사고,0,0,1,0,차대차 - 측면충돌,안전운전불이행,젖음/습기,흐림,교차로 - 교차로부근,화물,남,52세,기타불명,승용,여,40세,경상
2023070400100439,2023년 7월 4일 18시,화요일,경기도 수원시 영통구 이의동,경상사고,0,0,1,0,차대차 - 정면충돌,안전운전불이행,건조,맑음,주차장 - 주차장,승용,남,48세,상해없음,승용,남,51세,상해없음
2023070400100443,2023년 7월 4일 18시,화요일,경기도 수원시 장안구 조원동,경상사고,0,0,1,0,차대차 - 기타,안전거리미확보,건조,맑음,단일로 - 기타,승용,남,65세,상해없음,승용,남,28세,경상
2023070400100486,2023년 7월 4일 19시,화요일,경기도 수원시 팔달구 고등동,경상사고,0,0,1,0,차대차 - 정면충돌,직진우회전진행방해,젖음/습기,비,교차로 - 교차로부근,이륜,남,40세,상해없음,자전거,남,63세,경상
2023070400100586,2023년 7월 4일 22시,화요일,경기도 수원시 장안구 조원동,경상사고,0,0,1,0,차대사람 - 횡단중,안전운전불이행,젖음/습기,비,교차로 - 교차로안,승용,남,48세,상해없음,보행자,여,65세,경상
2023070500100033,2023년 7월 5일 05시,수요일,경기도 수원시 권선구 구운동,중상사고,0,1,0,0,차량단독 - 전도전복 - 전도,안전운전불이행,젖음/습기,흐림,단일로 - 기타,농기계,남,80세,중상,,,,
2023070500100038,2023년 7월 5일 06시,수요일,경기도 수원시 장안구 영화동,경상사고,0,0,2,0,차대차 - 측면충돌,안전운전불이행,건조,맑음,단일로 - 기타,화물,남,48세,상해없음,승합,남,57세,경상
2023070500100040,2023년 7월 5일 06시,수요일,경기도 수원시 권선구 곡반정동,중상사고,0,1,0,0,차대사람 - 횡단중,안전운전불이행,건조,맑음,교차로 - 교차로안,승용,여,48세,상해없음,보행자,남,45세,중상
2023070500100041,2023년 7월 5일 06시,수요일,경기도 수원시 권선구 구운동,경상사고,0,0,1,0,차대차 - 측면충돌,안전운전불이행,건조,맑음,단일로 - 기타,승합,남,63세,상해없음,건설기계,남,41세,경상
2023070500100074,2023년 7월 5일 08시,수요일,경기도 수원시 권선구 권선동,중상사고,0,1,0,0,차대사람 - 기타,신호위반,젖음/습기,흐림,단일로 - 기타,승용,여,64세,상해없음,보행자,남,14세,중상
2023070500100075,2023년 7월 5일 08시,수요일,경기도 수원시 팔달구 인계동,경상사고,0,0,4,0,차대차 - 기타,안전운전불이행,건조,맑음,교차로 - 교차로부근,승용,남,53세,경상,승용,남,61세,경상
2023070500100079,2023년 7월 5일 08시,수요일,경기도 수원시 팔달구 매교동,경상사고,0,0,3,0,차대차 - 측면충돌,안전운전불이행,건조,맑음,교차로 - 교차로부근,승용,여,42세,상해없음,승용,여,42세,경상
2023070500100120,2023년 7월 5일 09시,수요일,경기도 수원시 팔달구 화서동,경상사고,0,0,1,0,차대차 - 기타,안전운전불이행,건조,맑음,교차로 - 교차로안,승용,남,36세,경상,화물,남,50세,상해없음
2023070500100187,2023년 7월 5일 11시,수요일,경기도 수원시 영통구 이의동,경상사고,0,0,1,0,차대차 - 측면충돌,교차로운행방법위반,건조,맑음,교차로 - 교차로안,승용,남,74세,상해없음,승용,남,50세,경상
2023070500100189,2023년 7월 5일 11시,수요일,경기도 수원시 팔달구 매산로2가,부상신고사고,0,0,0,1,차대차 - 추돌,직진우회전진행방해,건조,맑음,교차로 - 교차로안,이륜,남,76세,부상신고,승용,남,71세,상해없음
2023070500100383,2023년 7월 5일 17시,수요일,경기도 수원시 팔달구 우만동,중상사고,0,1,1,0,차대차 - 기타,안전운전불이행,건조,맑음,교차로 - 교차로안,이륜,남,77세,경상,승용,남,45세,중상
2023070500100395,2023년 7월 5일 17시,수요일,경기도 수원시 영통구 이의동,경상사고,0,0,1,0,차대차 - 기타,안전거리미확보,건조,맑음,단일로 - 기타,승합,남,55세,상해없음,화물,남,56세,상해없음
2023070500100430,2023년 7월 5일 18시,수요일,경기도 수원시 장안구 정자동,경상사고,0,0,1,0,차대사람 - 기타,안전운전불이행,건조,맑음,단일로 - 기타,화물,남,38세,상해없음,보행자,여,65세,경상
2023070500100431,2023년 7월 5일 18시,수요일,경기도 수원시 장안구 조원동,경상사고,0,0,3,0,차대차 - 측면충돌,안전운전불이행,건조,맑음,교차로 - 교차로안,승용,여,22세,상해없음,승용,여,55세,경상
2023070500100432,2023년 7월 5일 18시,수요일,경기도 수원시 장안구 정자동,경상사고,0,0,2,0,차대차 - 기타,안전운전불이행,건조,맑음,교차로 - 교차로안,이륜,남,24세,상해없음,승용,남,76세,경상
2023070500100519,2023년 7월 5일 21시,수요일,경기도 수원시 장안구 율전동,중상사고,0,1,0,0,차대차 - 기타,안전운전불이행,건조,맑음,교차로 - 교차로안,승용,여,54세,상해없음,이륜,남,32세,중상
2023070500100544,2023년 7월 5일 22시,수요일,경기도 수원시 팔달구 우만동,경상사고,0,0,1,0,차대차 - 정면충돌,안전운전불이행,건조,맑음,단일로 - 기타,원동기,남,35세,경상,승용,남,40세,기타불명
2023070500100565,2023년 7월 5일 23시,수요일,경기도 수원시 팔달구 인계동,경상사고,0,0,1,0,차대사람 - 기타,안전운전불이행,건조,맑음,단일로 - 기타,승용,남,22세,상해없음,보행자,남,45세,경상
2023070600100003,2023년 7월 6일 00시,목요일,경기도 수원시 팔달구 인계동,중상사고,0,1,0,0,차대차 - 정면충돌,신호위반,건조,맑음,교차로 - 교차로안,승용,여,40세,상해없음,승용,남,32세,중상
2023070600100004,2023년 7월 6일 00시,목요일,경기도 수원시 권선구 서둔동,중상사고,0,1,0,0,차량단독 - 공작물충돌,안전운전불이행,건조,맑음,기타 - 기타,승용,남,35세,중상,,,,
2023070600100022,2023년 7월 6일 02시,목요일,경기도 수원시 팔달구 인계동,경상사고,0,0,1,0,차대차 - 기타,신호위반,건조,맑음,교차로 - 교차로안,승용,남,30세,상해없음,화물,남,40세,경상
2023070600100158,2023년 7월 6일 09시,목요일,경기도 수원시 팔달구 교동,경상사고,0,0,2,0,차대차 - 추돌,안전운전불이행,건조,맑음,단일로 - 기타,승용,남,65세,상해없음,승용,남,62세,경상
2023070600100282,2023년 7월 6일 13시,목요일,경기도 수원시 권선구 평동,경상사고,0,0,1,0,차대차 - 추돌,안전운전불이행,건조,맑음,교차로 - 교차로부근,승용,남,66세,상해없음,승용,여,34세,경상
2023070600100416,2023년 7월 6일 17시,목요일,경기도 수원시 영통구 하동,중상사고,0,1,0,0,차대차 - 기타,안전운전불이행,건조,맑음,교차로 - 교차로부근,승합,여,41세,상해없음,자전거,남,14세,중상
2023070700100027,2023년 7월 7일 04시,금요일,경기도 수원시 장안구 연무동,중상사고,0,1,6,0,차대차 - 기타,안전거리미확보,건조,맑음,단일로 - 기타,승용,남,56세,상해없음,승합,남,53세,경상
2023070700100054,2023년 7월 7일 07시,금요일,경기도 수원시 팔달구 우만동,경상사고,0,0,1,0,차대차 - 측면충돌,안전운전불이행,건조,맑음,교차로 - 교차로안,이륜,남,29세,경상,승용,여,60세,상해없음
2023070700100060,2023년 7월 7일 07시,금요일,경기도 수원시 팔달구 인계동,경상사고,0,0,1,0,차대차 - 기타,안전운전불이행,건조,맑음,단일로 - 기타,승용,남,73세,상해없음,이륜,남,27세,경상
2023070700100131,2023년 7월 7일 09시,금요일,경기도 수원시 권선구 서둔동,경상사고,0,0,2,0,차대차 - 측면충돌,교차로운행방법위반,건조,맑음,교차로 - 교차로안,화물,남,52세,기타불명,승용,여,51세,경상
2023070700100159,2023년 7월 7일 10시,금요일,경기도 수원시 영통구 매탄동,중상사고,0,1,0,0,차대사람 - 횡단중,보행자보호의무위반,건조,맑음,교차로 - 교차로횡단보도내,승용,남,71세,상해없음,보행자,여,86세,중상
2023070700100160,2023년 7월 7일 10시,금요일,경기도 수원시 영통구 망포동,경상사고,0,0,2,0,차대차 - 측면충돌,차로위반,건조,맑음,교차로 - 교차로부근,승용,남,72세,상해없음,승용,여,34세,경상
2023070700100270,2023년 7월 7일 13시,금요일,경기도 수원시 권선구 세류동,중상사고,0,1,0,0,차량단독 - 기타,기타,건조,맑음,단일로 - 기타,승합,남,58세,상해없음,,,,
2023070700100340,2023년 7월 7일 15시,금요일,경기도 수원시 장안구 정자동,경상사고,0,0,1,1,차대차 - 기타,안전거리미확보,건조,맑음,단일로 - 기타,승용,여,64세,부상신고,화물,남,33세,경상
2023070700100343,2023년 7월 7일 15시,금요일,경기도 수원시 영통구 영통동,중상사고,0,1,0,0,차대차 - 추돌,안전운전불이행,건조,맑음,교차로 - 교차로안,승용,남,59세,상해없음,화물,남,46세,중상
2023070700100344,2023년 7월 7일 15시,금요일,경기도 수원시 권선구 곡반정동,중상사고,0,1,0,0,차대차 - 측면충돌,중앙선침범,건조,맑음,단일로 - 기타,화물,남,54세,상해없음,이륜,남,29세,중상
2023070700100391,2023년 7월 7일 16시,금요일,경기도 수원시 영통구 영통동,경상사고,0,0,1,0,차대차 - 기타,안전운전불이행,건조,맑음,교차로 - 교차로안,승용,여,40세,상해없음,이륜,남,21세,경상
2023070700100457,2023년 7월 7일 17시,금요일,경기도 수원시 영통구 매탄동,경상사고,0,0,1,0,차대차 - 측면충돌,안전거리미확보,건조,맑음,단일로 - 기타,승용,남,24세,상해없음,승용,여,30세,경상
2023070700100458,2023년 7월 7일 17시,금요일,경기도 수원시 권선구 세류동,경상사고,0,0,1,0,차대차 - 측면충돌,신호위반,건조,맑음,단일로 - 지하차도(도로)내,승용,여,30세,상해없음,이륜,남,46세,경상
2023070700100459,2023년 7월 7일 17시,금요일,경기도 수원시 권선구 고색동,경상사고,0,0,1,0,차대차 - 측면충돌,안전거리미확보,건조,맑음,단일로 - 기타,승용,여,46세,상해없음,승용,여,31세,경상
2023070700100501,2023년 7월 7일 18시,금요일,경기도 수원시 팔달구 우만동,경상사고,0,0,1,0,차대차 - 기타,교차로운행방법위반,건조,맑음,교차로 - 교차로안,이륜,남,41세,경상,승용,남,42세,상해없음
2023070700100636,2023년 7월 7일 22시,금요일,경기도 수원시 권선구 권선동,경상사고,0,0,1,0,차대차 - 측면충돌,신호위반,건조,맑음,교차로 - 교차로안,승용,남,63세,상해없음,이륜,남,65세,경상
2023070800100005,2023년 7월 8일 00시,토요일,경기도 수원시 권선구 권선동,경상사고,0,0,1,0,차대차 - 정면충돌,직진우회전진행방해,건조,맑음,교차로 - 교차로안,이륜,남,54세,상해없음,이륜,남,22세,경상
2023070800100025,2023년 7월 8일 01시,토요일,경기도 수원시 팔달구 인계동,경상사고,0,0,1,0,차대사람 - 길가장자리구역통행중,안전운전불이행,젖음/습기,비,단일로 - 기타,승용,여,39세,상해없음,보행자,여,20세,경상
2023070800100075,2023년 7월 8일 07시,토요일,경기도 수원시 영통구 하동,경상사고,0,0,1,0,차대차 - 정면충돌,신호위반,건조,맑음,교차로 - 교차로부근,승용,여,37세,상해없음,화물,남,52세,경상
2023070800100076,2023년 7월 8일 07시,토요일,경기도 수원시 팔달구 인계동,경상사고,0,0,1,0,차대차 - 추돌,안전운전불이행,건조,맑음,교차로 - 교차로부근,이륜,남,63세,경상,승용,남,48세,상해없음
2023070800100078,2023년 7월 8일 07시,토요일,경기도 수원시 팔달구 매산로1가,경상사고,0,0,1,0,차대차 - 측면충돌,안전거리미확보,건조,맑음,교차로 - 교차로안,건설기계,남,46세,상해없음,승용,남,38세,경상
2023070800100109,2023년 7월 8일 09시,토요일,경기도 수원시 팔달구 우만동,경상사고,0,0,1,0,차대차 - 기타,안전거리미확보,건조,맑음,단일로 - 기타,승용,남,57세,상해없음,이륜,남,27세,경상
2023070800100160,2023년 7월 8일 11시,토요일,경기도 수원시 장안구 천천동,경상사고,0,0,1,0,차대차 - 추돌,안전거리미확보,건조,맑음,단일로 - 기타,승용,남,34세,상해없음,승용,남,28세,경상
2023070800100191,2023년 7월 8일 12시,토요일,경기도 수원시 영통구 하동,중상사고,0,1,0,0,차대사람 - 기타,안전운전불이행,건조,맑음,단일로 - 기타,자전거,남,15세,상해없음,보행자,여,34세,중상
2023070800100237,2023년 7월 8일 13시,토요일,경기도 수원시 권선구 고색동,경상사고,0,0,2,0,차대차 - 추돌,안전운전불이행,건조,맑음,단일로 - 기타,승용,남,67세,상해없음,승용,남,42세,경상
2023070800100331,2023년 7월 8일 16시,토요일,경기도 수원시 영통구 망포동,경상사고,0,0,1,0,차대사람 - 보도통행중,기타,건조,맑음,단일로 - 기타,자전거,남,11세,상해없음,보행자,여,74세,경상
2023070800100333,2023년 7월 8일 16시,토요일,경기도 수원시 팔달구 매산로1가,경상사고,0,0,2,0,차대차 - 기타,안전운전불이행,건조,맑음,단일로 - 기타,승용,남,59세,상해없음,승용,여,49세,경상
2023070800100360,2023년 7월 8일 17시,토요일,경기도 수원시 장안구 정자동,경상사고,0,0,1,0,차대사람 - 횡단중,안전운전불이행,건조,맑음,단일로 - 기타,승용,남,70세,상해없음,보행자,여,61세,경상
2023070800100361,2023년 7월 8일 17시,토요일,경기도 수원시 팔달구 화서동,경상사고,0,0,1,0,차대사람 - 기타,불법유턴,건조,맑음,단일로 - 기타,승용,여,50세,상해없음,보행자,남,38세,경상
2023070800100367,2023년 7월 8일 17시,토요일,경기도 수원시 영통구 매탄동,경상사고,0,0,1,0,차대차 - 측면충돌,안전거리미확보,건조,맑음,단일로 - 기타,승용,여,35세,상해없음,이륜,남,40세,경상
2023070800100425,2023년 7월 8일 19시,토요일,경기도 수원시 팔달구 우만동,경상사고,0,0,1,0,차량단독 - 기타,안전운전불이행,건조,맑음,교차로 - 교차로안,자전거,남,59세,경상,,,,
2023070800100431,2023년 7월 8일 19시,토요일,경기도 수원시 팔달구 인계동,경상사고,0,0,1,0,차대차 - 기타,안전운전불이행,건조,맑음,교차로 - 교차로횡단보도내,승용,남,62세,상해없음,자전거,남,35세,경상
2023070800100486,2023년 7월 8일 21시,토요일,경기도 수원시 영통구 이의동,경상사고,0,0,3,0,차대차 - 측면충돌,안전운전불이행,건조,맑음,단일로 - 지하차도(도로)내,승용,여,26세,상해없음,승용,남,20세,경상
2023070800100504,2023년 7월 8일 22시,토요일,경기도 수원시 장안구 천천동,경상사고,0,0,1,0,차대차 - 기타,안전운전불이행,건조,맑음,단일로 - 기타,승용,남,62세,상해없음,이륜,남,76세,경상
2023070800100506,2023년 7월 8일 22시,토요일,경기도 수원시 팔달구 인계동,경상사고,0,0,1,0,차대사람 - 길가장자리구역통행중,안전운전불이행,건조,맑음,단일로 - 지하차도(도로)내,승용,남,22세,상해없음,보행자,남,29세,경상
2023070800100529,2023년 7월 8일 23시,토요일,경기도 수원시 팔달구 매산로3가,경상사고,0,0,1,1,차대차 - 측면충돌,안전거리미확보,건조,맑음,단일로 - 기타,승용,여,21세,부상신고,화물,남,54세,경상
2023070900100043,2023년 7월 9일 05시,일요일,경기도 수원시 권선구 오목천동,경상사고,0,0,1,0,차대차 - 측면충돌,안전운전불이행,건조,맑음,교차로 - 교차로부근,승용,남,25세,상해없음,승용,남,71세,경상
2023070900100058,2023년 7월 9일 08시,일요일,경기도 수원시 장안구 정자동,경상사고,0,0,1,0,차대차 - 기타,안전운전불이행,건조,맑음,교차로 - 교차로안,승용,여,65세,기타불명,승합,남,58세,경상
2023070900100169,2023년 7월 9일 13시,일요일,경기도 수원시 팔달구 인계동,경상사고,0,0,5,0,차대차 - 기타,신호위반,건조,맑음,단일로 - 기타,승용,남,65세,상해없음,승용,남,63세,상해없음
2023070900100190,2023년 7월 9일 14시,일요일,경기도 수원시 권선구 고색동,경상사고,0,0,1,0,차대차 - 측면충돌,안전거리미확보,젖음/습기,비,교차로 - 교차로부근,승용,남,55세,상해없음,승용,남,49세,경상
2023070900100221,2023년 7월 9일 15시,일요일,경기도 수원시 권선구 권선동,중상사고,0,1,0,0,차대차 - 추돌,안전운전불이행,젖음/습기,비,단일로 - 기타,승용,남,49세,상해없음,이륜,남,50세,중상
2023070900100302,2023년 7월 9일 18시,일요일,경기도 수원시 팔달구 매산로1가,경상사고,0,0,1,0,차대차 - 측면충돌,안전거리미확보,건조,맑음,단일로 - 기타,승합,남,57세,경상,승용,여,47세,상해없음
2023070900100380,2023년 7월 9일 22시,일요일,경기도 수원시 권선구 오목천동,중상사고,0,1,0,0,차대차 - 측면충돌,안전운전불이행,건조,맑음,교차로 - 교차로안,승용,남,25세,상해없음,승용,남,51세,중상
2023071000100002,2023년 7월 10일 00시,월요일,경기도 수원시 권선구 세류동,경상사고,0,0,2,0,차대차 - 측면충돌,안전운전불이행,건조,맑음,교차로 - 교차로부근,승용,남,32세,상해없음,승용,남,30세,경상
2023071000100201,2023년 7월 10일 12시,월요일,경기도 수원시 팔달구 인계동,중상사고,0,1,0,0,차대사람 - 기타,기타,건조,맑음,단일로 - 지하차도(도로)내,승용,여,56세,상해없음,보행자,여,80세,중상
2023071000100263,2023년 7월 10일 14시,월요일,경기도 수원시 권선구 권선동,경상사고,0,0,1,0,차대차 - 측면충돌,안전운전불이행,건조,맑음,교차로 - 교차로안,승용,남,56세,상해없음,자전거,남,10세,경상
2023071000100327,2023년 7월 10일 16시,월요일,경기도 수원시 권선구 세류동,경상사고,0,0,1,0,차대차 - 측면충돌,직진우회전진행방해,건조,맑음,교차로 - 교차로안,승용,남,27세,상해없음,이륜,남,24세,경상
2023071000100428,2023년 7월 10일 18시,월요일,경기도 수원시 영통구 이의동,경상사고,0,0,1,0,차대차 - 기타,안전거리미확보,건조,맑음,단일로 - 기타,승용,남,64세,상해없음,승용,남,31세,경상
2023071000100488,2023년 7월 10일 20시,월요일,경기도 수원시 팔달구 화서동,중상사고,0,1,0,0,차대사람 - 기타,안전운전불이행,건조,맑음,단일로 - 기타,자전거,남,63세,상해없음,보행자,여,34세,중상
2023071000100489,2023년 7월 10일 20시,월요일,경기도 수원시 장안구 정자동,경상사고,0,0,1,0,차대차 - 기타,안전운전불이행,건조,맑음,교차로 - 교차로안,승용,남,47세,상해없음,자전거,여,54세,경상
2023071000100490,2023년 7월 10일 20시,월요일,경기도 수원시 장안구 영화동,경상사고,0,0,1,0,차대차 - 추돌,안전운전불이행,건조,맑음,교차로 - 교차로부근,승용,남,70세,상해없음,이륜,여,47세,경상
2023071000100493,2023년 7월 10일 20시,월요일,경기도 수원시 영통구 원천동,중상사고,0,1,0,1,차대차 - 추돌,안전운전불이행,젖음/습기,비,단일로 - 기타,이륜,남,61세,부상신고,이륜,남,23세,중상
2023071000100494,2023년 7월 10일 20시,월요일,경기도 수원시 권선구 권선동,경상사고,0,0,1,0,차대사람 - 차도통행중,안전운전불이행,건조,맑음,교차로 - 교차로안,승용,여,59세,상해없음,보행자,남,54세,경상
2023071000100525,2023년 7월 10일 21시,월요일,경기도 수원시 권선구 세류동,경상사고,0,0,1,0,차대사람 - 기타,안전운전불이행,건조,맑음,단일로 - 기타,승용,남,27세,상해없음,보행자,여,62세,경상
2023071000100526,2023년 7월 10일 21시,월요일,경기도 수원시 권선구 구운동,경상사고,0,0,1,0,차대차 - 기타,안전운전불이행,건조,맑음,단일로 - 기타,승용,여,53세,상해없음,이륜,남,29세,경상
2023071100100005,2023년 7월 11일 00시,화요일,경기도 수원시 권선구 권선동,사망사고,1,0,0,0,차대차 - 기타,신호위반,젖음/습기,흐림,교차로 - 교차로안,승용,남,23세,상해없음,이륜,남,25세,사망
2023071100100042,2023년 7월 11일 06시,화요일,경기도 수원시 장안구 파장동,경상사고,0,0,1,0,차대차 - 기타,안전거리미확보,건조,맑음,단일로 - 기타,화물,남,59세,상해없음,승용,남,56세,경상
2023071100100090,2023년 7월 11일 08시,화요일,경기도 수원시 장안구 정자동,경상사고,0,0,1,0,차대차 - 측면충돌,안전운전불이행,젖음/습기,비,단일로 - 기타,승용,여,52세,상해없음,승용,여,51세,경상
2023071100100142,2023년 7월 11일 09시,화요일,경기도 수원시 장안구 정자동,경상사고,0,0,1,0,차대차 - 측면충돌,신호위반,젖음/습기,비,단일로 - 기타,승합,남,58세,상해없음,승용,여,41세,경상
2023071100100148,2023년 7월 11일 09시,화요일,경기도 수원시 권선구 고색동,경상사고,0,0,1,0,차대차 - 측면충돌,신호위반,건조,맑음,교차로 - 교차로부근,승용,여,76세,상해없음,승용,남,44세,경상
2023071100100351,2023년 7월 11일 15시,화요일,경기도 수원시 팔달구 인계동,경상사고,0,0,1,0,차대차 - 측면충돌,안전운전불이행,건조,맑음,교차로 - 교차로부근,승용,여,59세,상해없음,승용,여,60세,경상
2023071100100454,2023년 7월 11일 18시,화요일,경기도 수원시 장안구 송죽동,경상사고,0,0,1,0,차대차 - 측면충돌,신호위반,젖음/습기,비,교차로 - 교차로부근,이륜,남,43세,경상,승용,남,26세,상해없음
2023071100100455,2023년 7월 11일 18시,화요일,경기도 수원시 장안구 영화동,중상사고,0,1,0,0,차대사람 - 횡단중,안전운전불이행,젖음/습기,비,교차로 - 교차로횡단보도내,승용,남,38세,상해없음,보행자,여,66세,중상
2023071100100456,2023년 7월 11일 18시,화요일,경기도 수원시 장안구 송죽동,경상사고,0,0,1,0,차대차 - 기타,안전거리미확보,젖음/습기,비,단일로 - 기타,승용,여,45세,상해없음,승용,남,35세,경상
2023071100100464,2023년 7월 11일 18시,화요일,경기도 수원시 팔달구 매교동,경상사고,0,0,2,0,차대차 - 측면충돌,중앙선침범,건조,맑음,단일로 - 기타,승용,남,41세,상해없음,승용,남,49세,경상
2023071100100557,2023년 7월 11일 21시,화요일,경기도 수원시 영통구 이의동,중상사고,0,1,1,0,차대차 - 측면충돌,신호위반,건조,맑음,교차로 - 교차로안,승용,남,23세,상해없음,승용,남,54세,중상
2023071100100584,2023년 7월 11일 22시,화요일,경기도 수원시 팔달구 인계동,중상사고,0,1,2,0,차대차 - 측면충돌,안전거리미확보,건조,맑음,교차로 - 교차로부근,승용,남,35세,상해없음,화물,남,50세,중상
2023071100100585,2023년 7월 11일 22시,화요일,경기도 수원시 권선구 구운동,경상사고,0,0,1,0,차대차 - 측면충돌,안전거리미확보,건조,맑음,단일로 - 기타,승용,남,32세,상해없음,승용,남,63세,경상
2023071200100050,2023년 7월 12일 07시,수요일,경기도 수원시 팔달구 매산로3가,중상사고,0,1,0,0,차대사람 - 차도통행중,신호위반,젖음/습기,비,단일로 - 기타,승용,남,50세,상해없음,보행자,여,71세,중상
2023071200100075,2023년 7월 12일 08시,수요일,경기도 수원시 장안구 조원동,경상사고,0,0,1,0,차대사람 - 기타,안전운전불이행,건조,맑음,단일로 - 기타,자전거,남,17세,기타불명,보행자,여,31세,경상
2023071200100151,2023년 7월 12일 11시,수요일,경기도 수원시 장안구 송죽동,경상사고,0,0,1,0,차대차 - 기타,안전운전불이행,건조,맑음,단일로 - 기타,승용,여,60세,상해없음,승용,남,66세,경상
2023071200100447,2023년 7월 12일 19시,수요일,경기도 수원시 팔달구 팔달로3가,경상사고,0,0,1,0,차대차 - 후진중충돌,안전운전불이행,건조,맑음,교차로 - 교차로안,승용,남,31세,상해없음,이륜,남,27세,경상
2023071200100449,2023년 7월 12일 19시,수요일,경기도 수원시 영통구 매탄동,경상사고,0,0,1,0,차대사람 - 길가장자리구역통행중,안전운전불이행,건조,맑음,단일로 - 지하차도(도로)내,승용,여,56세,상해없음,보행자,남,57세,경상
2023071200100505,2023년 7월 12일 21시,수요일,경기도 수원시 장안구 연무동,경상사고,0,0,2,2,차대차 - 추돌,안전거리미확보,건조,맑음,교차로 - 교차로부근,화물,남,62세,상해없음,승용,남,70세,경상
2023071200100506,2023년 7월 12일 21시,수요일,경기도 수원시 장안구 율전동,경상사고,0,0,2,0,차대차 - 기타,안전거리미확보,건조,맑음,단일로 - 기타,승용,남,61세,상해없음,승용,남,58세,경상
2023071200100509,2023년 7월 12일 21시,수요일,경기도 수원시 영통구 이의동,경상사고,0,0,2,0,차대차 - 기타,안전거리미확보,건조,맑음,단일로 - 기타,승용,남,56세,상해없음,승용,남,33세,경상
2023071200100550,2023년 7월 12일 23시,수요일,경기도 수원시 영통구 영통동,경상사고,0,0,1,0,차대사람 - 기타,안전운전불이행,건조,맑음,단일로 - 기타,이륜,남,20세,상해없음,보행자,여,28세,경상
2023071300100005,2023년 7월 13일 00시,목요일,경기도 수원시 팔달구 화서동,중상사고,0,1,0,1,차대차 - 기타,교차로운행방법위반,건조,맑음,교차로 - 교차로안,이륜,남,35세,부상신고,자전거,여,56세,중상
2023071300100142,2023년 7월 13일 10시,목요일,경기도 수원시 권선구 금곡동,경상사고,0,0,1,0,차대차 - 추돌,안전운전불이행,건조,맑음,단일로 - 기타,승용,남,45세,상해없음,승용,여,56세,경상
2023071300100225,2023년 7월 13일 13시,목요일,경기도 수원시 권선구 고색동,부상신고사고,0,0,0,1,차대차 - 기타,안전운전불이행,젖음/습기,비,교차로 - 교차로안,이륜,남,50세,부상신고,화물,여,37세,상해없음
2023071300100336,2023년 7월 13일 17시,목요일,경기도 수원시 팔달구 남수동,경상사고,0,0,1,0,차대차 - 기타,안전운전불이행,건조,맑음,단일로 - 기타,승용,남,30세,상해없음,승용,남,27세,경상
2023071300100372,2023년 7월 13일 18시,목요일,경기도 수원시 장안구 이목동,경상사고,0,0,1,0,차대차 - 측면충돌,안전거리미확보,젖음/습기,흐림,단일로 - 기타,승용,여,29세,상해없음,승용,남,35세,경상
2023071300100380,2023년 7월 13일 18시,목요일,경기도 수원시 권선구 구운동,경상사고,0,0,1,0,차대차 - 기타,안전운전불이행,젖음/습기,비,단일로 - 기타,승용,여,41세,상해없음,이륜,남,29세,경상
2023071300100412,2023년 7월 13일 19시,목요일,경기도 수원시 권선구 세류동,경상사고,0,0,1,0,차대차 - 기타,안전운전불이행,젖음/습기,비,단일로 - 기타,승용,여,41세,상해없음,화물,남,65세,기타불명
2023071300100494,2023년 7월 13일 22시,목요일,경기도 수원시 장안구 영화동,중상사고,0,1,0,0,차대차 - 정면충돌,안전운전불이행,젖음/습기,비,단일로 - 기타,개인형이동수단(PM),남,43세,중상,이륜,남,20세,기타불명
2023071300100530,2023년 7월 13일 23시,목요일,경기도 수원시 영통구 이의동,경상사고,0,0,2,0,차대차 - 측면충돌,신호위반,젖음/습기,비,교차로 - 교차로안,승용,남,22세,상해없음,승용,남,42세,경상
2023071400100035,2023년 7월 14일 02시,금요일,경기도 수원시 권선구 구운동,경상사고,0,0,1,0,차대사람 - 기타,안전운전불이행,젖음/습기,비,단일로 - 기타,승용,여,66세,상해없음,보행자,남,54세,경상