사고번호,사고일시,요일,시군구,사고내용,사망자수,중상자수,경상자수,부상신고자수,사고유형,법규위반,노면상태,기상상태,도로형태,가해운전자 차종,가해운전자 성별,가해운전자 연령,가해운전자 상해정도,피해운전자 차종,피해운전자 성별,피해운전자 연령,피해운전자 상해정도
2023071400100045,2023년 7월 14일 04시,금요일,경기도 수원시 장안구 이목동,경상사고,0,0,3,0,차대차 - 측면충돌,안전운전불이행,젖음/습기,비,단일로 - 기타,승용,남,29세,상해없음,승용,남,46세,경상
2023071400100091,2023년 7월 14일 08시,금요일,경기도 수원시 장안구 정자동,경상사고,0,0,1,0,차대차 - 기타,안전운전불이행,젖음/습기,비,교차로 - 교차로안,승용,남,62세,상해없음,이륜,남,26세,경상
2023071400100092,2023년 7월 14일 08시,금요일,경기도 수원시 장안구 조원동,경상사고,0,0,2,0,차대차 - 기타,직진우회전진행방해,젖음/습기,비,교차로 - 교차로안,승용,남,25세,경상,승용,남,42세,경상
2023071400100096,2023년 7월 14일 08시,금요일,경기도 수원시 권선구 호매실동,경상사고,0,0,1,0,차대차 - 추돌,안전거리미확보,건조,맑음,교차로 - 교차로부근,승용,여,53세,기타불명,승용,여,54세,경상
2023071400100130,2023년 7월 14일 09시,금요일,경기도 수원시 권선구 세류동,경상사고,0,0,1,0,차대차 - 측면충돌,안전거리미확보,젖음/습기,비,단일로 - 기타,승용,여,42세,상해없음,승용,여,43세,경상
2023071400100205,2023년 7월 14일 12시,금요일,경기도 수원시 권선구 권선동,경상사고,0,0,1,0,차대차 - 기타,안전운전불이행,젖음/습기,비,교차로 - 교차로횡단보도내,승용,여,59세,상해없음,자전거,여,43세,경상
2023071400100206,2023년 7월 14일 12시,금요일,경기도 수원시 팔달구 인계동,중상사고,0,1,0,0,차량단독 - 기타,안전운전불이행,젖음/습기,비,단일로 - 지하차도(도로)내,자전거,남,52세,중상,,,,
2023071400100209,2023년 7월 14일 12시,금요일,경기도 수원시 권선구 서둔동,부상신고사고,0,0,0,1,차대사람 - 기타,안전운전불이행,젖음/습기,비,기타 - 기타,개인형이동수단(PM),남,20세,상해없음,보행자,여,74세,부상신고
2023071400100275,2023년 7월 14일 14시,금요일,경기도 수원시 팔달구 구천동,경상사고,0,0,1,0,차대차 - 기타,안전운전불이행,건조,맑음,교차로 - 교차로안,승용,남,35세,상해없음,승용,남,62세,경상
2023071400100281,2023년 7월 14일 14시,금요일,경기도 수원시 권선구 평동,경상사고,0,0,2,0,차대차 - 추돌,안전거리미확보,젖음/습기,비,단일로 - 기타,화물,남,63세,상해없음,승용,남,29세,경상
2023071400100282,2023년 7월 14일 14시,금요일,경기도 수원시 권선구 평동,경상사고,0,0,3,0,차대차 - 추돌,신호위반,젖음/습기,비,단일로 - 기타,화물,남,53세,기타불명,화물,남,69세,상해없음
2023071400100283,2023년 7월 14일 14시,금요일,경기도 수원시 권선구 호매실동,경상사고,0,0,2,0,차대차 - 후진중충돌,안전운전불이행,건조,맑음,단일로 - 기타,화물,남,64세,상해없음,승용,여,40세,경상
2023071400100351,2023년 7월 14일 16시,금요일,경기도 수원시 팔달구 지동,부상신고사고,0,0,0,1,차대차 - 측면충돌,직진우회전진행방해,젖음/습기,비,교차로 - 교차로안,자전거,여,73세,부상신고,승합,여,42세,상해없음
2023071400100357,2023년 7월 14일 16시,금요일,경기도 수원시 권선구 평동,경상사고,0,0,2,0,차대차 - 측면충돌,신호위반,젖음/습기,비,교차로 - 교차로안,승용,여,69세,상해없음,승용,남,47세,경상
2023071400100358,2023년 7월 14일 16시,금요일,경기도 수원시 권선구 고색동,경상사고,0,0,1,0,차대사람 - 횡단중,신호위반,건조,맑음,교차로 - 교차로안,이륜,남,25세,상해없음,보행자,여,54세,경상
2023071400100419,2023년 7월 14일 18시,금요일,경기도 수원시 장안구 천천동,경상사고,0,0,1,0,차대차 - 기타,안전운전불이행,건조,맑음,단일로 - 기타,승용,여,48세,상해없음,이륜,남,25세,경상
2023071400100505,2023년 7월 14일 20시,금요일,경기도 수원시 영통구 이의동,경상사고,0,0,2,0,차대차 - 기타,안전운전불이행,젖음/습기,비,단일로 - 기타,승용,남,30세,상해없음,승용,남,38세,경상
2023071500100001,2023년 7월 15일 00시,토요일,경기도 수원시 장안구 영화동,경상사고,0,0,1,0,차대차 - 기타,신호위반,젖음/습기,비,교차로 - 교차로안,승용,남,38세,상해없음,승용,남,68세,상해없음
2023071500100002,2023년 7월 15일 00시,토요일,경기도 수원시 팔달구 인계동,중상사고,0,1,2,1,차대차 - 기타,안전운전불이행,젖음/습기,비,단일로 - 기타,승용,남,60세,부상신고,승합,남,60세,상해없음
2023071500100046,2023년 7월 15일 03시,토요일,경기도 수원시 권선구 구운동,경상사고,0,0,1,0,차대사람 - 기타,안전운전불이행,젖음/습기,비,교차로 - 교차로안,승용,남,24세,상해없음,보행자,남,21세,경상
2023071500100072,2023년 7월 15일 05시,토요일,경기도 수원시 장안구 영화동,경상사고,0,0,1,0,차량단독 - 기타,안전운전불이행,젖음/습기,비,단일로 - 기타,이륜,남,27세,경상,,,,
2023071500100168,2023년 7월 15일 11시,토요일,경기도 수원시 팔달구 영동,중상사고,0,1,0,0,차대사람 - 기타,안전운전불이행,건조,맑음,단일로 - 기타,승용,남,54세,상해없음,보행자,여,58세,중상
2023071500100177,2023년 7월 15일 11시,토요일,경기도 수원시 팔달구 매교동,경상사고,0,0,1,0,차대사람 - 기타,안전운전불이행,건조,맑음,단일로 - 기타,승합,남,38세,상해없음,보행자,여,73세,상해없음
2023071500100206,2023년 7월 15일 12시,토요일,경기도 수원시 권선구 금곡동,경상사고,0,0,1,0,차대사람 - 횡단중,보행자보호의무위반,젖음/습기,비,교차로 - 교차로횡단보도내,화물,남,58세,상해없음,보행자,여,68세,경상
2023071500100207,2023년 7월 15일 12시,토요일,경기도 수원시 권선구 세류동,경상사고,0,0,1,0,차대차 - 추돌,안전운전불이행,젖음/습기,비,단일로 - 기타,승용,남,43세,상해없음,이륜,남,63세,경상
2023071500100233,2023년 7월 15일 13시,토요일,경기도 수원시 팔달구 지동,경상사고,0,0,1,0,차대사람 - 길가장자리구역통행중,안전운전불이행,건조,맑음,단일로 - 기타,승용,남,45세,상해없음,보행자,남,54세,경상
2023071500100234,2023년 7월 15일 13시,토요일,경기도 수원시 팔달구 팔달로1가,경상사고,0,0,2,1,차대차 - 측면충돌,안전거리미확보,건조,맑음,단일로 - 기타,승용,여,50세,부상신고,승용,남,30세,경상
2023071500100265,2023년 7월 15일 14시,토요일,경기도 수원시 권선구 탑동,부상신고사고,0,0,0,2,차대차 - 기타,안전운전불이행,건조,맑음,단일로 - 기타,승용,남,55세,기타불명,승용,남,60세,부상신고
2023071500100298,2023년 7월 15일 15시,토요일,경기도 수원시 팔달구 우만동,부상신고사고,0,0,0,1,차대차 - 측면충돌,안전운전불이행,건조,맑음,교차로 - 교차로안,승용,남,78세,상해없음,승용,남,41세,부상신고
2023071500100332,2023년 7월 15일 16시,토요일,경기도 수원시 권선구 권선동,경상사고,0,0,2,0,차대차 - 추돌,안전운전불이행,젖음/습기,맑음,단일로 - 지하차도(도로)내,승용,남,38세,상해없음,승용,남,28세,경상
2023071500100394,2023년 7월 15일 18시,토요일,경기도 수원시 권선구 권선동,중상사고,0,1,0,0,차대차 - 기타,안전운전불이행,젖음/습기,비,단일로 - 기타,승용,남,34세,상해없음,승용,남,65세,중상
2023071500100505,2023년 7월 15일 22시,토요일,경기도 수원시 팔달구 매산로3가,경상사고,0,0,2,0,차대차 - 추돌,안전운전불이행,건조,맑음,교차로 - 교차로부근,승용,남,51세,상해없음,승용,남,24세,경상
2023071500100530,2023년 7월 15일 23시,토요일,경기도 수원시 팔달구 팔달로2가,부상신고사고,0,0,0,1,차대사람 - 기타,안전운전불이행,젖음/습기,비,단일로 - 기타,승용,남,46세,상해없음,보행자,남,35세,부상신고
2023071500100534,2023년 7월 15일 23시,토요일,경기도 수원시 팔달구 매산로3가,경상사고,0,0,1,0,차대차 - 정면충돌,중앙선침범,건조,맑음,교차로 - 교차로부근,승용,남,30세,상해없음,승용,여,50세,경상
2023071600100066,2023년 7월 16일 07시,일요일,경기도 수원시 팔달구 매산로1가,중상사고,0,1,0,0,차대차 - 측면충돌,안전운전불이행,젖음/습기,흐림,교차로 - 교차로부근,승용,남,57세,상해없음,개인형이동수단(PM),여,58세,중상
2023071600100158,2023년 7월 16일 13시,일요일,경기도 수원시 팔달구 우만동,경상사고,0,0,4,0,차대차 - 측면충돌,안전거리미확보,건조,맑음,단일로 - 기타,승용,여,56세,기타불명,승용,남,67세,경상
2023071600100180,2023년 7월 16일 14시,일요일,경기도 수원시 장안구 율전동,경상사고,0,0,1,0,차대차 - 측면충돌,신호위반,건조,맑음,단일로 - 기타,승용,남,75세,상해없음,승용,남,30세,경상
2023071600100185,2023년 7월 16일 14시,일요일,경기도 수원시 권선구 권선동,경상사고,0,0,1,0,차대차 - 측면충돌,안전운전불이행,젖음/습기,흐림,단일로 - 기타,이륜,남,23세,경상,승용,남,58세,상해없음
2023071600100207,2023년 7월 16일 15시,일요일,경기도 수원시 권선구 세류동,중상사고,0,1,0,0,차대차 - 측면충돌,안전운전불이행,건조,맑음,교차로 - 교차로부근,자전거,남,75세,상해없음,자전거,남,62세,중상
2023071600100249,2023년 7월 16일 17시,일요일,경기도 수원시 팔달구 매산로2가,경상사고,0,0,1,0,차대차 - 측면충돌,안전운전불이행,젖음/습기,비,단일로 - 기타,승합,남,48세,상해없음,승용,남,68세,경상
2023071600100299,2023년 7월 16일 20시,일요일,경기도 수원시 권선구 세류동,경상사고,0,0,1,0,차대차 - 추돌,안전운전불이행,건조,맑음,단일로 - 기타,승용,남,46세,상해없음,승용,남,43세,경상
2023071700100063,2023년 7월 17일 07시,월요일,경기도 수원시 권선구 세류동,경상사고,0,0,1,0,차대차 - 측면충돌,직진우회전진행방해,건조,맑음,교차로 - 교차로안,승합,남,68세,상해없음,승용,남,50세,경상
2023071700100087,2023년 7월 17일 08시,월요일,경기도 수원시 팔달구 인계동,경상사고,0,0,1,0,차대차 - 측면충돌,안전운전불이행,건조,맑음,교차로 - 교차로부근,특수,남,27세,상해없음,승용,남,25세,경상
2023071700100139,2023년 7월 17일 09시,월요일,경기도 수원시 권선구 구운동,중상사고,0,1,0,0,차대사람 - 차도통행중,안전운전불이행,건조,맑음,단일로 - 기타,화물,남,39세,상해없음,보행자,여,75세,중상
2023071700100230,2023년 7월 17일 12시,월요일,경기도 수원시 장안구 율전동,경상사고,0,0,2,0,차대차 - 기타,안전거리미확보,건조,맑음,단일로 - 기타,승용,여,42세,기타불명,특수,남,28세,경상
2023071700100259,2023년 7월 17일 13시,월요일,경기도 수원시 팔달구 중동,경상사고,0,0,1,0,차대차 - 기타,교차로운행방법위반,젖음/습기,비,교차로 - 교차로횡단보도내,건설기계,남,65세,상해없음,승용,남,40세,상해없음
2023071700100290,2023년 7월 17일 14시,월요일,경기도 수원시 장안구 송죽동,경상사고,0,0,1,0,차대차 - 기타,교차로운행방법위반,건조,맑음,교차로 - 교차로안,승용,남,43세,상해없음,기타불명,여,74세,경상
2023071700100294,2023년 7월 17일 14시,월요일,경기도 수원시 권선구 탑동,경상사고,0,0,1,0,차대차 - 기타,안전거리미확보,건조,맑음,단일로 - 기타,승용,여,55세,상해없음,승용,남,42세,경상
2023071700100503,2023년 7월 17일 20시,월요일,경기도 수원시 팔달구 인계동,경상사고,0,0,1,0,차대차 - 측면충돌,직진우회전진행방해,건조,맑음,교차로 - 교차로안,승용,여,28세,상해없음,이륜,남,19세,경상
2023071800100057,2023년 7월 18일 07시,화요일,경기도 수원시 팔달구 우만동,중상사고,0,1,0,0,차대사람 - 기타,안전운전불이행,젖음/습기,비,교차로 - 교차로안,승용,여,51세,상해없음,보행자,여,67세,중상
2023071800100080,2023년 7월 18일 08시,화요일,경기도 수원시 장안구 송죽동,경상사고,0,0,1,0,차대차 - 추돌,안전운전불이행,젖음/습기,비,단일로 - 기타,승용,남,48세,상해없음,승용,여,29세,경상
2023071800100087,2023년 7월 18일 08시,화요일,경기도 수원시 영통구 영통동,경상사고,0,0,1,0,차대차 - 측면충돌,차로위반,젖음/습기,비,단일로 - 기타,승용,남,31세,상해없음,승용,여,53세,경상
2023071800100088,2023년 7월 18일 08시,화요일,경기도 수원시 영통구 이의동,중상사고,0,1,0,0,차대사람 - 기타,안전운전불이행,젖음/습기,비,단일로 - 기타,승합,남,52세,상해없음,보행자,여,72세,중상
2023071800100125,2023년 7월 18일 09시,화요일,경기도 수원시 권선구 권선동,경상사고,0,0,1,0,차대차 - 측면충돌,안전거리미확보,젖음/습기,비,단일로 - 기타,승용,남,48세,상해없음,승용,여,50세,경상
2023071800100177,2023년 7월 18일 11시,화요일,경기도 수원시 영통구 원천동,경상사고,0,0,1,0,차대차 - 기타,중앙선침범,건조,흐림,기타 - 기타,화물,남,61세,상해없음,승용,여,40세,경상
2023071800100243,2023년 7월 18일 13시,화요일,경기도 수원시 권선구 호매실동,경상사고,0,0,1,0,차대차 - 추돌,안전운전불이행,젖음/습기,흐림,교차로 - 교차로부근,이륜,남,61세,경상,승합,남,59세,상해없음
2023071800100311,2023년 7월 18일 15시,화요일,경기도 수원시 권선구 호매실동,경상사고,0,0,1,0,차대차 - 측면충돌,신호위반,건조,맑음,교차로 - 교차로안,승합,남,44세,상해없음,승용,남,66세,경상
2023071800100369,2023년 7월 18일 17시,화요일,경기도 수원시 팔달구 장안동,경상사고,0,0,1,0,차대차 - 기타,신호위반,건조,맑음,교차로 - 교차로안,승용,남,77세,상해없음,승용,남,34세,경상
2023071800100452,2023년 7월 18일 19시,화요일,경기도 수원시 팔달구 고등동,경상사고,0,0,1,0,차대사람 - 횡단중,안전운전불이행,건조,맑음,단일로 - 기타,승용,남,23세,상해없음,보행자,남,5세,경상
2023071800100476,2023년 7월 18일 20시,화요일,경기도 수원시 영통구 이의동,경상사고,0,0,3,0,차대차 - 기타,안전운전불이행,건조,흐림,단일로 - 기타,승합,남,73세,경상,승용,남,33세,상해없음
2023071800100500,2023년 7월 18일 21시,화요일,경기도 수원시 팔달구 우만동,경상사고,0,0,1,0,차대차 - 기타,안전운전불이행,건조,맑음,단일로 - 기타,자전거,남,24세,경상,승용,남,31세,상해없음
2023071900100097,2023년 7월 19일 08시,수요일,경기도 수원시 영통구 이의동,경상사고,0,0,1,0,차대사람 - 기타,안전운전불이행,건조,맑음,기타 - 기타,기타불명,기타불명,미분류,기타불명,보행자,여,29세,경상
2023071900100170,2023년 7월 19일 10시,수요일,경기도 수원시 팔달구 화서동,경상사고,0,0,1,0,차대차 - 기타,안전운전불이행,건조,맑음,단일로 - 기타,이륜,여,46세,상해없음,이륜,남,34세,경상
2023071900100208,2023년 7월 19일 11시,수요일,경기도 수원시 장안구 영화동,경상사고,0,0,1,0,차대차 - 기타,직진우회전진행방해,건조,맑음,교차로 - 교차로안,자전거,여,70세,경상,승용,남,74세,상해없음
2023071900100290,2023년 7월 19일 13시,수요일,경기도 수원시 권선구 권선동,경상사고,0,0,1,0,차대사람 - 기타,안전운전불이행,건조,맑음,교차로 - 교차로부근,승용,여,62세,상해없음,보행자,여,42세,경상
2023071900100353,2023년 7월 19일 15시,수요일,경기도 수원시 권선구 권선동,경상사고,0,0,1,0,차대차 - 측면충돌,안전거리미확보,건조,맑음,교차로 - 교차로부근,승용,남,73세,상해없음,승용,여,50세,상해없음
2023071900100354,2023년 7월 19일 15시,수요일,경기도 수원시 영통구 영통동,경상사고,0,0,1,0,차대차 - 측면충돌,안전거리미확보,건조,맑음,교차로 - 교차로부근,승용,여,33세,상해없음,승용,여,36세,경상
2023071900100395,2023년 7월 19일 16시,수요일,경기도 수원시 영통구 망포동,경상사고,0,0,1,0,차대차 - 측면충돌,신호위반,건조,맑음,교차로 - 교차로안,이륜,남,32세,상해없음,승합,남,74세,경상
2023071900100481,2023년 7월 19일 18시,수요일,경기도 수원시 팔달구 화서동,경상사고,0,0,2,0,차대차 - 기타,안전운전불이행,건조,맑음,교차로 - 교차로부근,승용,남,26세,상해없음,이륜,남,26세,경상
2023071900100550,2023년 7월 19일 20시,수요일,경기도 수원시 팔달구 인계동,부상신고사고,0,0,0,1,차대차 - 기타,안전운전불이행,건조,맑음,교차로 - 교차로부근,기타불명,기타불명,미분류,기타불명,원동기,남,24세,부상신고
2023071900100593,2023년 7월 19일 22시,수요일,경기도 수원시 장안구 영화동,경상사고,0,0,1,0,차대차 - 측면충돌,안전운전불이행,건조,맑음,교차로 - 교차로횡단보도내,자전거,남,18세,경상,승용,남,70세,상해없음
2023072000100048,2023년 7월 20일 06시,목요일,경기도 수원시 장안구 연무동,경상사고,0,0,1,1,차대차 - 추돌,안전운전불이행,건조,맑음,교차로 - 교차로부근,승용,남,74세,부상신고,승용,여,55세,경상
2023072000100231,2023년 7월 20일 12시,목요일,경기도 수원시 권선구 구운동,경상사고,0,0,1,0,차대차 - 기타,교차로운행방법위반,건조,맑음,교차로 - 교차로안,승용,남,26세,기타불명,이륜,남,24세,경상
2023072000100302,2023년 7월 20일 14시,목요일,경기도 수원시 영통구 이의동,경상사고,0,0,1,0,차대차 - 측면충돌,신호위반,건조,맑음,교차로 - 교차로안,승용,여,71세,상해없음,이륜,남,39세,경상
2023072000100340,2023년 7월 20일 15시,목요일,경기도 수원시 팔달구 화서동,경상사고,0,0,1,0,차대사람 - 기타,안전운전불이행,건조,맑음,교차로 - 교차로부근,승용,여,68세,기타불명,보행자,남,52세,경상
2023072000100349,2023년 7월 20일 15시,목요일,경기도 수원시 권선구 구운동,경상사고,0,0,1,0,차대차 - 추돌,안전운전불이행,건조,맑음,단일로 - 기타,승용,남,24세,상해없음,승용,여,62세,경상
2023072000100428,2023년 7월 20일 17시,목요일,경기도 수원시 권선구 탑동,경상사고,0,0,1,0,차대차 - 추돌,안전운전불이행,건조,기타,교차로 - 교차로부근,승용,남,53세,상해없음,승용,남,31세,경상
2023072000100429,2023년 7월 20일 17시,목요일,경기도 수원시 권선구 세류동,경상사고,0,0,1,0,차대차 - 추돌,신호위반,건조,맑음,단일로 - 지하차도(도로)내,승합,남,63세,상해없음,승용,남,30세,경상
2023072000100458,2023년 7월 20일 18시,목요일,경기도 수원시 장안구 영화동,경상사고,0,0,1,0,차대차 - 측면충돌,신호위반,건조,맑음,교차로 - 교차로안,이륜,남,52세,상해없음,승용,여,54세,경상
2023072000100462,2023년 7월 20일 18시,목요일,경기도 수원시 권선구 곡반정동,경상사고,0,0,2,0,차대차 - 추돌,안전운전불이행,건조,맑음,기타 - 기타,승용,남,25세,상해없음,승용,여,37세,경상
2023072000100463,2023년 7월 20일 18시,목요일,경기도 수원시 권선구 탑동,경상사고,0,0,2,0,차대차 - 측면충돌,안전운전불이행,건조,맑음,교차로 - 교차로부근,승용,남,57세,상해없음,승용,여,42세,경상
2023072000100528,2023년 7월 20일 20시,목요일,경기도 수원시 영통구 매탄동,경상사고,0,0,2,0,차대차 - 기타,안전운전불이행,건조,맑음,교차로 - 교차로부근,이륜,남,44세,상해없음,승용,남,53세,경상
2023072000100570,2023년 7월 20일 22시,목요일,경기도 수원시 권선구 구운동,중상사고,0,1,0,0,차대차 - 측면충돌,신호위반,건조,맑음,교차로 - 교차로부근,이륜,남,37세,중상,승합,남,50세,상해없음
2023072000100584,2023년 7월 20일 23시,목요일,경기도 수원시 팔달구 인계동,중상사고,0,1,0,0,차대차 - 정면충돌,신호위반,건조,맑음,교차로 - 교차로안,승용,남,38세,상해없음,원동기,남,36세,중상
2023072000100585,2023년 7월 20일 23시,목요일,경기도 수원시 영통구 영통동,경상사고,0,0,3,0,차대차 - 측면충돌,신호위반,건조,맑음,교차로 - 교차로부근,승용,여,61세,상해없음,승용,남,23세,경상
2023072100100003,2023년 7월 21일 00시,금요일,경기도 수원시 팔달구 고등동,중상사고,0,1,0,0,차대차 - 측면충돌,안전운전불이행,건조,맑음,교차로 - 교차로횡단보도내,개인형이동수단(PM),남,44세,중상,승합,남,52세,상해없음
2023072100100016,2023년 7월 21일 01시,금요일,경기도 수원시 권선구 구운동,경상사고,0,0,3,0,차대차 - 측면충돌,신호위반,건조,맑음,교차로 - 교차로안,승용,남,62세,상해없음,승용,남,23세,경상
2023072100100052,2023년 7월 21일 06시,금요일,경기도 수원시 권선구 호매실동,중상사고,0,1,1,0,차대차 - 측면충돌,신호위반,건조,맑음,교차로 - 교차로안,승용,여,52세,경상,승용,남,58세,중상
2023072100100091,2023년 7월 21일 08시,금요일,경기도 수원시 팔달구 교동,경상사고,0,0,1,0,차대차 - 추돌,안전운전불이행,건조,기타,교차로 - 교차로안,화물,남,61세,상해없음,화물,남,48세,경상
2023072100100125,2023년 7월 21일 09시,금요일,경기도 수원시 장안구 연무동,부상신고사고,0,0,0,1,차대차 - 측면충돌,안전운전불이행,건조,맑음,교차로 - 교차로안,자전거,남,63세,부상신고,승용,여,45세,상해없음
2023072100100126,2023년 7월 21일 09시,금요일,경기도 수원시 팔달구 북수동,경상사고,0,0,1,0,차대사람 - 횡단중,안전운전불이행,건조,맑음,단일로 - 기타,화물,남,48세,상해없음,보행자,여,74세,경상
2023072100100156,2023년 7월 21일 10시,금요일,경기도 수원시 권선구 호매실동,부상신고사고,0,0,0,1,차대차 - 추돌,안전운전불이행,건조,맑음,교차로 - 교차로부근,이륜,남,45세,부상신고,승용,남,57세,상해없음
2023072100100182,2023년 7월 21일 11시,금요일,경기도 수원시 장안구 정자동,경상사고,0,0,1,0,차대차 - 추돌,안전운전불이행,건조,맑음,단일로 - 기타,승용,남,60세,상해없음,승용,여,53세,경상
2023072100100187,2023년 7월 21일 11시,금요일,경기도 수원시 권선구 고색동,경상사고,0,0,1,0,차대차 - 기타,안전운전불이행,건조,맑음,단일로 - 기타,승용,남,80세,기타불명,승용,여,44세,경상
2023072100100357,2023년 7월 21일 15시,금요일,경기도 수원시 권선구 호매실동,경상사고,0,0,1,0,차대차 - 추돌,안전운전불이행,건조,맑음,교차로 - 교차로안,승용,남,62세,상해없음,이륜,남,25세,경상
2023072100100455,2023년 7월 21일 17시,금요일,경기도 수원시 영통구 신동,경상사고,0,0,2,0,차대차 - 측면충돌,신호위반,건조,맑음,교차로 - 교차로안,승용,여,47세,상해없음,승용,남,30세,경상
2023072100100517,2023년 7월 21일 18시,금요일,경기도 수원시 권선구 권선동,경상사고,0,0,1,0,차대차 - 후진중충돌,안전운전불이행,건조,맑음,교차로 - 교차로부근,화물,남,54세,상해없음,이륜,남,28세,경상
2023072100100596,2023년 7월 21일 20시,금요일,경기도 수원시 영통구 이의동,중상사고,0,1,0,0,차대차 - 측면충돌,중앙선침범,건조,맑음,단일로 - 기타,승용,남,68세,상해없음,이륜,여,35세,중상
2023072100100624,2023년 7월 21일 21시,금요일,경기도 수원시 팔달구 인계동,중상사고,0,1,0,0,차대사람 - 기타,안전운전불이행,기타,흐림,교차로 - 교차로횡단보도내,승용,남,47세,상해없음,보행자,여,25세,중상
2023072100100626,2023년 7월 21일 21시,금요일,경기도 수원시 권선구 당수동,경상사고,0,0,1,0,차대차 - 추돌,안전운전불이행,건조,맑음,단일로 - 기타,승용,남,32세,상해없음,화물,남,60세,경상
2023072200100056,2023년 7월 22일 05시,토요일,경기도 수원시 팔달구 매산로2가,부상신고사고,0,0,0,1,차량단독 - 전도전복 - 전도,안전운전불이행,건조,맑음,단일로 - 기타,개인형이동수단(PM),남,23세,부상신고,,,,
2023072200100112,2023년 7월 22일 09시,토요일,경기도 수원시 영통구 영통동,경상사고,0,0,1,0,차대차 - 측면충돌,안전운전불이행,건조,맑음,교차로 - 교차로안,승용,남,56세,상해없음,승용,남,36세,경상
2023072200100144,2023년 7월 22일 10시,토요일,경기도 수원시 장안구 정자동,중상사고,0,1,0,0,차대차 - 기타,직진우회전진행방해,건조,맑음,교차로 - 교차로안,자전거,남,18세,중상,승용,남,60세,상해없음
2023072200100154,2023년 7월 22일 10시,토요일,경기도 수원시 팔달구 매산로1가,중상사고,0,1,1,0,차대차 - 측면충돌,안전운전불이행,건조,맑음,교차로 - 교차로부근,화물,남,60세,중상,승합,남,52세,경상
2023072200100187,2023년 7월 22일 11시,토요일,경기도 수원시 장안구 영화동,경상사고,0,0,1,1,차대차 - 측면충돌,안전운전불이행,건조,맑음,교차로 - 교차로안,화물,남,43세,부상신고,승용,남,34세,경상
2023072200100191,2023년 7월 22일 11시,토요일,경기도 수원시 영통구 하동,경상사고,0,0,1,0,차대차 - 기타,안전운전불이행,건조,맑음,단일로 - 기타,승용,남,62세,상해없음,승용,남,33세,경상
2023072200100226,2023년 7월 22일 12시,토요일,경기도 수원시 팔달구 우만동,경상사고,0,0,1,0,차대사람 - 기타,안전운전불이행,건조,맑음,교차로 - 교차로부근,승용,남,62세,상해없음,보행자,남,17세,경상
2023072200100255,2023년 7월 22일 13시,토요일,경기도 수원시 장안구 송죽동,경상사고,0,0,1,0,차대차 - 기타,신호위반,건조,맑음,교차로 - 교차로안,승용,남,78세,상해없음,승용,남,68세,경상
2023072200100259,2023년 7월 22일 13시,토요일,경기도 수원시 영통구 이의동,중상사고,0,1,1,0,차대차 - 추돌,안전운전불이행,건조,맑음,교차로 - 교차로부근,승용,남,29세,상해없음,승용,남,37세,경상
2023072200100294,2023년 7월 22일 14시,토요일,경기도 수원시 장안구 송죽동,경상사고,0,0,6,0,차대차 - 추돌,안전운전불이행,건조,흐림,교차로 - 교차로부근,승합,남,64세,상해없음,승용,여,39세,경상
2023072200100377,2023년 7월 22일 17시,토요일,경기도 수원시 장안구 송죽동,경상사고,0,0,1,0,차대차 - 측면충돌,안전운전불이행,젖음/습기,비,교차로 - 교차로부근,승용,여,67세,상해없음,이륜,남,90세,경상
2023072200100389,2023년 7월 22일 17시,토요일,경기도 수원시 팔달구 매산로1가,경상사고,0,0,3,2,차대차 - 측면충돌,안전운전불이행,건조,맑음,교차로 - 교차로안,화물,남,49세,상해없음,승용,남,28세,경상
2023072200100450,2023년 7월 22일 20시,토요일,경기도 수원시 팔달구 화서동,경상사고,0,0,1,0,차대차 - 추돌,안전운전불이행,젖음/습기,비,단일로 - 기타,승용,남,71세,상해없음,이륜,남,44세,경상
2023072200100457,2023년 7월 22일 20시,토요일,경기도 수원시 권선구 세류동,경상사고,0,0,1,0,차대차 - 추돌,안전운전불이행,젖음/습기,비,교차로 - 교차로부근,승용,남,31세,기타불명,이륜,남,43세,경상
2023072200100538,2023년 7월 22일 23시,토요일,경기도 수원시 장안구 정자동,경상사고,0,0,1,0,차대차 - 기타,안전운전불이행,젖음/습기,흐림,교차로 - 교차로안,승용,남,22세,상해없음,이륜,남,28세,경상
2023072200100539,2023년 7월 22일 23시,토요일,경기도 수원시 팔달구 우만동,경상사고,0,0,1,0,차량단독 - 기타,안전운전불이행,건조,맑음,단일로 - 기타,승용,남,48세,상해없음,,,,
2023072300100049,2023년 7월 23일 06시,일요일,경기도 수원시 장안구 영화동,경상사고,0,0,1,0,차대사람 - 기타,안전운전불이행,젖음/습기,비,단일로 - 기타,승합,남,59세,상해없음,보행자,여,61세,경상
2023072300100107,2023년 7월 23일 11시,일요일,경기도 수원시 장안구 정자동,중상사고,0,1,0,0,차대사람 - 기타,안전운전불이행,젖음/습기,비,단일로 - 기타,승용,남,51세,상해없음,보행자,남,67세,중상