사고번호,사고일시,요일,시군구,사고내용,사망자수,중상자수,경상자수,부상신고자수,사고유형,법규위반,노면상태,기상상태,도로형태,가해운전자 차종,가해운전자 성별,가해운전자 연령,가해운전자 상해정도,피해운전자 차종,피해운전자 성별,피해운전자 연령,피해운전자 상해정도
2023072300100203,2023년 7월 23일 15시,일요일,경기도 수원시 권선구 호매실동,경상사고,0,0,1,0,차대차 - 측면충돌,안전운전불이행,젖음/습기,비,단일로 - 기타,승용,여,54세,상해없음,승용,남,27세,경상
2023072300100230,2023년 7월 23일 16시,일요일,경기도 수원시 장안구 조원동,경상사고,0,0,1,0,차대차 - 측면충돌,안전거리미확보,건조,맑음,교차로 - 교차로안,승용,남,51세,상해없음,승용,남,40세,경상
2023072300100257,2023년 7월 23일 17시,일요일,경기도 수원시 장안구 송죽동,경상사고,0,0,2,1,차대차 - 기타,안전운전불이행,젖음/습기,흐림,교차로 - 교차로안,승용,여,44세,상해없음,승용,여,37세,부상신고
2023072300100295,2023년 7월 23일 19시,일요일,경기도 수원시 권선구 세류동,중상사고,0,1,0,0,차대사람 - 횡단중,기타,젖음/습기,흐림,단일로 - 기타,승용,여,26세,상해없음,보행자,남,58세,중상
2023072300100316,2023년 7월 23일 20시,일요일,경기도 수원시 팔달구 우만동,경상사고,0,0,1,0,차대사람 - 길가장자리구역통행중,안전운전불이행,젖음/습기,흐림,단일로 - 기타,이륜,남,60세,상해없음,보행자,남,31세,경상
2023072300100318,2023년 7월 23일 20시,일요일,경기도 수원시 권선구 권선동,중상사고,0,1,0,0,차대차 - 추돌,안전운전불이행,건조,맑음,교차로 - 교차로안,승용,여,74세,상해없음,승용,남,40세,중상
2023072400100005,2023년 7월 24일 00시,월요일,경기도 수원시 팔달구 인계동,경상사고,0,0,1,0,차대차 - 기타,안전운전불이행,젖음/습기,흐림,기타 - 기타,승용,여,24세,상해없음,승용,남,24세,경상
2023072400100031,2023년 7월 24일 05시,월요일,경기도 수원시 권선구 곡반정동,경상사고,0,0,3,0,차대차 - 추돌,안전운전불이행,젖음/습기,비,단일로 - 기타,승용,남,45세,상해없음,승용,남,29세,경상
2023072400100048,2023년 7월 24일 06시,월요일,경기도 수원시 권선구 고색동,경상사고,0,0,1,0,차대차 - 측면충돌,안전운전불이행,건조,맑음,교차로 - 교차로안,승합,남,65세,상해없음,승용,남,47세,경상
2023072400100049,2023년 7월 24일 06시,월요일,경기도 수원시 권선구 금곡동,중상사고,0,1,0,0,차대차 - 측면충돌,직진우회전진행방해,건조,맑음,교차로 - 교차로안,승용,남,28세,상해없음,승용,남,45세,중상
2023072400100119,2023년 7월 24일 09시,월요일,경기도 수원시 장안구 율전동,중상사고,0,1,0,0,차대사람 - 기타,안전운전불이행,건조,맑음,교차로 - 교차로안,승용,남,34세,상해없음,보행자,여,69세,중상
2023072400100188,2023년 7월 24일 11시,월요일,경기도 수원시 영통구 매탄동,경상사고,0,0,1,0,차대차 - 측면충돌,교차로운행방법위반,건조,맑음,교차로 - 교차로안,승용,여,21세,상해없음,승용,여,40세,경상
2023072400100223,2023년 7월 24일 12시,월요일,경기도 수원시 영통구 원천동,경상사고,0,0,1,0,차대사람 - 기타,보행자보호의무위반,건조,맑음,교차로 - 교차로횡단보도내,이륜,남,42세,상해없음,보행자,남,40세,경상
2023072400100224,2023년 7월 24일 12시,월요일,경기도 수원시 영통구 하동,중상사고,0,1,0,0,차대차 - 측면충돌,안전거리미확보,건조,맑음,단일로 - 기타,승용,여,58세,상해없음,원동기,남,16세,중상
2023072400100303,2023년 7월 24일 14시,월요일,경기도 수원시 권선구 평동,중상사고,0,1,1,0,차대차 - 측면충돌,신호위반,건조,맑음,교차로 - 교차로안,이륜,남,19세,중상,화물,남,26세,경상
2023072400100304,2023년 7월 24일 14시,월요일,경기도 수원시 권선구 고색동,경상사고,0,0,1,0,차대차 - 측면충돌,신호위반,건조,맑음,교차로 - 교차로안,화물,남,40세,상해없음,승용,남,35세,경상
2023072400100339,2023년 7월 24일 15시,월요일,경기도 수원시 권선구 구운동,경상사고,0,0,1,0,차대사람 - 기타,보행자보호의무위반,건조,맑음,교차로 - 교차로안,화물,남,58세,상해없음,보행자,남,28세,경상
2023072400100340,2023년 7월 24일 15시,월요일,경기도 수원시 권선구 세류동,중상사고,0,1,0,1,차대사람 - 기타,안전운전불이행,건조,맑음,단일로 - 기타,승용,여,77세,부상신고,보행자,남,53세,중상
2023072400100416,2023년 7월 24일 17시,월요일,경기도 수원시 권선구 구운동,경상사고,0,0,3,0,차대차 - 측면충돌,안전운전불이행,건조,맑음,단일로 - 기타,승용,남,69세,경상,승용,여,48세,경상
2023072400100417,2023년 7월 24일 17시,월요일,경기도 수원시 권선구 금곡동,중상사고,0,1,0,0,차대차 - 정면충돌,안전운전불이행,건조,맑음,교차로 - 교차로횡단보도내,승용,여,67세,상해없음,개인형이동수단(PM),여,19세,중상
2023072400100496,2023년 7월 24일 19시,월요일,경기도 수원시 권선구 곡반정동,중상사고,0,1,0,0,차대사람 - 보도통행중,안전운전불이행,건조,맑음,단일로 - 기타,승용,남,25세,상해없음,보행자,여,45세,중상
2023072400100516,2023년 7월 24일 20시,월요일,경기도 수원시 팔달구 남수동,부상신고사고,0,0,0,1,차대차 - 기타,안전운전불이행,건조,맑음,단일로 - 기타,자전거,남,72세,부상신고,자전거,남,69세,상해없음
2023072400100547,2023년 7월 24일 21시,월요일,경기도 수원시 장안구 영화동,경상사고,0,0,1,0,차대차 - 기타,안전운전불이행,건조,맑음,교차로 - 교차로부근,승합,남,63세,상해없음,승용,여,45세,경상
2023072500100029,2023년 7월 25일 05시,화요일,경기도 수원시 장안구 연무동,경상사고,0,0,1,1,차대차 - 기타,안전운전불이행,건조,맑음,교차로 - 교차로안,승용,남,35세,부상신고,승용,남,73세,경상
2023072500100244,2023년 7월 25일 13시,화요일,경기도 수원시 장안구 정자동,중상사고,0,1,0,0,차대차 - 측면충돌,신호위반,건조,맑음,단일로 - 기타,이륜,남,42세,상해없음,자전거,남,74세,중상
2023072500100341,2023년 7월 25일 16시,화요일,경기도 수원시 영통구 영통동,경상사고,0,0,1,0,차대차 - 측면충돌,안전운전불이행,건조,맑음,교차로 - 교차로횡단보도내,화물,남,60세,상해없음,자전거,남,17세,경상
2023072500100345,2023년 7월 25일 16시,화요일,경기도 수원시 팔달구 교동,중상사고,0,1,0,0,차대차 - 기타,안전운전불이행,건조,맑음,단일로 - 기타,자전거,남,16세,중상,승합,남,67세,상해없음
2023072500100415,2023년 7월 25일 18시,화요일,경기도 수원시 권선구 평동,경상사고,0,0,1,0,차대차 - 측면충돌,안전운전불이행,건조,맑음,교차로 - 교차로부근,승용,남,28세,상해없음,승용,남,67세,경상
2023072500100471,2023년 7월 25일 20시,화요일,경기도 수원시 권선구 탑동,경상사고,0,0,1,0,차대차 - 측면충돌,교차로운행방법위반,건조,맑음,교차로 - 교차로안,승용,여,62세,상해없음,승합,여,57세,경상
2023072500100539,2023년 7월 25일 23시,화요일,경기도 수원시 팔달구 인계동,경상사고,0,0,1,0,차대차 - 기타,안전운전불이행,건조,맑음,단일로 - 기타,승용,남,43세,상해없음,이륜,남,24세,경상
2023072600100052,2023년 7월 26일 07시,수요일,경기도 수원시 권선구 호매실동,경상사고,0,0,1,0,차대차 - 측면충돌,안전운전불이행,건조,맑음,교차로 - 교차로안,승용,남,32세,상해없음,승용,여,35세,경상
2023072600100075,2023년 7월 26일 08시,수요일,경기도 수원시 장안구 송죽동,경상사고,0,0,1,0,차대차 - 추돌,안전운전불이행,건조,맑음,단일로 - 기타,승용,여,30세,상해없음,승용,여,33세,경상
2023072600100076,2023년 7월 26일 08시,수요일,경기도 수원시 장안구 송죽동,중상사고,0,1,0,0,차대차 - 추돌,안전거리미확보,건조,맑음,단일로 - 기타,승용,여,62세,상해없음,승용,남,30세,중상
2023072600100248,2023년 7월 26일 13시,수요일,경기도 수원시 팔달구 인계동,경상사고,0,0,7,0,차대차 - 추돌,안전운전불이행,건조,맑음,단일로 - 기타,승용,남,69세,상해없음,승용,남,29세,경상
2023072600100288,2023년 7월 26일 14시,수요일,경기도 수원시 장안구 율전동,경상사고,0,0,1,0,차대차 - 추돌,안전운전불이행,건조,맑음,단일로 - 기타,이륜,남,45세,상해없음,화물,여,49세,경상
2023072600100451,2023년 7월 26일 18시,수요일,경기도 수원시 영통구 이의동,중상사고,0,1,1,0,차대사람 - 횡단중,안전운전불이행,젖음/습기,비,단일로 - 기타,승용,남,31세,상해없음,보행자,여,11세,중상
2023072600100491,2023년 7월 26일 19시,수요일,경기도 수원시 팔달구 인계동,경상사고,0,0,1,0,차대차 - 측면충돌,안전거리미확보,건조,맑음,단일로 - 기타,승용,남,23세,상해없음,승용,여,25세,경상
2023072600100566,2023년 7월 26일 22시,수요일,경기도 수원시 영통구 원천동,경상사고,0,0,1,0,차대차 - 측면충돌,교차로운행방법위반,건조,맑음,교차로 - 교차로안,화물,남,68세,기타불명,승용,여,28세,경상
2023072600100568,2023년 7월 26일 22시,수요일,경기도 수원시 권선구 호매실동,부상신고사고,0,0,0,1,차대차 - 추돌,안전운전불이행,건조,맑음,교차로 - 교차로안,이륜,남,17세,부상신고,승용,남,42세,상해없음
2023072700100090,2023년 7월 27일 08시,목요일,경기도 수원시 권선구 권선동,경상사고,0,0,1,0,차대차 - 측면충돌,안전거리미확보,건조,맑음,교차로 - 교차로부근,승용,남,63세,상해없음,화물,남,29세,경상
2023072700100091,2023년 7월 27일 08시,목요일,경기도 수원시 권선구 평동,중상사고,0,1,0,0,차대차 - 추돌,안전운전불이행,건조,맑음,교차로 - 교차로부근,승용,여,43세,상해없음,자전거,남,56세,중상
2023072700100131,2023년 7월 27일 09시,목요일,경기도 수원시 팔달구 화서동,경상사고,0,0,1,0,차대차 - 측면충돌,안전운전불이행,건조,맑음,단일로 - 기타,승용,여,63세,상해없음,승용,남,22세,경상
2023072700100194,2023년 7월 27일 11시,목요일,경기도 수원시 팔달구 우만동,경상사고,0,0,1,0,차대차 - 측면충돌,직진우회전진행방해,건조,맑음,교차로 - 교차로안,승용,여,45세,상해없음,이륜,남,34세,경상
2023072700100265,2023년 7월 27일 13시,목요일,경기도 수원시 장안구 영화동,부상신고사고,0,0,0,2,차대차 - 기타,안전운전불이행,건조,맑음,단일로 - 기타,승용,남,44세,상해없음,승용,남,34세,부상신고
2023072700100269,2023년 7월 27일 13시,목요일,경기도 수원시 권선구 권선동,부상신고사고,0,0,0,1,차대차 - 측면충돌,교차로운행방법위반,건조,맑음,교차로 - 교차로안,자전거,남,69세,부상신고,승용,여,63세,상해없음
2023072700100339,2023년 7월 27일 15시,목요일,경기도 수원시 팔달구 화서동,경상사고,0,0,3,0,차대차 - 측면충돌,교차로운행방법위반,건조,맑음,교차로 - 교차로안,승용,남,66세,경상,승용,남,56세,경상
2023072700100550,2023년 7월 27일 20시,목요일,경기도 수원시 팔달구 매산로1가,부상신고사고,0,0,0,1,차대사람 - 기타,안전운전불이행,건조,맑음,교차로 - 교차로부근,기타불명,기타불명,미분류,기타불명,보행자,남,67세,부상신고
2023072800100038,2023년 7월 28일 05시,금요일,경기도 수원시 권선구 서둔동,경상사고,0,0,1,0,차대차 - 추돌,안전운전불이행,건조,맑음,교차로 - 교차로부근,승용,남,55세,상해없음,승용,남,70세,경상
2023072800100224,2023년 7월 28일 12시,금요일,경기도 수원시 장안구 연무동,경상사고,0,0,1,0,차대사람 - 길가장자리구역통행중,안전운전불이행,건조,맑음,단일로 - 기타,승합,남,46세,상해없음,보행자,남,40세,경상
2023072800100268,2023년 7월 28일 13시,금요일,경기도 수원시 권선구 탑동,중상사고,0,3,0,0,차대사람 - 기타,안전운전불이행,건조,맑음,교차로 - 교차로부근,승용,남,46세,상해없음,보행자,남,30세,중상
2023072800100380,2023년 7월 28일 16시,금요일,경기도 수원시 권선구 오목천동,경상사고,0,0,3,0,차대차 - 측면충돌,기타,건조,맑음,교차로 - 교차로부근,승용,남,48세,상해없음,승용,남,31세,경상
2023072800100431,2023년 7월 28일 17시,금요일,경기도 수원시 권선구 고색동,경상사고,0,0,1,0,차대차 - 측면충돌,교차로운행방법위반,건조,맑음,교차로 - 교차로부근,승용,여,51세,상해없음,승용,여,28세,경상
2023072800100553,2023년 7월 28일 20시,금요일,경기도 수원시 장안구 정자동,경상사고,0,0,1,0,차대차 - 기타,안전운전불이행,건조,맑음,교차로 - 교차로부근,승용,남,28세,상해없음,원동기,남,57세,경상
2023072800100588,2023년 7월 28일 21시,금요일,경기도 수원시 권선구 세류동,경상사고,0,0,1,0,차대차 - 측면충돌,안전운전불이행,건조,맑음,교차로 - 교차로부근,승용,남,64세,상해없음,자전거,남,44세,경상
2023072800100615,2023년 7월 28일 22시,금요일,경기도 수원시 권선구 권선동,경상사고,0,0,1,0,차대차 - 추돌,안전운전불이행,건조,맑음,단일로 - 고가도로위,이륜,남,47세,경상,승용,남,25세,상해없음
2023072800100616,2023년 7월 28일 22시,금요일,경기도 수원시 권선구 권선동,경상사고,0,0,2,0,차대차 - 측면충돌,안전운전불이행,건조,맑음,단일로 - 기타,승용,남,35세,상해없음,승용,여,29세,경상
2023072900100008,2023년 7월 29일 00시,토요일,경기도 수원시 장안구 조원동,중상사고,0,2,0,0,차대차 - 추돌,안전운전불이행,건조,맑음,교차로 - 교차로부근,승용,남,41세,상해없음,승용,남,31세,중상
2023072900100075,2023년 7월 29일 06시,토요일,경기도 수원시 영통구 매탄동,경상사고,0,0,1,0,차대차 - 측면충돌,안전거리미확보,건조,맑음,교차로 - 교차로횡단보도내,승용,남,73세,상해없음,승용,남,30세,경상
2023072900100195,2023년 7월 29일 11시,토요일,경기도 수원시 팔달구 고등동,경상사고,0,0,1,0,차대차 - 측면충돌,차로위반,건조,맑음,교차로 - 교차로부근,승용,여,41세,상해없음,승용,남,33세,경상
2023072900100230,2023년 7월 29일 12시,토요일,경기도 수원시 장안구 연무동,경상사고,0,0,1,0,차대차 - 추돌,안전운전불이행,건조,맑음,단일로 - 기타,승용,남,57세,상해없음,승용,여,41세,경상
2023072900100234,2023년 7월 29일 12시,토요일,경기도 수원시 영통구 이의동,경상사고,0,0,3,0,차대차 - 측면충돌,안전운전불이행,건조,맑음,단일로 - 기타,승용,여,32세,상해없음,승용,남,60세,경상
2023072900100235,2023년 7월 29일 12시,토요일,경기도 수원시 권선구 고색동,중상사고,0,1,0,0,차대차 - 측면충돌,안전운전불이행,건조,맑음,단일로 - 기타,승용,남,43세,상해없음,개인형이동수단(PM),남,54세,중상
2023072900100236,2023년 7월 29일 12시,토요일,경기도 수원시 팔달구 매산로1가,경상사고,0,0,2,0,차대차 - 기타,교차로운행방법위반,건조,맑음,교차로 - 교차로안,승합,여,60세,상해없음,승용,남,34세,경상
2023072900100268,2023년 7월 29일 13시,토요일,경기도 수원시 장안구 연무동,경상사고,0,0,1,0,차대사람 - 길가장자리구역통행중,안전운전불이행,건조,맑음,단일로 - 기타,이륜,여,28세,상해없음,보행자,여,61세,경상
2023072900100273,2023년 7월 29일 13시,토요일,경기도 수원시 팔달구 고등동,경상사고,0,0,1,0,차대차 - 측면충돌,중앙선침범,건조,맑음,교차로 - 교차로부근,이륜,남,57세,경상,승용,남,30세,상해없음
2023072900100344,2023년 7월 29일 15시,토요일,경기도 수원시 장안구 영화동,경상사고,0,0,1,1,차대차 - 기타,안전운전불이행,건조,맑음,교차로 - 교차로안,승용,남,49세,부상신고,승용,남,39세,경상
2023072900100429,2023년 7월 29일 17시,토요일,경기도 수원시 팔달구 팔달로1가,경상사고,0,0,1,0,차대차 - 기타,신호위반,건조,맑음,교차로 - 교차로안,이륜,남,66세,경상,승용,여,49세,상해없음
2023073000100021,2023년 7월 30일 02시,일요일,경기도 수원시 장안구 영화동,사망사고,1,0,0,0,차량단독 - 공작물충돌,안전운전불이행,건조,맑음,단일로 - 기타,이륜,남,43세,사망,,,,
2023073000100124,2023년 7월 30일 11시,일요일,경기도 수원시 장안구 파장동,경상사고,0,0,5,0,차대차 - 기타,신호위반,건조,맑음,단일로 - 기타,승용,남,68세,상해없음,화물,남,52세,경상
2023073000100128,2023년 7월 30일 11시,일요일,경기도 수원시 팔달구 인계동,중상사고,0,2,0,0,차대차 - 측면충돌,중앙선침범,건조,맑음,단일로 - 기타,승용,여,33세,상해없음,승용,남,77세,중상
2023073000100151,2023년 7월 30일 12시,일요일,경기도 수원시 팔달구 지동,경상사고,0,0,1,0,차대차 - 기타,직진우회전진행방해,건조,맑음,교차로 - 교차로안,승용,남,26세,상해없음,승용,여,51세,경상
2023073000100152,2023년 7월 30일 12시,일요일,경기도 수원시 팔달구 인계동,경상사고,0,0,2,0,차대차 - 후진중충돌,안전운전불이행,건조,맑음,단일로 - 기타,승용,남,46세,상해없음,승용,여,55세,경상
2023073000100224,2023년 7월 30일 14시,일요일,경기도 수원시 영통구 하동,경상사고,0,0,1,0,차대사람 - 기타,안전운전불이행,건조,맑음,단일로 - 지하차도(도로)내,승용,여,50세,상해없음,보행자,남,64세,경상
2023073000100266,2023년 7월 30일 15시,일요일,경기도 수원시 팔달구 매교동,경상사고,0,0,1,0,차대차 - 측면충돌,안전운전불이행,젖음/습기,비,단일로 - 기타,화물,남,78세,상해없음,자전거,남,75세,경상
2023073000100267,2023년 7월 30일 15시,일요일,경기도 수원시 권선구 호매실동,경상사고,0,0,4,0,차대차 - 측면충돌,교차로운행방법위반,건조,맑음,교차로 - 교차로안,승용,남,43세,경상,승용,남,21세,경상
2023073000100367,2023년 7월 30일 19시,일요일,경기도 수원시 팔달구 고등동,경상사고,0,0,1,0,차대차 - 추돌,안전운전불이행,건조,맑음,단일로 - 기타,승합,남,54세,상해없음,이륜,남,22세,경상
2023073000100381,2023년 7월 30일 20시,일요일,경기도 수원시 장안구 연무동,경상사고,0,0,3,1,차대차 - 측면충돌,신호위반,건조,맑음,교차로 - 교차로안,승용,남,44세,부상신고,승용,남,63세,경상
2023073100100043,2023년 7월 31일 07시,월요일,경기도 수원시 장안구 정자동,경상사고,0,0,1,0,차대사람 - 기타,보행자보호의무위반,건조,맑음,교차로 - 교차로안,이륜,남,49세,상해없음,보행자,여,29세,경상
2023073100100044,2023년 7월 31일 07시,월요일,경기도 수원시 팔달구 우만동,중상사고,0,1,0,0,차대사람 - 길가장자리구역통행중,안전운전불이행,건조,맑음,단일로 - 기타,승용,남,69세,상해없음,보행자,여,88세,중상
2023073100100133,2023년 7월 31일 10시,월요일,경기도 수원시 팔달구 화서동,경상사고,0,0,2,0,차대차 - 추돌,안전운전불이행,건조,맑음,교차로 - 교차로부근,승용,남,57세,상해없음,승용,여,49세,경상
2023073100100173,2023년 7월 31일 11시,월요일,경기도 수원시 팔달구 인계동,경상사고,0,0,1,0,차대사람 - 기타,기타,건조,맑음,단일로 - 기타,승용,여,52세,상해없음,보행자,남,37세,경상
2023073100100234,2023년 7월 31일 13시,월요일,경기도 수원시 장안구 조원동,중상사고,0,1,1,0,차대차 - 추돌,안전운전불이행,건조,맑음,단일로 - 기타,이륜,여,60세,중상,이륜,남,40세,경상
2023073100100345,2023년 7월 31일 16시,월요일,경기도 수원시 권선구 호매실동,경상사고,0,0,1,0,차대차 - 측면충돌,신호위반,건조,맑음,단일로 - 기타,승용,남,55세,상해없음,건설기계,남,31세,상해없음
2023073100100346,2023년 7월 31일 16시,월요일,경기도 수원시 권선구 금곡동,경상사고,0,0,3,0,차대차 - 측면충돌,기타,건조,맑음,단일로 - 기타,승용,여,51세,경상,승용,남,65세,경상
2023073100100400,2023년 7월 31일 17시,월요일,경기도 수원시 권선구 금곡동,중상사고,0,1,4,0,차대차 - 추돌,안전운전불이행,건조,맑음,단일로 - 터널,화물,남,34세,경상,승용,남,49세,경상
2023073100100431,2023년 7월 31일 18시,월요일,경기도 수원시 장안구 송죽동,경상사고,0,0,1,0,차대차 - 측면충돌,안전거리미확보,건조,맑음,단일로 - 기타,승용,여,40세,상해없음,승용,여,31세,경상
2023073100100497,2023년 7월 31일 20시,월요일,경기도 수원시 팔달구 우만동,경상사고,0,0,1,0,차대사람 - 차도통행중,안전운전불이행,건조,맑음,교차로 - 교차로안,승용,남,31세,상해없음,보행자,여,54세,경상
2023073100100527,2023년 7월 31일 21시,월요일,경기도 수원시 팔달구 구천동,경상사고,0,0,1,0,차대차 - 측면충돌,안전거리미확보,건조,맑음,단일로 - 기타,승용,남,52세,상해없음,이륜,남,38세,경상
2023080100100087,2023년 8월 1일 08시,화요일,경기도 수원시 권선구 평동,경상사고,0,0,1,0,차대차 - 기타,안전운전불이행,건조,맑음,교차로 - 교차로부근,승용,남,69세,기타불명,승용,남,30세,경상
2023080100100140,2023년 8월 1일 10시,화요일,경기도 수원시 장안구 율전동,경상사고,0,0,2,0,차대차 - 기타,안전거리미확보,건조,맑음,단일로 - 기타,승용,남,75세,상해없음,승용,남,64세,경상
2023080100100229,2023년 8월 1일 13시,화요일,경기도 수원시 장안구 영화동,경상사고,0,0,3,0,차대차 - 기타,신호위반,건조,맑음,교차로 - 교차로안,승용,남,58세,상해없음,승용,남,19세,경상
2023080100100275,2023년 8월 1일 14시,화요일,경기도 수원시 권선구 서둔동,경상사고,0,0,2,0,차대차 - 측면충돌,직진우회전진행방해,건조,맑음,교차로 - 교차로안,승용,남,57세,상해없음,승용,남,69세,경상
2023080100100276,2023년 8월 1일 14시,화요일,경기도 수원시 팔달구 장안동,경상사고,0,0,1,0,차대차 - 기타,안전운전불이행,건조,맑음,단일로 - 기타,화물,남,50세,상해없음,화물,남,67세,경상
2023080100100323,2023년 8월 1일 15시,화요일,경기도 수원시 팔달구 인계동,경상사고,0,0,1,0,차대차 - 기타,안전운전불이행,건조,맑음,단일로 - 기타,승용,여,48세,상해없음,승용,남,28세,경상
2023080100100368,2023년 8월 1일 17시,화요일,경기도 수원시 장안구 정자동,경상사고,0,0,1,0,차대차 - 측면충돌,안전거리미확보,건조,맑음,교차로 - 교차로부근,승용,여,57세,상해없음,이륜,남,22세,경상
2023080100100409,2023년 8월 1일 18시,화요일,경기도 수원시 영통구 영통동,중상사고,0,1,1,0,차대차 - 측면충돌,신호위반,건조,맑음,교차로 - 교차로안,승용,남,36세,경상,이륜,남,32세,중상
2023080100100452,2023년 8월 1일 19시,화요일,경기도 수원시 권선구 권선동,중상사고,0,1,0,0,차대차 - 정면충돌,직진우회전진행방해,건조,맑음,교차로 - 교차로부근,개인형이동수단(PM),남,16세,상해없음,이륜,남,35세,중상
2023080100100477,2023년 8월 1일 20시,화요일,경기도 수원시 권선구 권선동,중상사고,0,1,1,0,차대차 - 기타,중앙선침범,건조,맑음,교차로 - 교차로안,승용,남,68세,경상,이륜,남,34세,중상
2023080100100501,2023년 8월 1일 21시,화요일,경기도 수원시 팔달구 화서동,중상사고,0,2,2,0,차대차 - 측면충돌,안전운전불이행,건조,맑음,교차로 - 교차로부근,승용,여,61세,경상,승용,남,33세,중상
2023080200100029,2023년 8월 2일 05시,수요일,경기도 수원시 팔달구 고등동,경상사고,0,0,1,0,차대차 - 측면충돌,중앙선침범,건조,맑음,교차로 - 교차로부근,승용,남,53세,상해없음,승용,남,60세,경상
2023080200100126,2023년 8월 2일 10시,수요일,경기도 수원시 팔달구 우만동,부상신고사고,0,0,0,1,차대차 - 후진중충돌,안전운전불이행,건조,맑음,교차로 - 교차로부근,승용,여,64세,상해없음,이륜,남,37세,부상신고
2023080200100128,2023년 8월 2일 10시,수요일,경기도 수원시 팔달구 매산로2가,경상사고,0,0,1,0,차대사람 - 차도통행중,안전운전불이행,건조,맑음,단일로 - 기타,승용,여,62세,기타불명,보행자,남,70세,경상
2023080200100150,2023년 8월 2일 11시,수요일,경기도 수원시 팔달구 우만동,경상사고,0,0,2,0,차대차 - 기타,안전운전불이행,건조,맑음,교차로 - 교차로안,승용,여,33세,상해없음,승용,남,65세,경상
2023080200100229,2023년 8월 2일 13시,수요일,경기도 수원시 팔달구 매산로1가,경상사고,0,0,1,0,차대차 - 기타,안전운전불이행,건조,맑음,단일로 - 기타,승용,남,85세,상해없음,승용,남,65세,경상
2023080200100230,2023년 8월 2일 13시,수요일,경기도 수원시 권선구 고색동,경상사고,0,0,1,0,차대사람 - 기타,안전운전불이행,건조,맑음,단일로 - 기타,승용,남,23세,상해없음,보행자,남,28세,경상
2023080200100287,2023년 8월 2일 15시,수요일,경기도 수원시 팔달구 인계동,경상사고,0,0,1,0,차대사람 - 기타,안전운전불이행,건조,맑음,단일로 - 기타,승합,남,62세,상해없음,보행자,남,33세,경상
2023080200100322,2023년 8월 2일 16시,수요일,경기도 수원시 장안구 정자동,경상사고,0,0,2,0,차대차 - 기타,신호위반,건조,맑음,교차로 - 교차로안,이륜,남,46세,경상,승용,남,57세,경상
2023080200100323,2023년 8월 2일 16시,수요일,경기도 수원시 장안구 정자동,중상사고,0,1,0,0,차대차 - 기타,신호위반,건조,맑음,단일로 - 기타,승용,남,37세,상해없음,승합,남,52세,상해없음
2023080200100328,2023년 8월 2일 16시,수요일,경기도 수원시 권선구 구운동,경상사고,0,0,1,0,차대차 - 측면충돌,교차로운행방법위반,건조,맑음,교차로 - 교차로안,승용,여,63세,상해없음,승용,여,29세,경상
2023080200100361,2023년 8월 2일 17시,수요일,경기도 수원시 장안구 정자동,경상사고,0,0,1,0,차대사람 - 기타,안전운전불이행,건조,맑음,교차로 - 교차로안,승용,남,58세,상해없음,보행자,여,33세,경상
2023080200100413,2023년 8월 2일 18시,수요일,경기도 수원시 장안구 율전동,경상사고,0,0,1,0,차대차 - 기타,안전운전불이행,건조,맑음,단일로 - 지하차도(도로)내,승용,남,27세,상해없음,이륜,남,47세,경상
2023080200100420,2023년 8월 2일 18시,수요일,경기도 수원시 영통구 이의동,경상사고,0,0,1,0,차대차 - 추돌,안전운전불이행,건조,맑음,기타 - 기타,승용,여,28세,상해없음,승용,여,45세,경상
2023080300100028,2023년 8월 3일 04시,목요일,경기도 수원시 팔달구 매산로1가,경상사고,0,0,1,0,차대차 - 추돌,안전운전불이행,건조,맑음,교차로 - 교차로부근,승용,남,37세,상해없음,승용,남,29세,경상
2023080300100041,2023년 8월 3일 06시,목요일,경기도 수원시 영통구 이의동,경상사고,0,0,1,0,차대차 - 측면충돌,신호위반,건조,맑음,교차로 - 교차로안,승용,여,23세,상해없음,승용,남,63세,경상
2023080300100175,2023년 8월 3일 10시,목요일,경기도 수원시 권선구 권선동,경상사고,0,0,1,0,차대차 - 측면충돌,안전운전불이행,건조,맑음,교차로 - 교차로안,승용,남,48세,상해없음,승용,여,61세,경상
2023080300100179,2023년 8월 3일 10시,목요일,경기도 수원시 권선구 오목천동,경상사고,0,0,1,0,차대차 - 측면충돌,안전거리미확보,건조,맑음,교차로 - 교차로부근,승용,여,45세,기타불명,승용,여,38세,경상
2023080300100215,2023년 8월 3일 11시,목요일,경기도 수원시 장안구 영화동,경상사고,0,0,1,0,차대차 - 측면충돌,안전거리미확보,건조,맑음,단일로 - 기타,승합,남,57세,상해없음,승용,남,35세,경상
2023080300100221,2023년 8월 3일 11시,목요일,경기도 수원시 영통구 이의동,중상사고,0,1,0,0,차대차 - 기타,안전운전불이행,건조,맑음,교차로 - 교차로부근,화물,남,48세,상해없음,이륜,여,55세,중상
2023080300100318,2023년 8월 3일 14시,목요일,경기도 수원시 영통구 매탄동,경상사고,0,0,1,0,차대사람 - 보도통행중,안전운전불이행,건조,맑음,단일로 - 기타,자전거,남,12세,상해없음,보행자,여,39세,경상