사고번호,사고일시,요일,시군구,사고내용,사망자수,중상자수,경상자수,부상신고자수,사고유형,법규위반,노면상태,기상상태,도로형태,가해운전자 차종,가해운전자 성별,가해운전자 연령,가해운전자 상해정도,피해운전자 차종,피해운전자 성별,피해운전자 연령,피해운전자 상해정도
2023080300100354,2023년 8월 3일 15시,목요일,경기도 수원시 영통구 이의동,경상사고,0,0,1,0,차대차 - 측면충돌,안전운전불이행,건조,맑음,교차로 - 교차로안,승용,남,73세,상해없음,승용,남,24세,경상
2023080300100358,2023년 8월 3일 15시,목요일,경기도 수원시 권선구 구운동,경상사고,0,0,1,0,차대차 - 측면충돌,안전운전불이행,건조,맑음,교차로 - 교차로안,화물,남,59세,상해없음,화물,남,51세,경상
2023080300100359,2023년 8월 3일 15시,목요일,경기도 수원시 권선구 서둔동,경상사고,0,0,2,0,차대차 - 측면충돌,안전운전불이행,건조,맑음,교차로 - 교차로안,승용,여,63세,경상,승용,남,36세,경상
2023080300100436,2023년 8월 3일 17시,목요일,경기도 수원시 팔달구 매산로1가,부상신고사고,0,0,0,1,차대차 - 측면충돌,안전운전불이행,건조,맑음,교차로 - 교차로안,승용,여,56세,상해없음,승용,남,21세,부상신고
2023080300100485,2023년 8월 3일 18시,목요일,경기도 수원시 장안구 정자동,중상사고,0,1,1,0,차대차 - 기타,신호위반,건조,맑음,교차로 - 교차로안,승용,남,50세,경상,승용,여,50세,중상
2023080300100538,2023년 8월 3일 19시,목요일,경기도 수원시 장안구 영화동,경상사고,0,0,1,0,차대차 - 기타,기타,건조,맑음,교차로 - 교차로안,자전거,남,64세,경상,승합,남,27세,상해없음
2023080300100543,2023년 8월 3일 19시,목요일,경기도 수원시 영통구 원천동,중상사고,0,1,0,0,차대차 - 기타,신호위반,건조,맑음,교차로 - 교차로안,승합,남,74세,상해없음,자전거,남,42세,중상
2023080400100023,2023년 8월 4일 02시,금요일,경기도 수원시 권선구 금곡동,중상사고,0,1,0,0,차대사람 - 차도통행중,기타,건조,맑음,단일로 - 기타,승용,남,69세,상해없음,보행자,여,28세,중상
2023080400100060,2023년 8월 4일 07시,금요일,경기도 수원시 권선구 오목천동,경상사고,0,0,1,0,차대차 - 측면충돌,안전거리미확보,건조,맑음,단일로 - 기타,화물,남,47세,상해없음,승합,남,63세,경상
2023080400100084,2023년 8월 4일 08시,금요일,경기도 수원시 팔달구 우만동,부상신고사고,0,0,0,1,차대차 - 측면충돌,안전운전불이행,건조,맑음,단일로 - 기타,자전거,남,34세,부상신고,승용,남,50세,상해없음
2023080400100085,2023년 8월 4일 08시,금요일,경기도 수원시 팔달구 화서동,경상사고,0,0,1,0,차대차 - 측면충돌,안전거리미확보,건조,맑음,교차로 - 교차로안,승용,남,68세,상해없음,승용,여,53세,경상
2023080400100225,2023년 8월 4일 12시,금요일,경기도 수원시 권선구 구운동,경상사고,0,0,1,0,차대차 - 기타,안전거리미확보,건조,맑음,단일로 - 기타,승용,여,39세,상해없음,승합,남,64세,상해없음
2023080400100269,2023년 8월 4일 13시,금요일,경기도 수원시 권선구 구운동,경상사고,0,0,1,0,차대차 - 측면충돌,안전거리미확보,건조,맑음,교차로 - 교차로부근,승용,남,75세,상해없음,승용,남,52세,경상
2023080400100386,2023년 8월 4일 16시,금요일,경기도 수원시 권선구 세류동,중상사고,0,1,0,0,차대차 - 측면충돌,안전운전불이행,건조,맑음,기타 - 기타,승용,남,50세,상해없음,승용,남,66세,상해없음
2023080400100390,2023년 8월 4일 16시,금요일,경기도 수원시 권선구 서둔동,경상사고,0,0,1,0,차대차 - 측면충돌,신호위반,건조,맑음,교차로 - 교차로부근,승용,남,31세,상해없음,승용,여,36세,경상
2023080400100443,2023년 8월 4일 17시,금요일,경기도 수원시 팔달구 인계동,경상사고,0,0,1,0,차대사람 - 기타,안전운전불이행,건조,맑음,단일로 - 기타,승용,남,23세,상해없음,보행자,남,18세,경상
2023080400100492,2023년 8월 4일 18시,금요일,경기도 수원시 장안구 영화동,경상사고,0,0,1,0,차대차 - 측면충돌,안전운전불이행,건조,맑음,교차로 - 교차로횡단보도내,승용,여,42세,상해없음,승용,남,24세,경상
2023080400100498,2023년 8월 4일 18시,금요일,경기도 수원시 팔달구 인계동,경상사고,0,0,1,0,차대사람 - 기타,안전운전불이행,건조,맑음,교차로 - 교차로안,승합,남,31세,상해없음,보행자,여,37세,경상
2023080400100549,2023년 8월 4일 19시,금요일,경기도 수원시 영통구 망포동,경상사고,0,0,1,0,차대차 - 측면충돌,안전운전불이행,건조,맑음,교차로 - 교차로안,승용,여,48세,상해없음,승용,남,25세,경상
2023080400100642,2023년 8월 4일 22시,금요일,경기도 수원시 권선구 권선동,경상사고,0,0,1,0,차대차 - 정면충돌,안전운전불이행,젖음/습기,비,단일로 - 기타,원동기,남,18세,상해없음,원동기,남,26세,경상
2023080500100090,2023년 8월 5일 08시,토요일,경기도 수원시 권선구 입북동,중상사고,0,1,0,0,차대차 - 추돌,안전거리미확보,건조,맑음,단일로 - 기타,승용,남,38세,상해없음,승합,남,53세,중상
2023080500100119,2023년 8월 5일 09시,토요일,경기도 수원시 팔달구 화서동,중상사고,0,1,0,0,차대차 - 기타,신호위반,건조,맑음,교차로 - 교차로안,승합,남,70세,상해없음,승용,남,38세,중상
2023080500100162,2023년 8월 5일 10시,토요일,경기도 수원시 팔달구 인계동,경상사고,0,0,1,0,차대차 - 추돌,안전거리미확보,건조,맑음,단일로 - 기타,이륜,남,34세,상해없음,승용,남,29세,경상
2023080500100163,2023년 8월 5일 10시,토요일,경기도 수원시 팔달구 매교동,경상사고,0,0,1,0,차대차 - 측면충돌,교차로운행방법위반,건조,맑음,교차로 - 교차로안,승용,여,42세,상해없음,승용,남,29세,경상
2023080500100337,2023년 8월 5일 15시,토요일,경기도 수원시 장안구 송죽동,부상신고사고,0,0,0,1,차대차 - 기타,직진우회전진행방해,건조,맑음,교차로 - 교차로안,이륜,남,60세,상해없음,자전거,남,13세,부상신고
2023080500100537,2023년 8월 5일 21시,토요일,경기도 수원시 팔달구 우만동,경상사고,0,0,1,0,차대차 - 기타,차로위반,건조,맑음,교차로 - 교차로부근,승용,남,58세,상해없음,승용,남,63세,상해없음
2023080500100582,2023년 8월 5일 23시,토요일,경기도 수원시 팔달구 인계동,경상사고,0,0,1,0,차대사람 - 기타,안전운전불이행,기타,맑음,기타 - 기타,승용,남,34세,상해없음,보행자,여,23세,경상
2023080500100583,2023년 8월 5일 23시,토요일,경기도 수원시 영통구 망포동,경상사고,0,0,1,0,차대차 - 측면충돌,불법유턴,건조,맑음,교차로 - 교차로안,승용,남,60세,상해없음,자전거,남,16세,경상
2023080600100006,2023년 8월 6일 00시,일요일,경기도 수원시 팔달구 인계동,경상사고,0,0,1,0,차대차 - 측면충돌,차로위반,건조,맑음,단일로 - 기타,승용,남,61세,상해없음,승용,남,33세,상해없음
2023080600100014,2023년 8월 6일 01시,일요일,경기도 수원시 팔달구 인계동,경상사고,0,0,1,0,차대사람 - 기타,안전운전불이행,건조,맑음,기타 - 기타,승용,여,22세,상해없음,보행자,남,29세,경상
2023080600100015,2023년 8월 6일 01시,일요일,경기도 수원시 권선구 구운동,사망사고,1,0,0,0,차대사람 - 횡단중,기타,건조,맑음,단일로 - 기타,승용,남,29세,상해없음,보행자,남,35세,사망
2023080600100062,2023년 8월 6일 06시,일요일,경기도 수원시 팔달구 인계동,경상사고,0,0,1,0,차대차 - 기타,안전운전불이행,건조,맑음,단일로 - 기타,승용,여,46세,상해없음,이륜,남,46세,경상
2023080600100139,2023년 8월 6일 11시,일요일,경기도 수원시 장안구 율전동,경상사고,0,0,4,0,차대차 - 추돌,안전운전불이행,건조,맑음,단일로 - 기타,승용,남,55세,상해없음,승용,남,65세,경상
2023080600100168,2023년 8월 6일 12시,일요일,경기도 수원시 팔달구 인계동,경상사고,0,0,1,0,차대차 - 기타,안전운전불이행,건조,맑음,단일로 - 기타,승용,남,27세,상해없음,승용,남,27세,경상
2023080600100170,2023년 8월 6일 12시,일요일,경기도 수원시 권선구 당수동,경상사고,0,0,3,0,차대차 - 추돌,안전운전불이행,건조,맑음,교차로 - 교차로부근,승용,남,55세,상해없음,승용,남,53세,경상
2023080600100276,2023년 8월 6일 16시,일요일,경기도 수원시 영통구 신동,경상사고,0,0,2,0,차대차 - 기타,안전운전불이행,건조,맑음,단일로 - 기타,이륜,남,41세,경상,승용,남,52세,경상
2023080600100302,2023년 8월 6일 17시,일요일,경기도 수원시 장안구 정자동,경상사고,0,0,1,0,차대차 - 기타,안전운전불이행,건조,맑음,교차로 - 교차로안,승용,남,62세,상해없음,승용,남,43세,경상
2023080600100399,2023년 8월 6일 21시,일요일,경기도 수원시 권선구 권선동,경상사고,0,0,2,0,차대차 - 측면충돌,신호위반,건조,맑음,교차로 - 교차로안,승용,여,40세,기타불명,승용,남,52세,경상
2023080600100400,2023년 8월 6일 21시,일요일,경기도 수원시 권선구 권선동,경상사고,0,0,1,0,차대차 - 측면충돌,신호위반,건조,맑음,교차로 - 교차로안,승용,여,37세,상해없음,특수,남,21세,경상
2023080700100031,2023년 8월 7일 06시,월요일,경기도 수원시 권선구 호매실동,경상사고,0,0,2,0,차대차 - 추돌,안전운전불이행,건조,맑음,단일로 - 기타,승용,남,58세,상해없음,승용,남,52세,경상
2023080700100032,2023년 8월 7일 06시,월요일,경기도 수원시 팔달구 매산로1가,경상사고,0,0,2,0,차대차 - 추돌,교차로운행방법위반,건조,맑음,교차로 - 교차로안,승합,남,51세,상해없음,승용,남,26세,경상
2023080700100050,2023년 8월 7일 07시,월요일,경기도 수원시 권선구 탑동,경상사고,0,0,1,0,차대차 - 측면충돌,안전운전불이행,건조,맑음,단일로 - 기타,승용,여,42세,상해없음,자전거,여,26세,경상
2023080700100086,2023년 8월 7일 08시,월요일,경기도 수원시 권선구 세류동,중상사고,0,3,3,0,차대차 - 추돌,안전운전불이행,젖음/습기,맑음,단일로 - 터널,승용,남,65세,상해없음,승용,남,34세,중상
2023080700100087,2023년 8월 7일 08시,월요일,경기도 수원시 권선구 세류동,경상사고,0,0,1,2,차대차 - 추돌,안전운전불이행,건조,맑음,단일로 - 지하차도(도로)내,승용,남,31세,상해없음,승용,남,30세,경상
2023080700100313,2023년 8월 7일 14시,월요일,경기도 수원시 영통구 원천동,경상사고,0,0,1,0,차대사람 - 보도통행중,기타,건조,맑음,단일로 - 기타,개인형이동수단(PM),남,15세,상해없음,보행자,남,10세,경상
2023080700100345,2023년 8월 7일 15시,월요일,경기도 수원시 팔달구 화서동,경상사고,0,0,1,0,차대차 - 기타,신호위반,건조,맑음,단일로 - 기타,승용,여,29세,상해없음,자전거,남,75세,경상
2023080700100391,2023년 8월 7일 16시,월요일,경기도 수원시 영통구 원천동,경상사고,0,0,1,0,차대차 - 추돌,안전운전불이행,건조,맑음,교차로 - 교차로안,화물,남,58세,상해없음,승용,남,45세,상해없음
2023080700100572,2023년 8월 7일 21시,월요일,경기도 수원시 영통구 이의동,경상사고,0,0,1,0,차대차 - 추돌,안전거리미확보,건조,맑음,단일로 - 기타,승용,남,49세,상해없음,승용,여,37세,경상
2023080800100087,2023년 8월 8일 08시,화요일,경기도 수원시 권선구 오목천동,경상사고,0,0,1,0,차대차 - 추돌,안전거리미확보,건조,맑음,교차로 - 교차로부근,승용,남,26세,경상,승용,남,24세,상해없음
2023080800100125,2023년 8월 8일 09시,화요일,경기도 수원시 팔달구 인계동,경상사고,0,0,1,0,차대차 - 측면충돌,안전운전불이행,건조,맑음,단일로 - 기타,승용,여,70세,상해없음,원동기,남,24세,경상
2023080800100197,2023년 8월 8일 11시,화요일,경기도 수원시 권선구 세류동,경상사고,0,0,1,0,차대차 - 기타,안전운전불이행,건조,맑음,단일로 - 기타,승용,여,54세,상해없음,자전거,남,36세,경상
2023080800100271,2023년 8월 8일 13시,화요일,경기도 수원시 팔달구 인계동,경상사고,0,0,1,0,차대차 - 측면충돌,교차로운행방법위반,건조,맑음,교차로 - 교차로안,승용,여,54세,상해없음,이륜,남,55세,경상
2023080800100272,2023년 8월 8일 13시,화요일,경기도 수원시 팔달구 인계동,중상사고,0,1,0,0,차대차 - 기타,안전거리미확보,건조,맑음,단일로 - 기타,화물,남,22세,상해없음,승합,남,62세,상해없음
2023080800100276,2023년 8월 8일 13시,화요일,경기도 수원시 권선구 금곡동,중상사고,0,1,0,0,차대차 - 측면충돌,안전거리미확보,건조,맑음,교차로 - 교차로안,승용,남,56세,상해없음,이륜,남,27세,중상
2023080800100479,2023년 8월 8일 18시,화요일,경기도 수원시 권선구 평리동,경상사고,0,0,1,0,차대차 - 기타,안전운전불이행,건조,맑음,교차로 - 교차로안,승용,남,24세,상해없음,승용,여,52세,경상
2023080800100542,2023년 8월 8일 20시,화요일,경기도 수원시 팔달구 인계동,경상사고,0,0,1,0,차대차 - 측면충돌,안전운전불이행,건조,맑음,단일로 - 기타,승용,남,22세,상해없음,승합,남,50세,경상
2023080800100590,2023년 8월 8일 22시,화요일,경기도 수원시 팔달구 화서동,중상사고,0,1,0,0,차대차 - 측면충돌,불법유턴,건조,맑음,교차로 - 교차로안,자전거,여,20세,중상,승용,여,45세,상해없음
2023080800100594,2023년 8월 8일 22시,화요일,경기도 수원시 영통구 망포동,중상사고,0,1,0,0,차대차 - 측면충돌,불법유턴,건조,맑음,교차로 - 교차로횡단보도내,자전거,남,42세,중상,승용,남,32세,상해없음
2023080800100595,2023년 8월 8일 22시,화요일,경기도 수원시 영통구 하동,경상사고,0,0,1,0,차대차 - 추돌,안전거리미확보,건조,맑음,단일로 - 기타,승용,여,34세,상해없음,승용,여,43세,경상
2023080900100006,2023년 8월 9일 00시,수요일,경기도 수원시 권선구 탑동,경상사고,0,0,1,0,차대차 - 측면충돌,안전운전불이행,건조,맑음,교차로 - 교차로부근,승용,남,44세,상해없음,자전거,남,61세,경상
2023080900100020,2023년 8월 9일 01시,수요일,경기도 수원시 권선구 권선동,경상사고,0,0,1,0,차대차 - 측면충돌,차로위반,건조,맑음,단일로 - 기타,승용,여,46세,상해없음,승용,남,43세,경상
2023080900100064,2023년 8월 9일 07시,수요일,경기도 수원시 권선구 호매실동,경상사고,0,0,1,0,차대차 - 측면충돌,안전거리미확보,건조,맑음,단일로 - 기타,화물,남,26세,상해없음,승용,남,33세,경상
2023080900100065,2023년 8월 9일 07시,수요일,경기도 수원시 팔달구 매산로2가,중상사고,0,1,0,0,차대차 - 측면충돌,안전운전불이행,건조,맑음,교차로 - 교차로부근,자전거,여,24세,중상,화물,남,55세,상해없음
2023080900100109,2023년 8월 9일 09시,수요일,경기도 수원시 팔달구 남수동,경상사고,0,0,3,1,차대차 - 기타,직진우회전진행방해,건조,맑음,교차로 - 교차로안,화물,남,62세,부상신고,승합,남,56세,경상
2023080900100110,2023년 8월 9일 09시,수요일,경기도 수원시 장안구 조원동,중상사고,0,1,0,0,차대사람 - 횡단중,안전운전불이행,건조,맑음,교차로 - 교차로횡단보도내,승용,여,40세,상해없음,보행자,여,80세,중상
2023080900100154,2023년 8월 9일 10시,수요일,경기도 수원시 장안구 파장동,경상사고,0,0,1,0,차대사람 - 길가장자리구역통행중,안전운전불이행,건조,맑음,단일로 - 기타,화물,남,65세,상해없음,보행자,여,30세,경상
2023080900100182,2023년 8월 9일 11시,수요일,경기도 수원시 장안구 천천동,경상사고,0,0,1,0,차대차 - 기타,안전운전불이행,건조,맑음,기타 - 기타,자전거,남,62세,경상,건설기계,남,66세,상해없음
2023080900100294,2023년 8월 9일 14시,수요일,경기도 수원시 장안구 정자동,부상신고사고,0,0,0,1,차대차 - 기타,안전운전불이행,건조,맑음,교차로 - 교차로안,승용,남,66세,상해없음,자전거,남,13세,부상신고
2023080900100295,2023년 8월 9일 14시,수요일,경기도 수원시 팔달구 팔달로2가,경상사고,0,0,1,0,차대차 - 추돌,안전운전불이행,건조,맑음,단일로 - 기타,승합,남,62세,상해없음,승용,남,32세,경상
2023080900100408,2023년 8월 9일 17시,수요일,경기도 수원시 권선구 구운동,경상사고,0,0,3,0,차대차 - 측면충돌,안전운전불이행,건조,맑음,단일로 - 기타,승용,남,30세,경상,화물,남,45세,상해없음
2023081000100156,2023년 8월 10일 11시,목요일,경기도 수원시 팔달구 인계동,경상사고,0,0,2,0,차대차 - 측면충돌,차로위반,젖음/습기,비,단일로 - 기타,승용,여,30세,상해없음,승용,남,57세,경상
2023081000100158,2023년 8월 10일 11시,목요일,경기도 수원시 권선구 세류동,경상사고,0,0,1,0,차대차 - 기타,신호위반,젖음/습기,비,단일로 - 기타,승용,남,55세,기타불명,화물,남,27세,경상
2023081000100228,2023년 8월 10일 14시,목요일,경기도 수원시 팔달구 우만동,경상사고,0,0,1,0,차대차 - 측면충돌,불법유턴,젖음/습기,비,단일로 - 기타,승용,여,65세,상해없음,이륜,남,21세,경상
2023081000100256,2023년 8월 10일 15시,목요일,경기도 수원시 권선구 권선동,경상사고,0,0,2,0,차대차 - 측면충돌,안전운전불이행,젖음/습기,비,교차로 - 교차로부근,화물,남,55세,상해없음,승용,남,54세,경상
2023081000100279,2023년 8월 10일 16시,목요일,경기도 수원시 팔달구 화서동,경상사고,0,0,1,0,차대차 - 후진중충돌,안전운전불이행,젖음/습기,비,단일로 - 기타,승용,남,44세,상해없음,이륜,남,39세,경상
2023081000100314,2023년 8월 10일 17시,목요일,경기도 수원시 팔달구 우만동,경상사고,0,0,1,0,차대차 - 추돌,안전운전불이행,젖음/습기,비,단일로 - 기타,승용,남,64세,상해없음,승용,남,46세,경상
2023081000100319,2023년 8월 10일 17시,목요일,경기도 수원시 권선구 세류동,경상사고,0,0,1,0,차대차 - 기타,안전운전불이행,젖음/습기,비,단일로 - 기타,승용,남,33세,상해없음,승용,남,61세,상해없음
2023081000100347,2023년 8월 10일 18시,목요일,경기도 수원시 장안구 율전동,경상사고,0,0,1,0,차대사람 - 기타,안전운전불이행,젖음/습기,비,교차로 - 교차로안,이륜,남,20세,상해없음,보행자,여,29세,경상
2023081000100350,2023년 8월 10일 18시,목요일,경기도 수원시 권선구 권선동,경상사고,0,0,4,0,차대차 - 측면충돌,직진우회전진행방해,젖음/습기,비,교차로 - 교차로안,승용,남,43세,경상,승용,남,35세,경상
2023081000100351,2023년 8월 10일 18시,목요일,경기도 수원시 팔달구 매산로2가,경상사고,0,0,1,0,차대차 - 측면충돌,안전거리미확보,젖음/습기,비,교차로 - 교차로부근,승용,남,38세,상해없음,이륜,남,24세,경상
2023081000100352,2023년 8월 10일 18시,목요일,경기도 수원시 팔달구 고등동,경상사고,0,0,1,0,차대차 - 측면충돌,안전운전불이행,젖음/습기,비,교차로 - 교차로안,승합,남,38세,상해없음,이륜,남,26세,경상
2023081000100410,2023년 8월 10일 20시,목요일,경기도 수원시 팔달구 매산로1가,경상사고,0,0,1,0,차대사람 - 기타,안전운전불이행,젖음/습기,비,단일로 - 기타,개인형이동수단(PM),남,50세,상해없음,보행자,여,31세,경상
2023081100100004,2023년 8월 11일 00시,금요일,경기도 수원시 권선구 세류동,경상사고,0,0,2,0,차대차 - 측면충돌,안전운전불이행,젖음/습기,비,교차로 - 교차로안,승용,남,53세,상해없음,승용,남,33세,경상
2023081100100018,2023년 8월 11일 02시,금요일,경기도 수원시 권선구 권선동,중상사고,0,1,0,0,차대사람 - 기타,안전운전불이행,젖음/습기,비,단일로 - 기타,승용,남,21세,상해없음,보행자,남,31세,중상
2023081100100042,2023년 8월 11일 06시,금요일,경기도 수원시 권선구 대황교동,경상사고,0,0,2,0,차대차 - 정면충돌,안전거리미확보,젖음/습기,비,단일로 - 지하차도(도로)내,승용,남,71세,상해없음,승합,남,55세,경상
2023081100100057,2023년 8월 11일 07시,금요일,경기도 수원시 장안구 송죽동,경상사고,0,0,1,0,차대사람 - 기타,안전운전불이행,젖음/습기,비,단일로 - 기타,승용,남,46세,상해없음,보행자,남,39세,경상
2023081100100060,2023년 8월 11일 07시,금요일,경기도 수원시 권선구 세류동,중상사고,0,1,0,0,차대사람 - 횡단중,보행자보호의무위반,젖음/습기,비,교차로 - 교차로횡단보도내,승용,남,36세,상해없음,보행자,여,46세,중상
2023081100100194,2023년 8월 11일 11시,금요일,경기도 수원시 권선구 호매실동,경상사고,0,0,1,0,차대차 - 기타,신호위반,건조,맑음,교차로 - 교차로안,승용,남,34세,상해없음,승용,여,44세,경상
2023081100100304,2023년 8월 11일 14시,금요일,경기도 수원시 영통구 매탄동,경상사고,0,0,1,0,차대차 - 측면충돌,안전운전불이행,건조,맑음,교차로 - 교차로안,승용,여,27세,상해없음,승용,여,54세,경상
2023081100100305,2023년 8월 11일 14시,금요일,경기도 수원시 팔달구 매교동,경상사고,0,0,1,0,차대차 - 추돌,안전운전불이행,건조,맑음,교차로 - 교차로안,화물,남,41세,상해없음,화물,남,31세,경상
2023081100100341,2023년 8월 11일 15시,금요일,경기도 수원시 권선구 세류동,경상사고,0,0,2,0,차대차 - 측면충돌,안전거리미확보,건조,맑음,단일로 - 기타,승용,남,52세,상해없음,승용,남,50세,경상
2023081100100343,2023년 8월 11일 15시,금요일,경기도 수원시 권선구 세류동,경상사고,0,0,3,0,차대차 - 추돌,안전거리미확보,건조,맑음,단일로 - 기타,화물,남,49세,기타불명,승용,남,25세,경상
2023081100100382,2023년 8월 11일 16시,금요일,경기도 수원시 권선구 금곡동,경상사고,0,0,2,0,차대차 - 추돌,안전운전불이행,건조,맑음,단일로 - 기타,승용,남,80세,상해없음,승용,여,47세,기타불명
2023081100100467,2023년 8월 11일 18시,금요일,경기도 수원시 장안구 율전동,경상사고,0,0,1,0,차대차 - 측면충돌,불법유턴,건조,맑음,단일로 - 기타,승용,남,72세,상해없음,승용,남,39세,기타불명
2023081100100468,2023년 8월 11일 18시,금요일,경기도 수원시 팔달구 우만동,경상사고,0,0,1,0,차대차 - 기타,안전운전불이행,건조,맑음,주차장 - 주차장,승용,남,46세,상해없음,승용,여,27세,경상
2023081100100469,2023년 8월 11일 18시,금요일,경기도 수원시 팔달구 우만동,경상사고,0,0,2,0,차대차 - 기타,안전거리미확보,건조,맑음,단일로 - 기타,승합,남,43세,상해없음,승용,남,27세,경상
2023081100100522,2023년 8월 11일 19시,금요일,경기도 수원시 장안구 송죽동,중상사고,0,1,0,0,차량단독 - 기타,안전운전불이행,건조,맑음,단일로 - 기타,승합,남,31세,상해없음,,,,
2023081100100553,2023년 8월 11일 20시,금요일,경기도 수원시 팔달구 우만동,중상사고,0,1,0,0,차대차 - 기타,안전운전불이행,건조,맑음,단일로 - 기타,승용,남,34세,상해없음,승용,여,62세,중상
2023081100100601,2023년 8월 11일 21시,금요일,경기도 수원시 영통구 영통동,경상사고,0,0,2,0,차대차 - 측면충돌,차로위반,건조,흐림,교차로 - 교차로부근,승용,남,35세,상해없음,승용,여,39세,경상
2023081100100630,2023년 8월 11일 22시,금요일,경기도 수원시 영통구 매탄동,부상신고사고,0,0,0,1,차대차 - 기타,안전운전불이행,건조,맑음,단일로 - 기타,이륜,남,25세,부상신고,승합,여,61세,상해없음
2023081100100659,2023년 8월 11일 23시,금요일,경기도 수원시 권선구 금곡동,중상사고,0,1,0,1,차대차 - 기타,안전운전불이행,건조,맑음,교차로 - 교차로안,이륜,남,32세,부상신고,이륜,남,56세,중상
2023081200100007,2023년 8월 12일 00시,토요일,경기도 수원시 팔달구 화서동,경상사고,0,0,1,0,차대차 - 추돌,안전거리미확보,건조,맑음,단일로 - 기타,승용,남,20세,상해없음,승용,남,27세,경상
2023081200100022,2023년 8월 12일 01시,토요일,경기도 수원시 팔달구 인계동,경상사고,0,0,1,0,차대차 - 기타,안전운전불이행,건조,맑음,단일로 - 기타,승용,남,34세,상해없음,승용,여,41세,경상
2023081200100052,2023년 8월 12일 05시,토요일,경기도 수원시 권선구 권선동,중상사고,0,2,1,0,차대차 - 정면충돌,안전운전불이행,건조,맑음,교차로 - 교차로부근,승합,남,59세,상해없음,승용,남,40세,중상
2023081200100189,2023년 8월 12일 12시,토요일,경기도 수원시 영통구 이의동,중상사고,0,1,0,0,차대차 - 기타,안전운전불이행,건조,맑음,교차로 - 교차로안,이륜,남,26세,상해없음,이륜,남,42세,중상
2023081200100195,2023년 8월 12일 12시,토요일,경기도 수원시 권선구 세류동,경상사고,0,0,1,0,차대차 - 측면충돌,신호위반,건조,맑음,교차로 - 교차로안,승용,남,25세,상해없음,승용,남,29세,경상
2023081200100294,2023년 8월 12일 15시,토요일,경기도 수원시 권선구 구운동,경상사고,0,0,4,0,차대차 - 측면충돌,안전운전불이행,건조,맑음,교차로 - 교차로안,승용,여,31세,상해없음,승합,남,67세,경상
2023081200100366,2023년 8월 12일 17시,토요일,경기도 수원시 장안구 정자동,경상사고,0,0,1,0,차대사람 - 기타,안전운전불이행,건조,맑음,기타 - 기타,개인형이동수단(PM),여,12세,상해없음,보행자,남,3세,경상
2023081200100367,2023년 8월 12일 17시,토요일,경기도 수원시 팔달구 화서동,중상사고,0,1,0,0,차대사람 - 보도통행중,기타,건조,맑음,기타 - 기타,개인형이동수단(PM),남,21세,상해없음,보행자,여,32세,중상
2023081200100368,2023년 8월 12일 17시,토요일,경기도 수원시 권선구 금곡동,경상사고,0,0,2,0,차대차 - 추돌,안전운전불이행,건조,맑음,단일로 - 기타,승용,남,56세,상해없음,승용,남,35세,경상
2023081200100369,2023년 8월 12일 17시,토요일,경기도 수원시 권선구 당수동,경상사고,0,0,1,1,차대차 - 기타,직진우회전진행방해,건조,맑음,교차로 - 교차로안,승용,남,31세,경상,화물,남,54세,부상신고
2023081200100432,2023년 8월 12일 19시,토요일,경기도 수원시 영통구 신동,경상사고,0,0,2,0,차대차 - 기타,안전운전불이행,건조,맑음,단일로 - 기타,승용,남,60세,상해없음,승용,남,62세,경상
2023081200100433,2023년 8월 12일 19시,토요일,경기도 수원시 권선구 호매실동,경상사고,0,0,1,0,차대사람 - 횡단중,보행자보호의무위반,건조,맑음,교차로 - 교차로횡단보도내,기타불명,기타불명,미분류,기타불명,보행자,남,30세,경상
2023081200100451,2023년 8월 12일 20시,토요일,경기도 수원시 권선구 서둔동,경상사고,0,0,4,1,차대차 - 측면충돌,안전운전불이행,건조,맑음,교차로 - 교차로부근,승용,남,28세,경상,승용,남,62세,경상
2023081200100471,2023년 8월 12일 21시,토요일,경기도 수원시 장안구 조원동,경상사고,0,0,1,1,차대차 - 기타,신호위반,건조,맑음,교차로 - 교차로안,승용,남,72세,기타불명,이륜,남,39세,경상
2023081300100006,2023년 8월 13일 00시,일요일,경기도 수원시 권선구 서둔동,경상사고,0,0,3,0,차대차 - 측면충돌,신호위반,건조,맑음,교차로 - 교차로안,승용,남,35세,상해없음,승용,남,62세,경상
2023081300100050,2023년 8월 13일 06시,일요일,경기도 수원시 권선구 세류동,경상사고,0,0,2,0,차대차 - 측면충돌,안전운전불이행,건조,맑음,교차로 - 교차로안,승용,여,42세,상해없음,승용,남,65세,경상
2023081300100054,2023년 8월 13일 07시,일요일,경기도 수원시 장안구 파장동,경상사고,0,0,1,0,차대차 - 측면충돌,안전거리미확보,건조,맑음,단일로 - 기타,승용,남,80세,상해없음,화물,남,74세,경상
2023081300100119,2023년 8월 13일 11시,일요일,경기도 수원시 팔달구 인계동,경상사고,0,0,1,0,차대차 - 기타,신호위반,건조,맑음,교차로 - 교차로부근,승용,여,65세,상해없음,승용,남,65세,경상