사고번호,사고일시,요일,시군구,사고내용,사망자수,중상자수,경상자수,부상신고자수,사고유형,법규위반,노면상태,기상상태,도로형태,가해운전자 차종,가해운전자 성별,가해운전자 연령,가해운전자 상해정도,피해운전자 차종,피해운전자 성별,피해운전자 연령,피해운전자 상해정도
2023082900100361,2023년 8월 29일 16시,화요일,경기도 수원시 영통구 망포동,경상사고,0,0,1,0,차대차 - 추돌,안전거리미확보,젖음/습기,비,단일로 - 지하차도(도로)내,승용,여,53세,상해없음,승용,여,51세,경상
2023082900100362,2023년 8월 29일 16시,화요일,경기도 수원시 영통구 이의동,경상사고,0,0,1,0,차대차 - 추돌,안전운전불이행,건조,맑음,단일로 - 기타,승합,남,31세,상해없음,승합,남,58세,경상
2023082900100445,2023년 8월 29일 18시,화요일,경기도 수원시 팔달구 인계동,중상사고,0,1,0,0,차대차 - 측면충돌,안전운전불이행,젖음/습기,맑음,기타 - 기타,승용,남,60세,상해없음,이륜,남,60세,중상
2023082900100498,2023년 8월 29일 19시,화요일,경기도 수원시 팔달구 지동,경상사고,0,0,1,0,차대사람 - 횡단중,안전운전불이행,젖음/습기,비,기타 - 기타,이륜,남,37세,상해없음,보행자,여,69세,경상
2023082900100570,2023년 8월 29일 22시,화요일,경기도 수원시 장안구 영화동,경상사고,0,0,2,1,차대차 - 측면충돌,안전운전불이행,건조,맑음,교차로 - 교차로안,승용,여,60세,경상,승용,여,37세,부상신고
2023083000100007,2023년 8월 30일 00시,수요일,경기도 수원시 권선구 고색동,중상사고,0,1,0,0,차량단독 - 기타,안전운전불이행,젖음/습기,맑음,단일로 - 기타,개인형이동수단(PM),남,36세,중상,,,,
2023083000100021,2023년 8월 30일 01시,수요일,경기도 수원시 팔달구 인계동,경상사고,0,0,1,0,차대사람 - 기타,안전운전불이행,건조,맑음,기타 - 기타,승용,남,25세,상해없음,보행자,남,30세,경상
2023083000100098,2023년 8월 30일 08시,수요일,경기도 수원시 장안구 파장동,경상사고,0,0,1,0,차대차 - 추돌,안전운전불이행,건조,맑음,단일로 - 기타,승용,남,27세,상해없음,화물,남,73세,경상
2023083000100103,2023년 8월 30일 08시,수요일,경기도 수원시 권선구 권선동,경상사고,0,0,1,0,차대차 - 기타,안전운전불이행,건조,맑음,단일로 - 기타,화물,남,25세,상해없음,승용,남,56세,경상
2023083000100171,2023년 8월 30일 10시,수요일,경기도 수원시 영통구 매탄동,경상사고,0,0,1,0,차대차 - 기타,안전운전불이행,건조,맑음,기타 - 기타,화물,남,55세,상해없음,이륜,남,40세,경상
2023083000100172,2023년 8월 30일 10시,수요일,경기도 수원시 권선구 세류동,중상사고,0,1,0,0,차대차 - 추돌,안전운전불이행,건조,맑음,교차로 - 교차로안,승용,남,27세,상해없음,승용,여,44세,중상
2023083000100231,2023년 8월 30일 12시,수요일,경기도 수원시 팔달구 인계동,경상사고,0,0,1,0,차대차 - 측면충돌,안전운전불이행,젖음/습기,비,단일로 - 지하차도(도로)내,승용,남,33세,상해없음,승용,남,31세,경상
2023083000100262,2023년 8월 30일 13시,수요일,경기도 수원시 영통구 매탄동,경상사고,0,0,1,0,차량단독 - 기타,안전운전불이행,젖음/습기,비,교차로 - 교차로부근,승합,남,55세,상해없음,,,,
2023083000100296,2023년 8월 30일 14시,수요일,경기도 수원시 장안구 율전동,중상사고,0,3,0,0,차대차 - 기타,안전운전불이행,건조,맑음,단일로 - 기타,화물,남,62세,상해없음,승용,남,66세,중상
2023083000100326,2023년 8월 30일 15시,수요일,경기도 수원시 팔달구 우만동,경상사고,0,0,1,0,차대차 - 기타,불법유턴,건조,맑음,단일로 - 기타,승용,남,61세,상해없음,승용,남,33세,상해없음
2023083000100445,2023년 8월 30일 18시,수요일,경기도 수원시 영통구 영통동,경상사고,0,0,3,0,차대차 - 측면충돌,안전거리미확보,건조,맑음,단일로 - 기타,승용,남,51세,상해없음,승용,남,46세,경상
2023083000100477,2023년 8월 30일 19시,수요일,경기도 수원시 장안구 영화동,부상신고사고,0,0,0,1,차대차 - 기타,교차로운행방법위반,건조,맑음,교차로 - 교차로안,이륜,남,29세,부상신고,자전거,여,59세,상해없음
2023083000100478,2023년 8월 30일 19시,수요일,경기도 수원시 장안구 정자동,경상사고,0,0,1,0,차대차 - 측면충돌,안전거리미확보,젖음/습기,비,단일로 - 기타,자전거,남,16세,경상,승용,남,33세,상해없음
2023083000100524,2023년 8월 30일 20시,수요일,경기도 수원시 팔달구 매산로2가,중상사고,0,1,1,0,차대차 - 측면충돌,중앙선침범,젖음/습기,흐림,교차로 - 교차로부근,이륜,남,30세,중상,이륜,남,28세,경상
2023083000100552,2023년 8월 30일 21시,수요일,경기도 수원시 영통구 영통동,경상사고,0,0,1,0,차대사람 - 횡단중,안전운전불이행,건조,맑음,교차로 - 교차로안,승용,남,60세,상해없음,보행자,남,42세,경상
2023083100100028,2023년 8월 31일 03시,목요일,경기도 수원시 팔달구 인계동,경상사고,0,0,3,0,차대차 - 측면충돌,신호위반,건조,맑음,교차로 - 교차로안,승용,여,37세,상해없음,승용,남,48세,경상
2023083100100070,2023년 8월 31일 07시,목요일,경기도 수원시 팔달구 매향동,경상사고,0,0,3,0,차대차 - 추돌,안전운전불이행,건조,맑음,단일로 - 기타,승용,여,57세,상해없음,승용,남,50세,경상
2023083100100109,2023년 8월 31일 08시,목요일,경기도 수원시 영통구 영통동,경상사고,0,0,1,0,차대차 - 측면충돌,안전거리미확보,건조,맑음,단일로 - 기타,화물,남,38세,상해없음,승용,여,46세,경상
2023083100100113,2023년 8월 31일 08시,목요일,경기도 수원시 권선구 입북동,중상사고,0,1,1,0,차대차 - 추돌,안전거리미확보,건조,맑음,단일로 - 기타,화물,남,42세,상해없음,승용,남,62세,경상
2023083100100146,2023년 8월 31일 09시,목요일,경기도 수원시 장안구 천천동,중상사고,0,1,0,0,차대차 - 추돌,안전운전불이행,건조,맑음,교차로 - 교차로안,승용,남,28세,상해없음,승용,여,46세,중상
2023083100100147,2023년 8월 31일 09시,목요일,경기도 수원시 팔달구 팔달로3가,중상사고,0,1,0,0,차대사람 - 횡단중,신호위반,건조,맑음,교차로 - 교차로횡단보도내,승용,여,35세,상해없음,보행자,여,62세,중상
2023083100100180,2023년 8월 31일 10시,목요일,경기도 수원시 팔달구 우만동,경상사고,0,0,1,0,차량단독 - 전도전복 - 전도,안전운전불이행,건조,맑음,단일로 - 고가도로위,이륜,남,35세,경상,,,,
2023083100100185,2023년 8월 31일 10시,목요일,경기도 수원시 영통구 영통동,경상사고,0,0,6,0,차대차 - 기타,기타,건조,맑음,단일로 - 기타,승합,남,55세,상해없음,승용,남,29세,경상
2023083100100288,2023년 8월 31일 14시,목요일,경기도 수원시 영통구 원천동,경상사고,0,0,3,0,차대차 - 측면충돌,교차로운행방법위반,건조,맑음,교차로 - 교차로안,승용,여,43세,경상,승용,남,25세,경상
2023083100100289,2023년 8월 31일 14시,목요일,경기도 수원시 권선구 호매실동,경상사고,0,0,1,0,차대차 - 기타,안전운전불이행,건조,맑음,단일로 - 기타,승용,여,53세,상해없음,자전거,여,43세,경상
2023083100100419,2023년 8월 31일 17시,목요일,경기도 수원시 권선구 고색동,경상사고,0,0,1,0,차대차 - 추돌,안전운전불이행,건조,맑음,단일로 - 기타,기타불명,기타불명,미분류,기타불명,자전거,남,65세,경상
2023083100100420,2023년 8월 31일 17시,목요일,경기도 수원시 권선구 탑동,경상사고,0,0,2,0,차대차 - 추돌,안전거리미확보,건조,맑음,단일로 - 지하차도(도로)내,화물,남,52세,상해없음,승용,여,34세,경상
2023083100100457,2023년 8월 31일 18시,목요일,경기도 수원시 장안구 파장동,중상사고,0,1,1,0,차대차 - 측면충돌,직진우회전진행방해,건조,맑음,교차로 - 교차로안,승용,남,35세,상해없음,이륜,남,42세,중상
2023083100100504,2023년 8월 31일 19시,목요일,경기도 수원시 팔달구 매교동,중상사고,0,2,0,1,차대차 - 추돌,중앙선침범,건조,맑음,교차로 - 교차로안,이륜,남,60세,부상신고,승용,여,46세,중상
2023083100100627,2023년 8월 31일 23시,목요일,경기도 수원시 영통구 원천동,경상사고,0,0,1,0,차대차 - 측면충돌,안전운전불이행,건조,맑음,교차로 - 교차로부근,승용,남,72세,상해없음,개인형이동수단(PM),남,38세,경상
2023083100100628,2023년 8월 31일 23시,목요일,경기도 수원시 권선구 권선동,경상사고,0,0,1,0,차대사람 - 기타,안전운전불이행,건조,맑음,단일로 - 기타,승용,남,75세,상해없음,보행자,남,53세,경상
2023090100100023,2023년 9월 1일 01시,금요일,경기도 수원시 권선구 당수동,중상사고,0,1,0,0,차대차 - 기타,기타,건조,맑음,기타 - 기타,승용,남,26세,상해없음,개인형이동수단(PM),남,22세,중상
2023090100100114,2023년 9월 1일 08시,금요일,경기도 수원시 팔달구 우만동,경상사고,0,0,1,0,차대차 - 측면충돌,안전운전불이행,건조,맑음,단일로 - 기타,승용,여,51세,상해없음,승용,여,26세,경상
2023090100100127,2023년 9월 1일 08시,금요일,경기도 수원시 팔달구 매산로2가,경상사고,0,0,2,0,차대차 - 측면충돌,신호위반,건조,맑음,단일로 - 기타,승용,남,62세,상해없음,승용,여,47세,경상
2023090100100226,2023년 9월 1일 11시,금요일,경기도 수원시 장안구 송죽동,부상신고사고,0,0,0,1,차량단독 - 기타,안전운전불이행,건조,맑음,교차로 - 교차로안,승합,남,65세,상해없음,,,,
2023090100100337,2023년 9월 1일 14시,금요일,경기도 수원시 장안구 정자동,경상사고,0,0,1,0,차대차 - 측면충돌,안전운전불이행,건조,맑음,교차로 - 교차로부근,화물,남,41세,상해없음,승용,여,42세,경상
2023090100100345,2023년 9월 1일 14시,금요일,경기도 수원시 팔달구 인계동,경상사고,0,0,1,0,차량단독 - 공작물충돌,안전운전불이행,건조,맑음,단일로 - 지하차도(도로)내,승용,여,67세,경상,,,,
2023090100100426,2023년 9월 1일 16시,금요일,경기도 수원시 팔달구 화서동,사망사고,1,0,0,0,차대차 - 정면충돌,교차로운행방법위반,건조,맑음,교차로 - 교차로안,승용,여,24세,상해없음,이륜,남,33세,사망
2023090100100427,2023년 9월 1일 16시,금요일,경기도 수원시 장안구 정자동,중상사고,0,1,0,0,차대차 - 측면충돌,안전거리미확보,건조,맑음,교차로 - 교차로부근,승용,여,38세,상해없음,승용,여,63세,중상
2023090100100431,2023년 9월 1일 16시,금요일,경기도 수원시 권선구 권선동,경상사고,0,0,1,0,차대차 - 측면충돌,기타,건조,맑음,교차로 - 교차로횡단보도내,승용,여,52세,기타불명,기타불명,여,11세,경상
2023090100100471,2023년 9월 1일 17시,금요일,경기도 수원시 팔달구 지동,경상사고,0,0,1,0,차대사람 - 기타,안전운전불이행,건조,맑음,단일로 - 기타,승용,남,60세,상해없음,보행자,남,8세,경상
2023090100100481,2023년 9월 1일 17시,금요일,경기도 수원시 팔달구 인계동,경상사고,0,0,2,0,차대차 - 추돌,안전운전불이행,건조,맑음,단일로 - 기타,승용,남,68세,상해없음,승용,남,23세,경상
2023090100100484,2023년 9월 1일 17시,금요일,경기도 수원시 권선구 구운동,경상사고,0,0,1,0,차대차 - 측면충돌,안전운전불이행,건조,맑음,단일로 - 기타,승용,남,30세,상해없음,이륜,남,38세,경상
2023090100100485,2023년 9월 1일 17시,금요일,경기도 수원시 권선구 구운동,경상사고,0,0,1,0,차대차 - 추돌,안전운전불이행,건조,맑음,단일로 - 기타,개인형이동수단(PM),남,22세,상해없음,승용,여,50세,경상
2023090100100541,2023년 9월 1일 18시,금요일,경기도 수원시 영통구 영통동,중상사고,0,1,0,0,차대사람 - 보도통행중,기타,건조,맑음,단일로 - 기타,개인형이동수단(PM),남,19세,상해없음,보행자,여,32세,중상
2023090100100546,2023년 9월 1일 18시,금요일,경기도 수원시 권선구 오목천동,경상사고,0,0,2,0,차대차 - 추돌,안전운전불이행,건조,맑음,단일로 - 기타,승합,기타불명,미분류,기타불명,승용,남,29세,경상
2023090100100652,2023년 9월 1일 20시,금요일,경기도 수원시 팔달구 매산로2가,경상사고,0,0,1,0,차대차 - 추돌,안전운전불이행,건조,맑음,단일로 - 기타,승용,남,20세,상해없음,승용,남,56세,경상
2023090100100721,2023년 9월 1일 23시,금요일,경기도 수원시 팔달구 지동,경상사고,0,0,1,0,차대차 - 추돌,안전운전불이행,건조,맑음,단일로 - 기타,이륜,남,25세,상해없음,자전거,남,29세,경상
2023090200100007,2023년 9월 2일 00시,토요일,경기도 수원시 권선구 권선동,경상사고,0,0,2,0,차대차 - 측면충돌,신호위반,건조,맑음,교차로 - 교차로안,승용,남,47세,상해없음,승용,남,44세,경상
2023090200100135,2023년 9월 2일 10시,토요일,경기도 수원시 영통구 매탄동,중상사고,0,1,0,0,차대사람 - 기타,안전운전불이행,건조,맑음,단일로 - 기타,자전거,남,59세,상해없음,보행자,여,69세,중상
2023090200100186,2023년 9월 2일 11시,토요일,경기도 수원시 장안구 영화동,중상사고,0,1,1,0,차대차 - 기타,안전운전불이행,건조,맑음,단일로 - 기타,승용,남,66세,상해없음,승용,남,65세,경상
2023090200100245,2023년 9월 2일 12시,토요일,경기도 수원시 권선구 권선동,경상사고,0,0,1,0,차대차 - 측면충돌,안전거리미확보,건조,맑음,단일로 - 지하차도(도로)내,승용,남,66세,상해없음,승용,남,43세,경상
2023090200100295,2023년 9월 2일 13시,토요일,경기도 수원시 영통구 매탄동,경상사고,0,0,1,0,차대차 - 기타,기타,건조,맑음,기타 - 기타,승용,남,66세,상해없음,이륜,남,44세,경상
2023090200100297,2023년 9월 2일 13시,토요일,경기도 수원시 팔달구 매산로2가,경상사고,0,0,1,0,차대차 - 기타,안전거리미확보,건조,맑음,교차로 - 교차로부근,승용,남,70세,상해없음,승용,남,34세,경상
2023090200100378,2023년 9월 2일 15시,토요일,경기도 수원시 영통구 매탄동,경상사고,0,0,4,0,차대차 - 측면충돌,안전운전불이행,건조,맑음,교차로 - 교차로부근,승합,남,58세,상해없음,승용,여,37세,경상
2023090200100408,2023년 9월 2일 16시,토요일,경기도 수원시 권선구 세류동,경상사고,0,0,1,0,차대차 - 측면충돌,안전운전불이행,건조,맑음,교차로 - 교차로부근,승용,남,51세,상해없음,승용,여,27세,경상
2023090200100410,2023년 9월 2일 16시,토요일,경기도 수원시 영통구 이의동,경상사고,0,0,3,0,차대차 - 측면충돌,안전거리미확보,건조,맑음,단일로 - 기타,승합,남,67세,상해없음,화물,여,47세,경상
2023090200100436,2023년 9월 2일 17시,토요일,경기도 수원시 영통구 하동,경상사고,0,0,3,0,차대차 - 후진중충돌,안전운전불이행,건조,맑음,교차로 - 교차로안,승용,남,62세,상해없음,승용,남,44세,경상
2023090200100439,2023년 9월 2일 17시,토요일,경기도 수원시 권선구 당수동,경상사고,0,0,1,0,차대사람 - 기타,안전운전불이행,건조,맑음,단일로 - 기타,화물,남,66세,상해없음,보행자,남,59세,경상
2023090200100483,2023년 9월 2일 18시,토요일,경기도 수원시 권선구 구운동,경상사고,0,0,6,2,차대차 - 측면충돌,안전거리미확보,건조,맑음,단일로 - 기타,승용,남,85세,상해없음,승합,남,60세,부상신고
2023090200100511,2023년 9월 2일 19시,토요일,경기도 수원시 장안구 정자동,경상사고,0,0,1,0,차대차 - 기타,안전운전불이행,건조,맑음,교차로 - 교차로안,승용,남,27세,상해없음,이륜,남,32세,경상
2023090300100026,2023년 9월 3일 03시,일요일,경기도 수원시 팔달구 매교동,경상사고,0,0,1,0,차대차 - 추돌,안전운전불이행,젖음/습기,비,교차로 - 교차로부근,승용,남,29세,상해없음,승용,남,43세,경상
2023090300100040,2023년 9월 3일 05시,일요일,경기도 수원시 권선구 세류동,경상사고,0,0,1,0,차대차 - 기타,안전운전불이행,건조,맑음,교차로 - 교차로횡단보도내,승용,남,56세,상해없음,자전거,남,60세,경상
2023090300100050,2023년 9월 3일 06시,일요일,경기도 수원시 권선구 권선동,경상사고,0,0,1,0,차대차 - 추돌,안전운전불이행,건조,맑음,기타 - 기타,승용,남,23세,상해없음,승용,남,24세,경상
2023090300100087,2023년 9월 3일 10시,일요일,경기도 수원시 장안구 영화동,경상사고,0,0,1,0,차대차 - 측면충돌,직진우회전진행방해,건조,맑음,교차로 - 교차로안,이륜,남,55세,경상,승용,남,74세,상해없음
2023090300100113,2023년 9월 3일 11시,일요일,경기도 수원시 장안구 연무동,경상사고,0,0,1,0,차대차 - 후진중충돌,안전운전불이행,건조,맑음,단일로 - 기타,승용,남,48세,상해없음,승용,여,35세,경상
2023090300100114,2023년 9월 3일 11시,일요일,경기도 수원시 장안구 영화동,경상사고,0,0,1,0,차대차 - 측면충돌,직진우회전진행방해,건조,맑음,교차로 - 교차로안,승용,남,63세,상해없음,승용,여,37세,경상
2023090300100156,2023년 9월 3일 13시,일요일,경기도 수원시 장안구 조원동,경상사고,0,0,1,0,차대차 - 기타,안전운전불이행,건조,맑음,교차로 - 교차로부근,자전거,남,57세,경상,승용,여,41세,상해없음
2023090300100190,2023년 9월 3일 14시,일요일,경기도 수원시 영통구 영통동,경상사고,0,0,2,0,차대차 - 추돌,교차로운행방법위반,건조,맑음,교차로 - 교차로안,승용,여,54세,상해없음,승용,남,36세,경상
2023090300100191,2023년 9월 3일 14시,일요일,경기도 수원시 권선구 호매실동,중상사고,0,2,0,0,차대차 - 추돌,안전운전불이행,건조,맑음,단일로 - 지하차도(도로)내,화물,남,31세,상해없음,승용,남,27세,중상
2023090300100208,2023년 9월 3일 15시,일요일,경기도 수원시 영통구 매탄동,중상사고,0,1,0,0,차대차 - 기타,안전운전불이행,건조,맑음,교차로 - 교차로안,승용,남,61세,상해없음,이륜,남,38세,중상
2023090300100236,2023년 9월 3일 16시,일요일,경기도 수원시 장안구 정자동,경상사고,0,0,1,0,차대차 - 기타,신호위반,건조,맑음,교차로 - 교차로횡단보도내,승용,남,63세,상해없음,자전거,남,7세,경상
2023090300100241,2023년 9월 3일 16시,일요일,경기도 수원시 영통구 하동,경상사고,0,0,1,0,차대차 - 측면충돌,안전거리미확보,건조,흐림,단일로 - 지하차도(도로)내,자전거,남,49세,경상,승용,여,33세,상해없음
2023090300100243,2023년 9월 3일 16시,일요일,경기도 수원시 권선구 평동,경상사고,0,0,2,0,차대차 - 측면충돌,안전거리미확보,건조,맑음,교차로 - 교차로부근,승용,남,21세,상해없음,승용,여,29세,경상
2023090400100036,2023년 9월 4일 06시,월요일,경기도 수원시 장안구 정자동,부상신고사고,0,0,0,1,차량단독 - 전도전복 - 전도,안전운전불이행,젖음/습기,맑음,단일로 - 기타,이륜,남,17세,부상신고,,,,
2023090400100092,2023년 9월 4일 08시,월요일,경기도 수원시 팔달구 화서동,경상사고,0,0,1,0,차대차 - 측면충돌,교차로운행방법위반,건조,맑음,교차로 - 교차로안,승합,남,63세,상해없음,승용,남,49세,상해없음
2023090400100093,2023년 9월 4일 08시,월요일,경기도 수원시 장안구 정자동,경상사고,0,0,1,0,차대차 - 기타,안전운전불이행,건조,맑음,교차로 - 교차로부근,승용,여,32세,상해없음,기타불명,여,79세,경상
2023090400100178,2023년 9월 4일 10시,월요일,경기도 수원시 권선구 세류동,경상사고,0,0,2,0,차대차 - 추돌,안전운전불이행,건조,맑음,단일로 - 기타,승용,남,45세,상해없음,승용,남,49세,경상
2023090400100217,2023년 9월 4일 11시,월요일,경기도 수원시 권선구 호매실동,경상사고,0,0,1,0,차대차 - 추돌,안전운전불이행,건조,맑음,단일로 - 기타,승용,남,71세,기타불명,이륜,남,26세,경상
2023090400100307,2023년 9월 4일 14시,월요일,경기도 수원시 장안구 송죽동,경상사고,0,0,1,0,차대차 - 측면충돌,안전운전불이행,건조,맑음,교차로 - 교차로안,승용,여,56세,상해없음,자전거,여,62세,경상
2023090400100384,2023년 9월 4일 16시,월요일,경기도 수원시 권선구 고색동,경상사고,0,0,1,0,차대사람 - 기타,기타,건조,맑음,기타 - 기타,승합,남,68세,상해없음,보행자,여,44세,경상
2023090400100561,2023년 9월 4일 20시,월요일,경기도 수원시 권선구 호매실동,경상사고,0,0,1,0,차대차 - 기타,신호위반,건조,맑음,교차로 - 교차로안,승용,남,67세,상해없음,승용,남,45세,경상
2023090500100058,2023년 9월 5일 06시,화요일,경기도 수원시 팔달구 우만동,경상사고,0,0,1,0,차대차 - 기타,안전운전불이행,건조,맑음,교차로 - 교차로부근,승용,여,54세,상해없음,승용,남,57세,경상
2023090500100086,2023년 9월 5일 07시,화요일,경기도 수원시 권선구 금곡동,경상사고,0,0,1,0,차대차 - 추돌,안전거리미확보,건조,맑음,교차로 - 교차로부근,승합,남,54세,기타불명,승용,남,25세,경상
2023090500100118,2023년 9월 5일 08시,화요일,경기도 수원시 영통구 이의동,경상사고,0,0,1,0,차대차 - 측면충돌,안전운전불이행,건조,맑음,교차로 - 교차로부근,승용,남,52세,상해없음,자전거,여,17세,경상
2023090500100160,2023년 9월 5일 09시,화요일,경기도 수원시 장안구 영화동,경상사고,0,0,1,0,차대차 - 기타,안전거리미확보,건조,맑음,교차로 - 교차로부근,승용,여,51세,상해없음,승용,여,31세,경상
2023090500100278,2023년 9월 5일 12시,화요일,경기도 수원시 장안구 이목동,경상사고,0,0,1,0,차대차 - 추돌,안전거리미확보,건조,맑음,단일로 - 기타,승용,남,22세,상해없음,승용,남,63세,경상
2023090500100340,2023년 9월 5일 14시,화요일,경기도 수원시 팔달구 인계동,경상사고,0,0,2,0,차대차 - 측면충돌,안전운전불이행,건조,맑음,단일로 - 기타,승용,여,56세,상해없음,승용,남,74세,경상
2023090500100370,2023년 9월 5일 15시,화요일,경기도 수원시 영통구 망포동,경상사고,0,0,1,0,차대사람 - 횡단중,안전운전불이행,건조,맑음,교차로 - 교차로안,화물,여,46세,상해없음,보행자,여,31세,경상
2023090500100371,2023년 9월 5일 15시,화요일,경기도 수원시 팔달구 매산로1가,경상사고,0,0,1,0,차대차 - 후진중충돌,안전운전불이행,건조,맑음,단일로 - 기타,승용,남,19세,상해없음,이륜,남,33세,경상
2023090500100411,2023년 9월 5일 16시,화요일,경기도 수원시 팔달구 구천동,경상사고,0,0,1,0,차대차 - 기타,안전운전불이행,건조,맑음,단일로 - 기타,승용,남,74세,상해없음,승용,남,51세,경상
2023090500100564,2023년 9월 5일 19시,화요일,경기도 수원시 장안구 조원동,부상신고사고,0,0,0,1,차대차 - 측면충돌,안전운전불이행,젖음/습기,비,단일로 - 기타,개인형이동수단(PM),남,19세,부상신고,이륜,남,35세,상해없음
2023090500100567,2023년 9월 5일 19시,화요일,경기도 수원시 권선구 구운동,부상신고사고,0,0,0,1,차대차 - 기타,기타,건조,맑음,단일로 - 기타,승용,남,57세,상해없음,이륜,남,37세,부상신고
2023090600100031,2023년 9월 6일 05시,수요일,경기도 수원시 권선구 권선동,경상사고,0,0,1,0,차대차 - 측면충돌,안전운전불이행,건조,맑음,교차로 - 교차로부근,승용,남,82세,상해없음,승용,남,48세,경상
2023090600100101,2023년 9월 6일 08시,수요일,경기도 수원시 팔달구 우만동,경상사고,0,0,1,0,차대차 - 측면충돌,안전거리미확보,건조,맑음,단일로 - 기타,화물,남,48세,상해없음,승용,남,28세,경상
2023090600100102,2023년 9월 6일 08시,수요일,경기도 수원시 팔달구 팔달로3가,경상사고,0,0,4,0,차대차 - 기타,교차로운행방법위반,건조,맑음,교차로 - 교차로부근,승합,남,51세,상해없음,승용,여,42세,경상
2023090600100107,2023년 9월 6일 08시,수요일,경기도 수원시 팔달구 인계동,경상사고,0,0,1,0,차대차 - 기타,안전운전불이행,건조,맑음,단일로 - 기타,승용,여,45세,상해없음,승용,여,26세,경상
2023090600100267,2023년 9월 6일 13시,수요일,경기도 수원시 장안구 조원동,경상사고,0,0,1,0,차대사람 - 횡단중,신호위반,건조,맑음,교차로 - 교차로횡단보도내,승용,남,64세,상해없음,보행자,여,36세,경상
2023090600100273,2023년 9월 6일 13시,수요일,경기도 수원시 팔달구 인계동,경상사고,0,0,1,0,차대차 - 측면충돌,안전운전불이행,건조,맑음,단일로 - 지하차도(도로)내,승용,남,62세,상해없음,승용,남,40세,경상
2023090600100335,2023년 9월 6일 15시,수요일,경기도 수원시 장안구 율전동,경상사고,0,0,1,0,차대차 - 정면충돌,안전운전불이행,건조,맑음,교차로 - 교차로안,이륜,남,20세,상해없음,승용,여,43세,경상
2023090600100345,2023년 9월 6일 15시,수요일,경기도 수원시 권선구 고색동,경상사고,0,0,1,0,차대차 - 기타,신호위반,건조,맑음,교차로 - 교차로안,승용,남,34세,상해없음,승용,남,23세,경상
2023090600100435,2023년 9월 6일 17시,수요일,경기도 수원시 영통구 원천동,경상사고,0,0,1,0,차대사람 - 기타,교차로운행방법위반,건조,맑음,교차로 - 교차로안,승용,여,33세,상해없음,보행자,남,68세,경상
2023090600100436,2023년 9월 6일 17시,수요일,경기도 수원시 팔달구 인계동,중상사고,0,1,0,1,차대차 - 추돌,안전운전불이행,건조,맑음,교차로 - 교차로부근,이륜,남,42세,부상신고,승용,남,34세,중상
2023090600100531,2023년 9월 6일 19시,수요일,경기도 수원시 팔달구 매산로1가,경상사고,0,0,1,0,차대사람 - 횡단중,안전운전불이행,건조,흐림,단일로 - 기타,승용,여,52세,상해없음,보행자,남,38세,경상
2023090600100610,2023년 9월 6일 22시,수요일,경기도 수원시 팔달구 매향동,경상사고,0,0,1,0,차대차 - 추돌,안전운전불이행,건조,맑음,교차로 - 교차로부근,승용,남,26세,상해없음,이륜,남,48세,경상
2023090600100627,2023년 9월 6일 23시,수요일,경기도 수원시 장안구 율전동,경상사고,0,0,1,0,차대사람 - 횡단중,안전운전불이행,건조,맑음,단일로 - 기타,화물,여,59세,상해없음,보행자,남,27세,경상
2023090700100020,2023년 9월 7일 02시,목요일,경기도 수원시 장안구 조원동,경상사고,0,0,2,0,차대차 - 추돌,안전운전불이행,건조,맑음,교차로 - 교차로부근,승용,남,29세,상해없음,승용,남,66세,경상
2023090700100026,2023년 9월 7일 03시,목요일,경기도 수원시 팔달구 남수동,경상사고,0,0,3,0,차대차 - 추돌,안전운전불이행,건조,맑음,단일로 - 기타,승용,남,70세,상해없음,승용,남,77세,경상
2023090700100268,2023년 9월 7일 11시,목요일,경기도 수원시 팔달구 지동,중상사고,0,1,0,0,차대사람 - 횡단중,안전운전불이행,건조,맑음,교차로 - 교차로횡단보도내,승합,남,69세,상해없음,보행자,여,74세,중상
2023090700100269,2023년 9월 7일 11시,목요일,경기도 수원시 팔달구 중동,경상사고,0,0,1,0,차대사람 - 보도통행중,보행자보호의무위반,건조,맑음,교차로 - 교차로횡단보도내,승용,남,78세,상해없음,보행자,여,22세,경상
2023090700100301,2023년 9월 7일 12시,목요일,경기도 수원시 권선구 세류동,중상사고,0,2,0,0,차대사람 - 횡단중,신호위반,건조,맑음,단일로 - 기타,승용,남,70세,상해없음,보행자,여,42세,중상
2023090700100333,2023년 9월 7일 13시,목요일,경기도 수원시 장안구 파장동,경상사고,0,0,1,0,차대사람 - 횡단중,보행자보호의무위반,건조,맑음,교차로 - 교차로횡단보도내,승용,여,60세,상해없음,보행자,남,44세,경상
2023090700100414,2023년 9월 7일 15시,목요일,경기도 수원시 권선구 곡반정동,중상사고,0,1,0,0,차대차 - 기타,안전운전불이행,건조,맑음,단일로 - 기타,승용,남,62세,상해없음,이륜,남,51세,중상
2023090700100445,2023년 9월 7일 16시,목요일,경기도 수원시 장안구 정자동,경상사고,0,0,1,0,차대사람 - 기타,안전운전불이행,건조,맑음,단일로 - 기타,개인형이동수단(PM),남,17세,상해없음,보행자,여,24세,경상