사고번호,사고일시,요일,시군구,사고내용,사망자수,중상자수,경상자수,부상신고자수,사고유형,법규위반,노면상태,기상상태,도로형태,가해운전자 차종,가해운전자 성별,가해운전자 연령,가해운전자 상해정도,피해운전자 차종,피해운전자 성별,피해운전자 연령,피해운전자 상해정도
2023090700100570,2023년 9월 7일 18시,목요일,경기도 수원시 권선구 대황교동,경상사고,0,0,1,0,차대차 - 기타,안전운전불이행,건조,맑음,단일로 - 기타,승용,남,59세,상해없음,승용,남,57세,경상
2023090700100623,2023년 9월 7일 19시,목요일,경기도 수원시 권선구 세류동,경상사고,0,0,1,0,차대차 - 측면충돌,안전운전불이행,건조,맑음,교차로 - 교차로안,승용,남,43세,상해없음,개인형이동수단(PM),남,50세,경상
2023090700100650,2023년 9월 7일 20시,목요일,경기도 수원시 장안구 율전동,경상사고,0,0,1,0,차대차 - 측면충돌,안전운전불이행,건조,맑음,단일로 - 기타,승용,남,30세,상해없음,개인형이동수단(PM),남,31세,경상
2023090700100703,2023년 9월 7일 22시,목요일,경기도 수원시 팔달구 인계동,경상사고,0,0,1,0,차대차 - 측면충돌,안전운전불이행,건조,맑음,교차로 - 교차로부근,승용,여,44세,상해없음,이륜,남,40세,경상
2023090700100704,2023년 9월 7일 22시,목요일,경기도 수원시 영통구 원천동,경상사고,0,0,1,0,차대차 - 추돌,안전운전불이행,건조,맑음,주차장 - 주차장,개인형이동수단(PM),남,15세,상해없음,자전거,남,8세,경상
2023090700100705,2023년 9월 7일 22시,목요일,경기도 수원시 팔달구 매산로2가,경상사고,0,0,1,0,차대사람 - 기타,안전운전불이행,건조,맑음,단일로 - 기타,이륜,남,32세,상해없음,보행자,여,23세,경상
2023090800100011,2023년 9월 8일 01시,금요일,경기도 수원시 팔달구 매산로2가,경상사고,0,0,2,0,차대차 - 추돌,안전운전불이행,건조,맑음,교차로 - 교차로부근,승용,여,30세,상해없음,승용,남,35세,경상
2023090800100066,2023년 9월 8일 07시,금요일,경기도 수원시 영통구 매탄동,경상사고,0,0,1,0,차대차 - 후진중충돌,안전운전불이행,건조,맑음,기타 - 기타,승용,남,76세,상해없음,승용,여,52세,기타불명
2023090800100068,2023년 9월 8일 07시,금요일,경기도 수원시 영통구 이의동,경상사고,0,0,2,0,차대차 - 측면충돌,안전거리미확보,건조,맑음,단일로 - 기타,승용,남,50세,상해없음,승용,남,34세,경상
2023090800100092,2023년 9월 8일 08시,금요일,경기도 수원시 장안구 영화동,중상사고,0,1,0,0,차대차 - 정면충돌,중앙선침범,건조,맑음,단일로 - 기타,승용,남,33세,상해없음,승용,남,53세,중상
2023090800100181,2023년 9월 8일 10시,금요일,경기도 수원시 팔달구 인계동,경상사고,0,0,1,0,차대차 - 기타,안전운전불이행,건조,맑음,단일로 - 기타,승용,남,56세,상해없음,이륜,남,38세,경상
2023090800100218,2023년 9월 8일 11시,금요일,경기도 수원시 영통구 이의동,중상사고,0,1,0,0,차대차 - 측면충돌,신호위반,건조,맑음,교차로 - 교차로안,승합,남,63세,상해없음,이륜,남,50세,중상
2023090800100292,2023년 9월 8일 13시,금요일,경기도 수원시 팔달구 매산로2가,경상사고,0,0,1,0,차대차 - 기타,안전거리미확보,건조,맑음,단일로 - 기타,승용,여,43세,상해없음,화물,여,63세,경상
2023090800100415,2023년 9월 8일 16시,금요일,경기도 수원시 팔달구 매산로1가,경상사고,0,0,3,0,차대차 - 기타,안전운전불이행,건조,맑음,교차로 - 교차로안,승용,여,41세,상해없음,승용,남,24세,경상
2023090800100471,2023년 9월 8일 17시,금요일,경기도 수원시 팔달구 우만동,경상사고,0,0,1,1,차대차 - 기타,안전운전불이행,건조,맑음,단일로 - 기타,승용,남,60세,상해없음,승용,남,56세,경상
2023090800100557,2023년 9월 8일 18시,금요일,경기도 수원시 권선구 구운동,경상사고,0,0,2,3,차대차 - 측면충돌,안전거리미확보,건조,맑음,교차로 - 교차로안,승용,남,72세,상해없음,승용,여,46세,경상
2023090800100728,2023년 9월 8일 23시,금요일,경기도 수원시 권선구 금곡동,중상사고,0,1,0,0,차대차 - 추돌,안전거리미확보,건조,맑음,단일로 - 기타,승용,남,74세,상해없음,이륜,남,34세,중상
2023090900100049,2023년 9월 9일 04시,토요일,경기도 수원시 권선구 금곡동,경상사고,0,0,1,0,차대차 - 기타,중앙선침범,건조,맑음,단일로 - 기타,화물,남,71세,상해없음,승용,남,69세,경상
2023090900100067,2023년 9월 9일 06시,토요일,경기도 수원시 권선구 당수동,중상사고,0,1,0,0,차대사람 - 기타,안전운전불이행,건조,맑음,교차로 - 교차로안,화물,남,44세,상해없음,보행자,여,76세,중상
2023090900100133,2023년 9월 9일 09시,토요일,경기도 수원시 권선구 호매실동,경상사고,0,0,3,0,차대차 - 추돌,안전운전불이행,건조,맑음,단일로 - 기타,화물,남,33세,상해없음,승용,남,43세,경상
2023090900100254,2023년 9월 9일 12시,토요일,경기도 수원시 팔달구 북수동,중상사고,0,1,0,0,차대차 - 기타,안전운전불이행,건조,맑음,교차로 - 교차로안,승용,여,23세,상해없음,이륜,남,45세,중상
2023090900100310,2023년 9월 9일 13시,토요일,경기도 수원시 권선구 권선동,경상사고,0,0,1,3,차대차 - 측면충돌,교차로운행방법위반,건조,맑음,교차로 - 교차로횡단보도내,승용,남,36세,상해없음,승용,남,37세,경상
2023090900100349,2023년 9월 9일 14시,토요일,경기도 수원시 팔달구 지동,중상사고,0,1,0,0,차대차 - 측면충돌,안전운전불이행,건조,맑음,교차로 - 교차로안,화물,남,27세,상해없음,자전거,남,85세,중상
2023090900100396,2023년 9월 9일 15시,토요일,경기도 수원시 권선구 권선동,중상사고,0,1,0,0,차대차 - 기타,안전운전불이행,건조,맑음,단일로 - 기타,승용,남,52세,상해없음,자전거,남,33세,중상
2023090900100398,2023년 9월 9일 15시,토요일,경기도 수원시 권선구 입북동,경상사고,0,0,1,0,차대차 - 추돌,안전운전불이행,건조,맑음,단일로 - 기타,승용,남,27세,상해없음,승용,여,56세,경상
2023090900100430,2023년 9월 9일 16시,토요일,경기도 수원시 장안구 송죽동,중상사고,0,1,1,0,차대차 - 측면충돌,안전운전불이행,건조,맑음,교차로 - 교차로안,이륜,남,42세,경상,승용,여,53세,중상
2023090900100478,2023년 9월 9일 17시,토요일,경기도 수원시 팔달구 인계동,경상사고,0,0,3,0,차대차 - 측면충돌,교차로운행방법위반,건조,맑음,교차로 - 교차로안,승용,여,63세,상해없음,승용,여,40세,경상
2023090900100565,2023년 9월 9일 19시,토요일,경기도 수원시 영통구 영통동,중상사고,0,1,0,0,차대차 - 측면충돌,교차로운행방법위반,건조,맑음,교차로 - 교차로안,승용,여,30세,상해없음,이륜,남,47세,중상
2023090900100566,2023년 9월 9일 19시,토요일,경기도 수원시 영통구 이의동,경상사고,0,0,1,0,차대차 - 측면충돌,교차로운행방법위반,건조,맑음,교차로 - 교차로안,승용,남,36세,상해없음,승용,여,47세,경상
2023091000100042,2023년 9월 10일 03시,일요일,경기도 수원시 장안구 정자동,중상사고,0,1,0,0,차대사람 - 기타,안전운전불이행,건조,맑음,교차로 - 교차로부근,승용,남,65세,상해없음,보행자,남,61세,중상
2023091000100044,2023년 9월 10일 03시,일요일,경기도 수원시 팔달구 인계동,중상사고,0,1,0,0,차대사람 - 기타,안전운전불이행,건조,맑음,교차로 - 교차로부근,승용,남,42세,상해없음,보행자,남,23세,중상
2023091000100114,2023년 9월 10일 10시,일요일,경기도 수원시 권선구 세류동,경상사고,0,0,1,0,차대차 - 측면충돌,교차로운행방법위반,건조,맑음,교차로 - 교차로안,승용,여,31세,상해없음,승용,여,37세,경상
2023091000100147,2023년 9월 10일 11시,일요일,경기도 수원시 팔달구 매산로1가,경상사고,0,0,1,0,차대차 - 측면충돌,보행자보호의무위반,건조,맑음,교차로 - 교차로횡단보도내,승용,여,55세,상해없음,개인형이동수단(PM),남,75세,경상
2023091000100206,2023년 9월 10일 13시,일요일,경기도 수원시 권선구 권선동,경상사고,0,0,3,0,차대차 - 측면충돌,신호위반,건조,맑음,교차로 - 교차로부근,승용,남,82세,상해없음,승용,남,42세,경상
2023091000100207,2023년 9월 10일 13시,일요일,경기도 수원시 영통구 원천동,경상사고,0,0,1,0,차대차 - 측면충돌,안전운전불이행,건조,맑음,교차로 - 교차로안,승용,여,60세,상해없음,승용,남,53세,경상
2023091000100236,2023년 9월 10일 14시,일요일,경기도 수원시 권선구 구운동,중상사고,0,1,0,0,차대차 - 측면충돌,안전거리미확보,건조,맑음,단일로 - 기타,승용,남,62세,상해없음,이륜,남,72세,중상
2023091000100273,2023년 9월 10일 15시,일요일,경기도 수원시 권선구 고색동,경상사고,0,0,1,0,차대차 - 측면충돌,신호위반,건조,맑음,단일로 - 기타,승용,여,46세,상해없음,자전거,남,57세,경상
2023091000100274,2023년 9월 10일 15시,일요일,경기도 수원시 장안구 파장동,중상사고,0,1,1,0,차대차 - 측면충돌,안전운전불이행,건조,맑음,단일로 - 기타,승용,남,54세,상해없음,승용,남,47세,중상
2023091000100303,2023년 9월 10일 16시,일요일,경기도 수원시 권선구 호매실동,경상사고,0,0,1,0,차대차 - 측면충돌,신호위반,건조,맑음,교차로 - 교차로안,승용,남,66세,상해없음,승용,남,32세,경상
2023091000100337,2023년 9월 10일 17시,일요일,경기도 수원시 장안구 율전동,중상사고,0,1,0,0,차대사람 - 기타,안전운전불이행,건조,맑음,기타 - 기타,승합,남,46세,상해없음,보행자,여,53세,중상
2023091000100369,2023년 9월 10일 18시,일요일,경기도 수원시 팔달구 인계동,중상사고,0,1,0,0,차대차 - 기타,안전운전불이행,건조,맑음,교차로 - 교차로부근,이륜,남,22세,상해없음,이륜,남,53세,중상
2023091000100372,2023년 9월 10일 18시,일요일,경기도 수원시 권선구 구운동,경상사고,0,0,1,0,차대사람 - 기타,안전운전불이행,건조,맑음,단일로 - 기타,승용,남,55세,상해없음,보행자,남,42세,경상
2023091000100425,2023년 9월 10일 20시,일요일,경기도 수원시 권선구 고색동,경상사고,0,0,1,0,차대차 - 측면충돌,안전거리미확보,건조,맑음,단일로 - 기타,승용,여,54세,상해없음,자전거,여,70세,경상
2023091000100448,2023년 9월 10일 21시,일요일,경기도 수원시 권선구 권선동,경상사고,0,0,1,0,차대차 - 측면충돌,신호위반,건조,맑음,교차로 - 교차로안,승용,남,46세,상해없음,이륜,남,25세,경상
2023091000100465,2023년 9월 10일 22시,일요일,경기도 수원시 권선구 권선동,경상사고,0,0,3,1,차대차 - 측면충돌,신호위반,건조,맑음,교차로 - 교차로안,승용,여,23세,상해없음,이륜,남,25세,경상
2023091100100015,2023년 9월 11일 03시,월요일,경기도 수원시 팔달구 지동,경상사고,0,0,1,0,차대차 - 측면충돌,신호위반,건조,맑음,교차로 - 교차로안,승용,남,36세,상해없음,승용,여,58세,경상
2023091100100016,2023년 9월 11일 03시,월요일,경기도 수원시 팔달구 인계동,경상사고,0,0,1,0,차대차 - 기타,안전운전불이행,건조,맑음,단일로 - 기타,이륜,남,22세,상해없음,승용,남,34세,경상
2023091100100026,2023년 9월 11일 04시,월요일,경기도 수원시 팔달구 인계동,중상사고,0,1,1,0,차대차 - 정면충돌,신호위반,건조,맑음,교차로 - 교차로안,승용,남,28세,상해없음,승용,남,47세,경상
2023091100100163,2023년 9월 11일 09시,월요일,경기도 수원시 팔달구 매산로1가,경상사고,0,0,2,0,차대차 - 기타,신호위반,건조,맑음,교차로 - 교차로안,승용,남,52세,상해없음,승용,여,56세,경상
2023091100100284,2023년 9월 11일 12시,월요일,경기도 수원시 장안구 송죽동,경상사고,0,0,1,0,차대차 - 기타,안전운전불이행,건조,맑음,교차로 - 교차로안,승용,여,57세,상해없음,승합,남,52세,경상
2023091100100287,2023년 9월 11일 12시,월요일,경기도 수원시 권선구 세류동,중상사고,0,1,1,0,차대차 - 기타,신호위반,건조,맑음,교차로 - 교차로안,승합,남,26세,상해없음,승용,남,71세,경상
2023091100100327,2023년 9월 11일 13시,월요일,경기도 수원시 팔달구 인계동,경상사고,0,0,2,0,차대차 - 후진중충돌,안전운전불이행,건조,맑음,단일로 - 기타,승용,남,67세,상해없음,승용,남,30세,경상
2023091100100329,2023년 9월 11일 13시,월요일,경기도 수원시 권선구 세류동,중상사고,0,1,0,0,차대사람 - 기타,안전운전불이행,건조,맑음,단일로 - 기타,승용,남,57세,상해없음,보행자,여,91세,중상
2023091100100360,2023년 9월 11일 14시,월요일,경기도 수원시 권선구 권선동,경상사고,0,0,1,0,차대사람 - 기타,안전운전불이행,건조,맑음,단일로 - 기타,승용,남,62세,상해없음,보행자,남,68세,경상
2023091100100462,2023년 9월 11일 17시,월요일,경기도 수원시 팔달구 팔달로1가,경상사고,0,0,1,0,차대차 - 측면충돌,교차로운행방법위반,건조,맑음,교차로 - 교차로부근,승용,남,23세,상해없음,승용,남,54세,상해없음
2023091100100471,2023년 9월 11일 17시,월요일,경기도 수원시 팔달구 매산로2가,경상사고,0,0,1,0,차대차 - 기타,안전운전불이행,건조,맑음,교차로 - 교차로안,승용,남,25세,상해없음,승합,남,57세,상해없음
2023091100100546,2023년 9월 11일 19시,월요일,경기도 수원시 권선구 권선동,부상신고사고,0,0,0,1,차대차 - 정면충돌,안전운전불이행,건조,맑음,교차로 - 교차로횡단보도내,승용,여,52세,상해없음,자전거,남,37세,부상신고
2023091100100547,2023년 9월 11일 19시,월요일,경기도 수원시 권선구 호매실동,경상사고,0,0,1,0,차대차 - 기타,중앙선침범,건조,맑음,단일로 - 기타,승용,남,43세,상해없음,자전거,남,12세,경상
2023091200100046,2023년 9월 12일 06시,화요일,경기도 수원시 팔달구 우만동,중상사고,0,1,0,0,차대차 - 기타,안전운전불이행,건조,맑음,단일로 - 기타,승용,여,25세,상해없음,이륜,남,89세,중상
2023091200100154,2023년 9월 12일 09시,화요일,경기도 수원시 권선구 권선동,경상사고,0,0,1,0,차대차 - 추돌,안전거리미확보,건조,맑음,단일로 - 기타,승용,여,66세,상해없음,승용,남,37세,경상
2023091200100181,2023년 9월 12일 10시,화요일,경기도 수원시 팔달구 화서동,경상사고,0,0,2,0,차대차 - 추돌,안전운전불이행,건조,맑음,교차로 - 교차로안,승용,남,71세,상해없음,승용,남,35세,경상
2023091200100214,2023년 9월 12일 11시,화요일,경기도 수원시 장안구 영화동,경상사고,0,0,1,0,차대사람 - 보도통행중,신호위반,건조,맑음,단일로 - 기타,승용,여,55세,상해없음,보행자,남,58세,경상
2023091200100215,2023년 9월 12일 11시,화요일,경기도 수원시 팔달구 화서동,경상사고,0,0,1,0,차대사람 - 횡단중,안전운전불이행,건조,맑음,교차로 - 교차로안,승합,남,40세,상해없음,보행자,남,72세,경상
2023091200100216,2023년 9월 12일 11시,화요일,경기도 수원시 장안구 영화동,경상사고,0,0,1,0,차대차 - 정면충돌,교차로운행방법위반,건조,맑음,교차로 - 교차로안,승용,남,53세,상해없음,승용,여,43세,경상
2023091200100221,2023년 9월 12일 11시,화요일,경기도 수원시 권선구 세류동,경상사고,0,0,1,0,차대차 - 추돌,안전운전불이행,건조,맑음,단일로 - 기타,화물,남,50세,상해없음,승용,남,79세,경상
2023091200100226,2023년 9월 12일 11시,화요일,경기도 수원시 권선구 호매실동,경상사고,0,0,4,0,차대차 - 측면충돌,교차로운행방법위반,건조,맑음,교차로 - 교차로안,승용,남,70세,경상,승용,남,43세,경상
2023091200100292,2023년 9월 12일 13시,화요일,경기도 수원시 권선구 권선동,경상사고,0,0,1,0,차대사람 - 횡단중,안전운전불이행,건조,맑음,단일로 - 기타,화물,남,43세,상해없음,보행자,여,34세,경상
2023091200100397,2023년 9월 12일 16시,화요일,경기도 수원시 권선구 권선동,경상사고,0,0,2,0,차대차 - 기타,신호위반,건조,맑음,교차로 - 교차로부근,승용,남,23세,경상,승용,여,36세,경상
2023091200100442,2023년 9월 12일 17시,화요일,경기도 수원시 장안구 연무동,경상사고,0,0,1,0,차대사람 - 길가장자리구역통행중,안전운전불이행,건조,맑음,단일로 - 기타,승용,남,43세,상해없음,보행자,여,74세,경상
2023091200100449,2023년 9월 12일 17시,화요일,경기도 수원시 권선구 권선동,경상사고,0,0,1,0,차대차 - 측면충돌,안전거리미확보,건조,맑음,단일로 - 기타,승용,여,27세,상해없음,승용,여,46세,경상
2023091200100451,2023년 9월 12일 17시,화요일,경기도 수원시 권선구 고색동,경상사고,0,0,1,0,차대차 - 추돌,안전운전불이행,건조,맑음,단일로 - 기타,승합,남,58세,상해없음,승용,남,45세,경상
2023091200100537,2023년 9월 12일 19시,화요일,경기도 수원시 권선구 구운동,경상사고,0,0,1,0,차대차 - 추돌,안전운전불이행,건조,맑음,단일로 - 기타,승용,남,31세,상해없음,승용,남,48세,경상
2023091200100538,2023년 9월 12일 19시,화요일,경기도 수원시 권선구 당수동,경상사고,0,0,1,0,차대차 - 기타,직진우회전진행방해,건조,맑음,교차로 - 교차로안,승용,남,48세,상해없음,승용,남,48세,경상
2023091200100539,2023년 9월 12일 19시,화요일,경기도 수원시 권선구 서둔동,경상사고,0,0,1,0,차대사람 - 기타,안전운전불이행,건조,맑음,단일로 - 기타,승용,여,46세,상해없음,보행자,여,56세,경상
2023091200100578,2023년 9월 12일 20시,화요일,경기도 수원시 영통구 원천동,경상사고,0,0,1,0,차대차 - 기타,안전운전불이행,건조,맑음,단일로 - 기타,승용,남,31세,상해없음,이륜,남,62세,경상
2023091200100648,2023년 9월 12일 23시,화요일,경기도 수원시 권선구 탑동,경상사고,0,0,1,1,차대차 - 추돌,안전운전불이행,건조,맑음,교차로 - 교차로안,승용,남,29세,상해없음,승용,여,60세,경상
2023091300100075,2023년 9월 13일 07시,수요일,경기도 수원시 권선구 세류동,경상사고,0,0,1,0,차대차 - 측면충돌,안전운전불이행,건조,맑음,교차로 - 교차로부근,승용,남,67세,상해없음,승용,남,49세,경상
2023091300100106,2023년 9월 13일 08시,수요일,경기도 수원시 장안구 파장동,경상사고,0,0,1,0,차대차 - 추돌,안전운전불이행,건조,맑음,단일로 - 기타,승합,남,61세,상해없음,승용,여,48세,경상
2023091300100107,2023년 9월 13일 08시,수요일,경기도 수원시 팔달구 화서동,경상사고,0,0,1,0,차대차 - 측면충돌,안전운전불이행,건조,맑음,단일로 - 기타,승용,여,47세,상해없음,승용,여,45세,경상
2023091300100115,2023년 9월 13일 08시,수요일,경기도 수원시 영통구 이의동,경상사고,0,0,1,0,차량단독 - 기타,안전운전불이행,건조,맑음,단일로 - 기타,승합,남,54세,상해없음,,,,
2023091300100154,2023년 9월 13일 09시,수요일,경기도 수원시 영통구 원천동,경상사고,0,0,1,0,차대차 - 추돌,안전거리미확보,젖음/습기,비,단일로 - 지하차도(도로)내,승용,여,39세,상해없음,승용,남,32세,경상
2023091300100317,2023년 9월 13일 14시,수요일,경기도 수원시 권선구 세류동,경상사고,0,0,1,0,차대차 - 기타,안전운전불이행,젖음/습기,비,단일로 - 기타,승용,남,56세,상해없음,자전거,남,54세,경상
2023091300100351,2023년 9월 13일 15시,수요일,경기도 수원시 장안구 파장동,경상사고,0,0,1,0,차대사람 - 기타,기타,젖음/습기,비,단일로 - 기타,화물,남,43세,상해없음,보행자,여,34세,경상
2023091300100484,2023년 9월 13일 18시,수요일,경기도 수원시 장안구 율전동,경상사고,0,0,1,0,차대차 - 측면충돌,안전운전불이행,젖음/습기,비,교차로 - 교차로부근,승용,남,24세,상해없음,승용,남,52세,경상
2023091300100493,2023년 9월 13일 18시,수요일,경기도 수원시 권선구 세류동,중상사고,0,1,0,0,차대사람 - 기타,안전운전불이행,젖음/습기,비,단일로 - 기타,승용,남,25세,상해없음,보행자,남,76세,중상
2023091300100549,2023년 9월 13일 19시,수요일,경기도 수원시 장안구 율전동,경상사고,0,0,2,0,차대차 - 기타,안전운전불이행,젖음/습기,비,단일로 - 기타,승합,남,48세,상해없음,승용,남,29세,경상
2023091300100557,2023년 9월 13일 19시,수요일,경기도 수원시 팔달구 인계동,경상사고,0,0,1,0,차대사람 - 기타,안전운전불이행,젖음/습기,비,교차로 - 교차로안,이륜,남,63세,상해없음,보행자,남,55세,경상
2023091300100607,2023년 9월 13일 20시,수요일,경기도 수원시 영통구 영통동,중상사고,0,1,0,0,차대차 - 측면충돌,안전운전불이행,젖음/습기,비,교차로 - 교차로안,승용,남,21세,상해없음,개인형이동수단(PM),남,61세,중상
2023091300100610,2023년 9월 13일 20시,수요일,경기도 수원시 팔달구 고등동,경상사고,0,0,1,0,차대사람 - 횡단중,안전운전불이행,젖음/습기,비,단일로 - 기타,이륜,남,48세,상해없음,보행자,남,65세,경상
2023091300100611,2023년 9월 13일 20시,수요일,경기도 수원시 팔달구 교동,경상사고,0,0,1,0,차대차 - 추돌,안전운전불이행,건조,맑음,교차로 - 교차로부근,승용,남,43세,상해없음,이륜,남,46세,경상
2023091400100006,2023년 9월 14일 00시,목요일,경기도 수원시 팔달구 우만동,중상사고,0,1,0,0,차대차 - 추돌,안전운전불이행,젖음/습기,비,단일로 - 기타,승용,남,33세,상해없음,승용,여,50세,중상
2023091400100008,2023년 9월 14일 00시,목요일,경기도 수원시 영통구 이의동,경상사고,0,0,1,0,차대사람 - 기타,기타,젖음/습기,비,단일로 - 기타,개인형이동수단(PM),여,20세,상해없음,보행자,남,35세,경상
2023091400100083,2023년 9월 14일 07시,목요일,경기도 수원시 권선구 고색동,경상사고,0,0,1,0,차대차 - 기타,안전운전불이행,건조,맑음,교차로 - 교차로부근,이륜,남,79세,상해없음,승용,여,41세,경상
2023091400100115,2023년 9월 14일 08시,목요일,경기도 수원시 장안구 이목동,경상사고,0,0,2,0,차대차 - 기타,안전거리미확보,건조,맑음,단일로 - 기타,승용,남,41세,경상,승용,남,52세,경상
2023091400100158,2023년 9월 14일 09시,목요일,경기도 수원시 팔달구 인계동,경상사고,0,0,1,0,차대차 - 기타,안전운전불이행,건조,맑음,기타 - 기타,승용,남,30세,상해없음,승용,남,26세,경상
2023091400100193,2023년 9월 14일 10시,목요일,경기도 수원시 영통구 하동,경상사고,0,0,1,0,차대차 - 측면충돌,안전거리미확보,건조,맑음,단일로 - 기타,승용,남,53세,상해없음,승용,여,55세,경상
2023091400100215,2023년 9월 14일 11시,목요일,경기도 수원시 권선구 권선동,경상사고,0,0,1,0,차대차 - 기타,안전운전불이행,건조,맑음,기타 - 기타,승용,여,56세,상해없음,자전거,여,35세,경상
2023091400100255,2023년 9월 14일 12시,목요일,경기도 수원시 권선구 고색동,부상신고사고,0,0,0,1,차량단독 - 기타,안전운전불이행,건조,맑음,단일로 - 기타,승합,남,49세,상해없음,,,,
2023091400100284,2023년 9월 14일 13시,목요일,경기도 수원시 팔달구 매산로3가,경상사고,0,0,1,0,차대차 - 측면충돌,신호위반,건조,맑음,교차로 - 교차로부근,승용,남,57세,상해없음,자전거,남,53세,경상
2023091400100319,2023년 9월 14일 14시,목요일,경기도 수원시 권선구 권선동,중상사고,0,1,0,0,차대사람 - 기타,안전운전불이행,건조,맑음,교차로 - 교차로안,승용,남,68세,상해없음,보행자,여,76세,중상
2023091400100322,2023년 9월 14일 14시,목요일,경기도 수원시 팔달구 고등동,경상사고,0,0,1,0,차량단독 - 기타,안전운전불이행,건조,맑음,교차로 - 교차로부근,승합,남,52세,상해없음,,,,
2023091400100411,2023년 9월 14일 17시,목요일,경기도 수원시 장안구 정자동,경상사고,0,0,2,0,차대차 - 기타,안전운전불이행,건조,맑음,단일로 - 기타,승용,남,26세,상해없음,승용,남,28세,경상
2023091400100503,2023년 9월 14일 19시,목요일,경기도 수원시 팔달구 우만동,경상사고,0,0,1,0,차대차 - 기타,안전운전불이행,건조,맑음,단일로 - 기타,화물,남,53세,기타불명,승용,남,22세,경상
2023091400100510,2023년 9월 14일 19시,목요일,경기도 수원시 권선구 오목천동,경상사고,0,0,1,0,차대차 - 측면충돌,안전운전불이행,건조,맑음,교차로 - 교차로부근,승용,남,32세,상해없음,개인형이동수단(PM),남,31세,경상
2023091400100563,2023년 9월 14일 21시,목요일,경기도 수원시 팔달구 지동,중상사고,0,1,1,0,차대차 - 기타,교차로운행방법위반,건조,맑음,교차로 - 교차로안,승용,여,29세,중상,승용,남,38세,경상
2023091400100591,2023년 9월 14일 22시,목요일,경기도 수원시 권선구 세류동,경상사고,0,0,1,0,차대차 - 추돌,안전운전불이행,건조,흐림,교차로 - 교차로부근,승용,남,29세,상해없음,승용,남,50세,경상
2023091500100029,2023년 9월 15일 03시,금요일,경기도 수원시 권선구 서둔동,경상사고,0,0,1,0,차대차 - 측면충돌,안전거리미확보,건조,맑음,교차로 - 교차로부근,승용,남,70세,상해없음,승용,여,65세,경상
2023091500100038,2023년 9월 15일 04시,금요일,경기도 수원시 영통구 영통동,경상사고,0,0,2,0,차대차 - 기타,중앙선침범,젖음/습기,비,단일로 - 기타,승용,남,21세,상해없음,승용,남,29세,경상
2023091500100045,2023년 9월 15일 05시,금요일,경기도 수원시 영통구 이의동,경상사고,0,0,1,0,차대차 - 기타,신호위반,젖음/습기,맑음,교차로 - 교차로안,승용,남,47세,상해없음,승용,남,63세,경상
2023091500100047,2023년 9월 15일 05시,금요일,경기도 수원시 팔달구 고등동,경상사고,0,0,1,0,차대차 - 측면충돌,안전운전불이행,젖음/습기,비,단일로 - 기타,건설기계,남,39세,상해없음,승용,남,55세,경상
2023091500100063,2023년 9월 15일 06시,금요일,경기도 수원시 권선구 세류동,경상사고,0,0,1,0,차대차 - 기타,신호위반,건조,맑음,기타 - 기타,승합,남,36세,상해없음,승용,남,29세,경상
2023091500100064,2023년 9월 15일 06시,금요일,경기도 수원시 영통구 하동,중상사고,0,1,0,0,차대차 - 기타,신호위반,건조,맑음,단일로 - 기타,화물,남,41세,상해없음,승용,여,59세,중상
2023091500100108,2023년 9월 15일 08시,금요일,경기도 수원시 장안구 송죽동,경상사고,0,0,2,0,차대차 - 추돌,안전운전불이행,젖음/습기,비,교차로 - 교차로부근,승용,남,46세,기타불명,화물,남,27세,경상
2023091500100109,2023년 9월 15일 08시,금요일,경기도 수원시 장안구 송죽동,경상사고,0,0,1,0,차대사람 - 기타,신호위반,젖음/습기,비,교차로 - 교차로안,승합,남,75세,상해없음,보행자,남,15세,경상
2023091500100110,2023년 9월 15일 08시,금요일,경기도 수원시 팔달구 우만동,중상사고,0,1,0,0,차대차 - 기타,직진우회전진행방해,건조,맑음,교차로 - 교차로안,승용,여,25세,상해없음,승용,남,41세,중상
2023091500100149,2023년 9월 15일 09시,금요일,경기도 수원시 팔달구 인계동,경상사고,0,0,1,0,차대차 - 기타,안전운전불이행,젖음/습기,맑음,단일로 - 기타,승용,남,21세,상해없음,승용,여,66세,경상
2023091500100152,2023년 9월 15일 09시,금요일,경기도 수원시 권선구 서둔동,경상사고,0,0,1,0,차대차 - 추돌,안전운전불이행,젖음/습기,비,교차로 - 교차로부근,이륜,남,17세,상해없음,승용,여,31세,경상
2023091500100237,2023년 9월 15일 12시,금요일,경기도 수원시 장안구 영화동,경상사고,0,0,1,0,차대사람 - 보도통행중,기타,젖음/습기,비,교차로 - 교차로안,승용,남,59세,상해없음,보행자,여,39세,경상
2023091500100283,2023년 9월 15일 13시,금요일,경기도 수원시 팔달구 매산로1가,경상사고,0,0,1,0,차대차 - 기타,교차로운행방법위반,건조,맑음,단일로 - 기타,승용,남,71세,상해없음,이륜,남,48세,경상