사고번호,사고일시,요일,시군구,사고내용,사망자수,중상자수,경상자수,부상신고자수,사고유형,법규위반,노면상태,기상상태,도로형태,가해운전자 차종,가해운전자 성별,가해운전자 연령,가해운전자 상해정도,피해운전자 차종,피해운전자 성별,피해운전자 연령,피해운전자 상해정도
2023091500100284,2023년 9월 15일 13시,금요일,경기도 수원시 권선구 고색동,경상사고,0,0,1,0,차대차 - 측면충돌,안전거리미확보,젖음/습기,비,교차로 - 교차로부근,승합,남,67세,상해없음,승용,남,48세,경상
2023091500100311,2023년 9월 15일 14시,금요일,경기도 수원시 팔달구 팔달로3가,경상사고,0,0,1,0,차대차 - 기타,신호위반,젖음/습기,비,교차로 - 교차로안,승합,남,54세,상해없음,승용,여,60세,경상
2023091500100380,2023년 9월 15일 16시,금요일,경기도 수원시 팔달구 인계동,경상사고,0,0,1,0,차대차 - 기타,안전거리미확보,건조,맑음,단일로 - 기타,승용,남,35세,상해없음,승합,남,65세,상해없음
2023091500100423,2023년 9월 15일 17시,금요일,경기도 수원시 영통구 영통동,경상사고,0,0,1,0,차대차 - 측면충돌,안전거리미확보,건조,맑음,단일로 - 기타,승용,여,48세,상해없음,승용,여,60세,경상
2023091500100464,2023년 9월 15일 18시,금요일,경기도 수원시 장안구 영화동,경상사고,0,0,3,0,차대차 - 정면충돌,직진우회전진행방해,건조,맑음,교차로 - 교차로안,승용,남,40세,경상,승용,남,26세,경상
2023091500100529,2023년 9월 15일 19시,금요일,경기도 수원시 장안구 정자동,경상사고,0,0,2,0,차대차 - 기타,중앙선침범,건조,맑음,단일로 - 기타,이륜,남,48세,상해없음,승용,남,37세,경상
2023091500100535,2023년 9월 15일 19시,금요일,경기도 수원시 영통구 매탄동,중상사고,0,1,0,0,차대차 - 측면충돌,신호위반,건조,맑음,단일로 - 기타,승용,여,56세,상해없음,이륜,남,45세,중상
2023091500100536,2023년 9월 15일 19시,금요일,경기도 수원시 영통구 영통동,중상사고,0,1,0,0,차대사람 - 기타,안전운전불이행,건조,맑음,교차로 - 교차로안,이륜,남,30세,상해없음,보행자,남,66세,중상
2023091500100540,2023년 9월 15일 19시,금요일,경기도 수원시 팔달구 매산로1가,경상사고,0,0,2,0,차대차 - 기타,안전운전불이행,건조,맑음,교차로 - 교차로안,승용,남,29세,상해없음,승용,남,31세,경상
2023091500100573,2023년 9월 15일 20시,금요일,경기도 수원시 장안구 정자동,중상사고,0,1,0,0,차대차 - 기타,신호위반,건조,맑음,교차로 - 교차로안,이륜,남,21세,상해없음,이륜,남,31세,중상
2023091500100646,2023년 9월 15일 22시,금요일,경기도 수원시 권선구 입북동,중상사고,0,1,0,0,차량단독 - 기타,안전운전불이행,젖음/습기,흐림,단일로 - 기타,개인형이동수단(PM),여,14세,상해없음,,,,
2023091600100005,2023년 9월 16일 00시,토요일,경기도 수원시 팔달구 인계동,경상사고,0,0,1,0,차대차 - 측면충돌,안전운전불이행,건조,맑음,단일로 - 기타,승용,여,38세,상해없음,승용,남,42세,경상
2023091600100030,2023년 9월 16일 02시,토요일,경기도 수원시 팔달구 매산로1가,중상사고,0,1,0,0,차대사람 - 기타,안전운전불이행,젖음/습기,비,단일로 - 기타,승용,남,21세,상해없음,보행자,남,59세,중상
2023091600100045,2023년 9월 16일 03시,토요일,경기도 수원시 팔달구 인계동,경상사고,0,0,1,0,차대사람 - 기타,안전운전불이행,건조,맑음,기타 - 기타,승용,남,40세,상해없음,보행자,남,34세,경상
2023091600100077,2023년 9월 16일 07시,토요일,경기도 수원시 권선구 탑동,경상사고,0,0,3,1,차대차 - 추돌,안전운전불이행,건조,맑음,교차로 - 교차로부근,승용,남,28세,상해없음,승용,남,29세,경상
2023091600100136,2023년 9월 16일 10시,토요일,경기도 수원시 권선구 곡반정동,경상사고,0,0,1,0,차대사람 - 기타,기타,건조,맑음,기타 - 기타,개인형이동수단(PM),남,20세,상해없음,보행자,여,16세,경상
2023091600100208,2023년 9월 16일 12시,토요일,경기도 수원시 영통구 망포동,경상사고,0,0,1,0,차대차 - 측면충돌,교차로운행방법위반,건조,맑음,교차로 - 교차로안,승용,남,25세,상해없음,자전거,여,30세,경상
2023091600100255,2023년 9월 16일 13시,토요일,경기도 수원시 권선구 세류동,부상신고사고,0,0,0,1,차대차 - 추돌,안전운전불이행,건조,맑음,단일로 - 기타,자전거,여,53세,부상신고,승용,여,42세,상해없음
2023091600100285,2023년 9월 16일 14시,토요일,경기도 수원시 팔달구 팔달로3가,부상신고사고,0,0,0,1,차대차 - 측면충돌,불법유턴,건조,맑음,단일로 - 기타,자전거,여,12세,부상신고,승용,남,51세,상해없음
2023091600100286,2023년 9월 16일 14시,토요일,경기도 수원시 팔달구 우만동,중상사고,0,1,2,0,차대차 - 기타,교차로운행방법위반,건조,맑음,교차로 - 교차로안,승용,남,39세,경상,승용,여,55세,중상
2023091600100352,2023년 9월 16일 16시,토요일,경기도 수원시 장안구 영화동,경상사고,0,0,1,0,차대사람 - 횡단중,안전운전불이행,건조,맑음,교차로 - 교차로부근,승용,여,70세,상해없음,보행자,여,56세,경상
2023091600100400,2023년 9월 16일 17시,토요일,경기도 수원시 영통구 망포동,경상사고,0,0,1,0,차대사람 - 기타,안전운전불이행,젖음/습기,비,기타 - 기타,승용,여,66세,상해없음,보행자,남,44세,경상
2023091600100401,2023년 9월 16일 17시,토요일,경기도 수원시 권선구 권선동,경상사고,0,0,1,0,차대차 - 기타,안전운전불이행,젖음/습기,비,교차로 - 교차로안,이륜,남,42세,경상,승용,남,44세,상해없음
2023091600100434,2023년 9월 16일 18시,토요일,경기도 수원시 장안구 송죽동,중상사고,0,1,1,0,차대차 - 기타,안전운전불이행,건조,맑음,교차로 - 교차로안,이륜,남,31세,경상,자전거,남,15세,중상
2023091600100479,2023년 9월 16일 19시,토요일,경기도 수원시 장안구 천천동,경상사고,0,0,1,0,차대차 - 추돌,안전거리미확보,젖음/습기,비,교차로 - 교차로부근,승용,남,41세,상해없음,이륜,남,37세,경상
2023091600100520,2023년 9월 16일 20시,토요일,경기도 수원시 팔달구 고등동,경상사고,0,0,3,0,차대차 - 추돌,안전운전불이행,건조,맑음,교차로 - 교차로부근,승합,남,62세,상해없음,화물,남,71세,경상
2023091600100578,2023년 9월 16일 22시,토요일,경기도 수원시 영통구 영통동,경상사고,0,0,1,0,차대차 - 기타,안전운전불이행,건조,맑음,단일로 - 기타,승용,남,57세,상해없음,자전거,남,17세,경상
2023091700100027,2023년 9월 17일 02시,일요일,경기도 수원시 팔달구 인계동,경상사고,0,0,2,0,차대차 - 측면충돌,안전운전불이행,젖음/습기,흐림,교차로 - 교차로안,화물,남,22세,상해없음,승용,여,29세,경상
2023091700100036,2023년 9월 17일 03시,일요일,경기도 수원시 권선구 세류동,경상사고,0,0,2,0,차대차 - 추돌,안전운전불이행,건조,맑음,교차로 - 교차로부근,승용,남,31세,상해없음,승합,남,53세,상해없음
2023091700100047,2023년 9월 17일 05시,일요일,경기도 수원시 팔달구 인계동,부상신고사고,0,0,0,1,차대차 - 정면충돌,신호위반,건조,맑음,교차로 - 교차로안,승용,여,41세,상해없음,승용,남,51세,부상신고
2023091700100048,2023년 9월 17일 05시,일요일,경기도 수원시 팔달구 인계동,경상사고,0,0,1,0,차대사람 - 길가장자리구역통행중,안전운전불이행,건조,맑음,단일로 - 기타,승용,여,19세,상해없음,보행자,남,24세,경상
2023091700100058,2023년 9월 17일 06시,일요일,경기도 수원시 권선구 권선동,경상사고,0,0,1,0,차대차 - 기타,안전운전불이행,건조,맑음,단일로 - 기타,승용,남,24세,상해없음,승용,남,59세,경상
2023091700100092,2023년 9월 17일 09시,일요일,경기도 수원시 장안구 율전동,경상사고,0,0,2,0,차대차 - 측면충돌,안전운전불이행,건조,맑음,교차로 - 교차로횡단보도내,승용,여,47세,상해없음,개인형이동수단(PM),남,12세,경상
2023091700100094,2023년 9월 17일 09시,일요일,경기도 수원시 권선구 탑동,경상사고,0,0,1,0,차대차 - 추돌,안전운전불이행,건조,맑음,단일로 - 고가도로위,승용,여,42세,상해없음,승용,여,54세,경상
2023091700100115,2023년 9월 17일 10시,일요일,경기도 수원시 영통구 이의동,경상사고,0,0,1,0,차대사람 - 기타,안전운전불이행,건조,맑음,교차로 - 교차로부근,개인형이동수단(PM),남,24세,상해없음,보행자,남,16세,경상
2023091700100144,2023년 9월 17일 11시,일요일,경기도 수원시 팔달구 고등동,경상사고,0,0,1,0,차대차 - 기타,안전운전불이행,건조,맑음,교차로 - 교차로부근,원동기,남,43세,상해없음,원동기,남,47세,경상
2023091700100162,2023년 9월 17일 12시,일요일,경기도 수원시 권선구 세류동,경상사고,0,0,1,0,차대차 - 기타,안전운전불이행,건조,맑음,단일로 - 기타,승용,남,45세,상해없음,승용,남,48세,경상
2023091700100192,2023년 9월 17일 13시,일요일,경기도 수원시 팔달구 지동,경상사고,0,0,1,0,차대차 - 측면충돌,안전운전불이행,건조,맑음,단일로 - 기타,승용,남,66세,상해없음,승용,여,49세,경상
2023091700100193,2023년 9월 17일 13시,일요일,경기도 수원시 영통구 매탄동,경상사고,0,0,2,0,차대차 - 기타,안전운전불이행,건조,맑음,교차로 - 교차로부근,승용,남,63세,상해없음,승용,남,69세,경상
2023091700100270,2023년 9월 17일 15시,일요일,경기도 수원시 권선구 곡반정동,경상사고,0,0,2,0,차대차 - 측면충돌,안전거리미확보,건조,맑음,단일로 - 기타,승용,남,71세,상해없음,승용,남,37세,경상
2023091700100273,2023년 9월 17일 15시,일요일,경기도 수원시 팔달구 매산로3가,중상사고,0,1,0,0,차대차 - 기타,안전운전불이행,건조,맑음,교차로 - 교차로안,자전거,남,56세,중상,승용,남,45세,상해없음
2023091700100301,2023년 9월 17일 16시,일요일,경기도 수원시 장안구 정자동,경상사고,0,0,1,0,차대차 - 기타,안전운전불이행,건조,맑음,교차로 - 교차로부근,승용,여,52세,상해없음,승용,남,71세,경상
2023091700100320,2023년 9월 17일 17시,일요일,경기도 수원시 팔달구 화서동,경상사고,0,0,2,0,차대차 - 추돌,안전운전불이행,건조,맑음,단일로 - 기타,승용,남,42세,상해없음,승용,남,54세,경상
2023091700100391,2023년 9월 17일 19시,일요일,경기도 수원시 영통구 매탄동,경상사고,0,0,1,0,차대사람 - 기타,안전운전불이행,건조,맑음,단일로 - 기타,자전거,남,29세,상해없음,보행자,남,52세,경상
2023091700100467,2023년 9월 17일 22시,일요일,경기도 수원시 권선구 오목천동,경상사고,0,0,3,1,차대차 - 추돌,안전운전불이행,건조,맑음,단일로 - 기타,승용,남,75세,경상,승용,남,55세,상해없음
2023091800100030,2023년 9월 18일 06시,월요일,경기도 수원시 장안구 정자동,중상사고,0,1,0,0,차대사람 - 기타,안전운전불이행,건조,맑음,교차로 - 교차로안,승용,남,25세,상해없음,보행자,남,75세,중상
2023091800100059,2023년 9월 18일 07시,월요일,경기도 수원시 팔달구 매산로1가,경상사고,0,0,1,0,차대차 - 측면충돌,신호위반,건조,흐림,교차로 - 교차로안,승용,여,63세,상해없음,승용,남,59세,경상
2023091800100141,2023년 9월 18일 09시,월요일,경기도 수원시 영통구 원천동,경상사고,0,0,6,0,차대차 - 추돌,안전운전불이행,건조,맑음,단일로 - 기타,승용,남,57세,상해없음,승용,여,49세,경상
2023091800100206,2023년 9월 18일 11시,월요일,경기도 수원시 권선구 권선동,경상사고,0,0,2,0,차대차 - 측면충돌,안전운전불이행,건조,맑음,교차로 - 교차로부근,승용,여,48세,상해없음,승용,남,67세,경상
2023091800100240,2023년 9월 18일 12시,월요일,경기도 수원시 팔달구 지동,중상사고,0,1,0,0,차량단독 - 공작물충돌,안전운전불이행,건조,맑음,교차로 - 교차로부근,승용,여,66세,중상,,,,
2023091800100302,2023년 9월 18일 14시,월요일,경기도 수원시 팔달구 화서동,경상사고,0,0,1,0,차대차 - 추돌,안전운전불이행,건조,맑음,단일로 - 기타,승용,남,46세,상해없음,승용,남,71세,상해없음
2023091800100441,2023년 9월 18일 17시,월요일,경기도 수원시 장안구 정자동,부상신고사고,0,0,0,1,차대차 - 기타,안전거리미확보,건조,맑음,단일로 - 기타,개인형이동수단(PM),여,14세,부상신고,승용,남,51세,상해없음
2023091800100501,2023년 9월 18일 18시,월요일,경기도 수원시 권선구 호매실동,경상사고,0,0,1,0,차대차 - 측면충돌,안전거리미확보,건조,맑음,단일로 - 기타,건설기계,남,55세,상해없음,승용,남,40세,경상
2023091800100549,2023년 9월 18일 19시,월요일,경기도 수원시 장안구 정자동,경상사고,0,0,1,0,차대차 - 정면충돌,안전운전불이행,건조,맑음,교차로 - 교차로안,승용,여,61세,상해없음,이륜,남,20세,경상
2023091800100614,2023년 9월 18일 21시,월요일,경기도 수원시 영통구 원천동,중상사고,0,1,0,0,차대차 - 기타,신호위반,건조,맑음,교차로 - 교차로안,승용,남,63세,상해없음,이륜,남,61세,중상
2023091900100012,2023년 9월 19일 01시,화요일,경기도 수원시 권선구 탑동,경상사고,0,0,2,0,차대차 - 추돌,안전운전불이행,건조,맑음,교차로 - 교차로부근,승용,남,64세,상해없음,화물,남,42세,경상
2023091900100207,2023년 9월 19일 11시,화요일,경기도 수원시 권선구 세류동,경상사고,0,0,1,0,차대차 - 측면충돌,안전운전불이행,건조,맑음,교차로 - 교차로부근,승용,남,62세,상해없음,승용,여,54세,경상
2023091900100371,2023년 9월 19일 16시,화요일,경기도 수원시 권선구 오목천동,중상사고,0,1,0,0,차대차 - 기타,안전운전불이행,건조,맑음,교차로 - 교차로안,승용,남,63세,상해없음,자전거,남,61세,중상
2023091900100494,2023년 9월 19일 19시,화요일,경기도 수원시 권선구 고색동,경상사고,0,0,1,0,차대차 - 측면충돌,안전거리미확보,건조,맑음,교차로 - 교차로부근,승용,여,62세,상해없음,승용,남,28세,경상
2023092000100012,2023년 9월 20일 01시,수요일,경기도 수원시 영통구 원천동,중상사고,0,2,0,0,차대차 - 측면충돌,신호위반,건조,맑음,교차로 - 교차로안,승용,여,19세,상해없음,승용,남,35세,중상
2023092000100025,2023년 9월 20일 03시,수요일,경기도 수원시 권선구 권선동,경상사고,0,0,3,0,차대차 - 측면충돌,안전운전불이행,건조,맑음,교차로 - 교차로부근,승용,남,67세,상해없음,승용,남,23세,경상
2023092000100057,2023년 9월 20일 07시,수요일,경기도 수원시 권선구 곡반정동,경상사고,0,0,1,0,차대차 - 측면충돌,안전거리미확보,건조,맑음,단일로 - 기타,승합,남,67세,상해없음,승용,여,28세,경상
2023092000100093,2023년 9월 20일 08시,수요일,경기도 수원시 팔달구 화서동,경상사고,0,0,1,0,차대차 - 측면충돌,직진우회전진행방해,젖음/습기,비,교차로 - 교차로안,승용,남,52세,상해없음,승용,남,27세,경상
2023092000100156,2023년 9월 20일 09시,수요일,경기도 수원시 영통구 매탄동,경상사고,0,0,1,0,차대차 - 측면충돌,안전운전불이행,젖음/습기,비,단일로 - 기타,승합,남,60세,상해없음,승용,여,27세,경상
2023092000100189,2023년 9월 20일 10시,수요일,경기도 수원시 권선구 권선동,경상사고,0,0,2,0,차대차 - 측면충돌,안전거리미확보,젖음/습기,비,단일로 - 기타,승합,남,48세,상해없음,승용,남,59세,경상
2023092000100221,2023년 9월 20일 11시,수요일,경기도 수원시 장안구 정자동,경상사고,0,0,1,0,차대차 - 기타,안전운전불이행,젖음/습기,비,단일로 - 기타,승용,남,70세,상해없음,이륜,남,54세,경상
2023092000100222,2023년 9월 20일 11시,수요일,경기도 수원시 장안구 천천동,중상사고,0,1,0,0,차대사람 - 차도통행중,안전운전불이행,젖음/습기,비,단일로 - 기타,승용,여,47세,상해없음,보행자,여,59세,중상
2023092000100261,2023년 9월 20일 12시,수요일,경기도 수원시 팔달구 지동,경상사고,0,0,1,0,차대차 - 추돌,안전운전불이행,젖음/습기,비,단일로 - 기타,승용,여,58세,상해없음,승용,남,49세,경상
2023092000100264,2023년 9월 20일 12시,수요일,경기도 수원시 영통구 매탄동,경상사고,0,0,1,0,차대차 - 기타,안전운전불이행,젖음/습기,비,교차로 - 교차로부근,화물,남,52세,상해없음,이륜,남,25세,경상
2023092000100364,2023년 9월 20일 15시,수요일,경기도 수원시 권선구 세류동,경상사고,0,0,2,0,차대차 - 추돌,신호위반,젖음/습기,비,교차로 - 교차로안,승용,여,71세,경상,승용,남,62세,경상
2023092000100412,2023년 9월 20일 16시,수요일,경기도 수원시 팔달구 인계동,중상사고,0,1,0,0,차대차 - 측면충돌,불법유턴,젖음/습기,비,단일로 - 기타,승용,여,55세,상해없음,이륜,남,32세,중상
2023092000100415,2023년 9월 20일 16시,수요일,경기도 수원시 팔달구 매교동,경상사고,0,0,4,0,차대차 - 측면충돌,안전운전불이행,젖음/습기,비,단일로 - 기타,승용,여,67세,경상,승용,여,48세,경상
2023092000100464,2023년 9월 20일 17시,수요일,경기도 수원시 장안구 정자동,중상사고,0,1,0,0,차대차 - 기타,안전운전불이행,건조,맑음,단일로 - 기타,승용,여,48세,상해없음,이륜,남,45세,중상
2023092000100513,2023년 9월 20일 18시,수요일,경기도 수원시 장안구 천천동,중상사고,0,1,0,0,차대차 - 기타,불법유턴,젖음/습기,흐림,교차로 - 교차로부근,승합,남,69세,상해없음,이륜,남,49세,중상
2023092000100589,2023년 9월 20일 19시,수요일,경기도 수원시 영통구 영통동,경상사고,0,0,1,0,차대차 - 측면충돌,안전거리미확보,젖음/습기,비,교차로 - 교차로부근,승용,여,52세,상해없음,승용,여,51세,경상
2023092000100593,2023년 9월 20일 19시,수요일,경기도 수원시 권선구 구운동,중상사고,0,1,0,0,차대사람 - 횡단중,안전운전불이행,젖음/습기,비,기타 - 기타,승용,남,32세,상해없음,보행자,남,61세,중상
2023092000100643,2023년 9월 20일 20시,수요일,경기도 수원시 팔달구 고등동,경상사고,0,0,1,0,차대차 - 추돌,안전운전불이행,젖음/습기,흐림,교차로 - 교차로부근,승합,남,61세,기타불명,승용,남,39세,경상
2023092000100672,2023년 9월 20일 21시,수요일,경기도 수원시 팔달구 매향동,경상사고,0,0,1,0,차대차 - 기타,안전운전불이행,건조,맑음,단일로 - 기타,승용,여,39세,상해없음,승합,남,46세,경상
2023092000100677,2023년 9월 20일 21시,수요일,경기도 수원시 권선구 구운동,경상사고,0,0,1,0,차대차 - 기타,신호위반,건조,흐림,단일로 - 기타,승용,여,37세,상해없음,이륜,남,26세,경상
2023092000100729,2023년 9월 20일 23시,수요일,경기도 수원시 영통구 매탄동,경상사고,0,0,1,0,차대차 - 기타,안전운전불이행,건조,맑음,단일로 - 기타,승용,남,69세,상해없음,이륜,남,28세,경상
2023092100100038,2023년 9월 21일 06시,목요일,경기도 수원시 장안구 연무동,중상사고,0,1,1,0,차대차 - 정면충돌,안전운전불이행,건조,맑음,교차로 - 교차로안,승용,남,48세,상해없음,승용,남,41세,경상
2023092100100091,2023년 9월 21일 08시,목요일,경기도 수원시 영통구 하동,경상사고,0,0,1,0,차대차 - 기타,안전운전불이행,건조,맑음,단일로 - 기타,승용,남,40세,상해없음,자전거,남,35세,경상
2023092100100228,2023년 9월 21일 11시,목요일,경기도 수원시 권선구 호매실동,경상사고,0,0,3,0,차대차 - 기타,안전거리미확보,건조,맑음,교차로 - 교차로안,승용,여,29세,경상,승용,여,40세,경상
2023092100100317,2023년 9월 21일 14시,목요일,경기도 수원시 권선구 세류동,중상사고,0,1,0,0,차대사람 - 길가장자리구역통행중,안전운전불이행,건조,맑음,단일로 - 지하차도(도로)내,승용,여,41세,상해없음,보행자,남,91세,중상
2023092100100498,2023년 9월 21일 19시,목요일,경기도 수원시 팔달구 화서동,경상사고,0,0,3,0,차대차 - 기타,안전거리미확보,건조,맑음,단일로 - 기타,승용,남,65세,상해없음,승용,남,23세,경상
2023092100100571,2023년 9월 21일 21시,목요일,경기도 수원시 영통구 이의동,중상사고,0,1,0,0,차대차 - 추돌,안전운전불이행,건조,맑음,교차로 - 교차로부근,승용,남,31세,상해없음,이륜,남,55세,중상
2023092100100573,2023년 9월 21일 21시,목요일,경기도 수원시 권선구 오목천동,경상사고,0,0,1,0,차대차 - 측면충돌,신호위반,건조,맑음,교차로 - 교차로안,승용,남,44세,상해없음,승용,남,57세,경상
2023092100100590,2023년 9월 21일 22시,목요일,경기도 수원시 장안구 정자동,경상사고,0,0,1,0,차대차 - 추돌,안전운전불이행,건조,맑음,단일로 - 기타,승용,남,48세,상해없음,승용,남,52세,상해없음
2023092200100077,2023년 9월 22일 07시,금요일,경기도 수원시 팔달구 팔달로1가,경상사고,0,0,1,0,차대차 - 기타,안전운전불이행,건조,맑음,교차로 - 교차로안,화물,남,60세,상해없음,승용,여,58세,경상
2023092200100119,2023년 9월 22일 08시,금요일,경기도 수원시 팔달구 인계동,중상사고,0,1,0,0,차대사람 - 기타,안전운전불이행,건조,맑음,단일로 - 기타,개인형이동수단(PM),남,24세,상해없음,보행자,여,66세,중상
2023092200100120,2023년 9월 22일 08시,금요일,경기도 수원시 영통구 영통동,경상사고,0,0,2,0,차대차 - 측면충돌,안전거리미확보,건조,맑음,단일로 - 기타,화물,남,64세,상해없음,승용,여,52세,경상
2023092200100123,2023년 9월 22일 08시,금요일,경기도 수원시 장안구 율전동,경상사고,0,0,1,0,차대차 - 측면충돌,교차로운행방법위반,건조,맑음,교차로 - 교차로안,승용,남,62세,상해없음,승용,남,37세,경상
2023092200100160,2023년 9월 22일 09시,금요일,경기도 수원시 장안구 정자동,경상사고,0,0,1,0,차대차 - 기타,안전운전불이행,건조,맑음,단일로 - 기타,화물,남,71세,상해없음,승용,남,45세,상해없음
2023092200100168,2023년 9월 22일 09시,금요일,경기도 수원시 권선구 권선동,경상사고,0,0,1,0,차대사람 - 기타,안전운전불이행,건조,맑음,기타 - 기타,승용,남,61세,상해없음,보행자,남,66세,경상
2023092200100274,2023년 9월 22일 12시,금요일,경기도 수원시 장안구 정자동,경상사고,0,0,1,0,차대사람 - 기타,안전운전불이행,건조,맑음,단일로 - 기타,승용,여,25세,상해없음,보행자,남,49세,경상
2023092200100275,2023년 9월 22일 12시,금요일,경기도 수원시 팔달구 팔달로3가,경상사고,0,0,1,0,차대사람 - 기타,안전운전불이행,건조,맑음,단일로 - 기타,승용,여,37세,상해없음,보행자,남,51세,경상
2023092200100281,2023년 9월 22일 12시,금요일,경기도 수원시 영통구 영통동,경상사고,0,0,1,0,차대사람 - 보도통행중,기타,건조,맑음,기타 - 기타,개인형이동수단(PM),남,16세,상해없음,보행자,여,37세,경상
2023092200100397,2023년 9월 22일 15시,금요일,경기도 수원시 영통구 하동,부상신고사고,0,0,0,1,차대차 - 기타,안전운전불이행,건조,맑음,기타 - 기타,건설기계,남,55세,상해없음,화물,남,44세,부상신고
2023092200100400,2023년 9월 22일 15시,금요일,경기도 수원시 권선구 고색동,경상사고,0,0,2,0,차대차 - 기타,안전거리미확보,건조,맑음,단일로 - 기타,승용,남,56세,상해없음,승용,남,46세,경상
2023092200100510,2023년 9월 22일 17시,금요일,경기도 수원시 팔달구 인계동,중상사고,0,1,0,0,차대사람 - 기타,안전운전불이행,건조,맑음,단일로 - 기타,승용,남,20세,상해없음,보행자,여,41세,중상
2023092200100581,2023년 9월 22일 18시,금요일,경기도 수원시 팔달구 인계동,경상사고,0,0,1,0,차대차 - 측면충돌,안전거리미확보,건조,맑음,단일로 - 기타,승용,남,64세,상해없음,승용,여,66세,상해없음
2023092200100582,2023년 9월 22일 18시,금요일,경기도 수원시 권선구 세류동,경상사고,0,0,1,0,차대차 - 추돌,안전거리미확보,건조,맑음,단일로 - 기타,승용,남,28세,상해없음,승용,여,31세,경상
2023092300100007,2023년 9월 23일 00시,토요일,경기도 수원시 영통구 매탄동,경상사고,0,0,1,0,차대사람 - 기타,안전운전불이행,건조,맑음,기타 - 기타,승용,남,32세,상해없음,보행자,남,32세,경상
2023092300100039,2023년 9월 23일 02시,토요일,경기도 수원시 권선구 권선동,경상사고,0,0,2,0,차대차 - 추돌,안전운전불이행,건조,맑음,단일로 - 고가도로위,승용,남,33세,상해없음,승용,남,25세,경상
2023092300100060,2023년 9월 23일 04시,토요일,경기도 수원시 권선구 금곡동,경상사고,0,0,1,0,차대차 - 추돌,중앙선침범,건조,맑음,교차로 - 교차로부근,승용,남,31세,상해없음,화물,남,45세,경상
2023092300100068,2023년 9월 23일 05시,토요일,경기도 수원시 팔달구 우만동,경상사고,0,0,1,0,차대차 - 기타,안전거리미확보,건조,맑음,교차로 - 교차로안,승용,남,39세,기타불명,승용,여,45세,경상
2023092300100099,2023년 9월 23일 08시,토요일,경기도 수원시 팔달구 중동,경상사고,0,0,1,0,차대차 - 추돌,기타,건조,맑음,단일로 - 기타,이륜,남,22세,상해없음,자전거,여,67세,경상
2023092300100160,2023년 9월 23일 10시,토요일,경기도 수원시 팔달구 지동,사망사고,1,1,0,0,차대사람 - 차도통행중,안전운전불이행,건조,맑음,단일로 - 기타,승용,남,60세,상해없음,보행자,남,6세,사망
2023092300100213,2023년 9월 23일 11시,토요일,경기도 수원시 팔달구 팔달로3가,경상사고,0,0,2,0,차대차 - 기타,안전거리미확보,건조,맑음,기타 - 기타,승용,남,60세,상해없음,승용,남,29세,경상
2023092300100215,2023년 9월 23일 11시,토요일,경기도 수원시 영통구 망포동,경상사고,0,0,1,0,차대차 - 측면충돌,안전운전불이행,건조,맑음,교차로 - 교차로안,승용,남,42세,상해없음,승용,여,56세,경상
2023092300100257,2023년 9월 23일 12시,토요일,경기도 수원시 영통구 영통동,부상신고사고,0,0,0,1,차대사람 - 보도통행중,기타,건조,맑음,기타 - 기타,개인형이동수단(PM),남,13세,상해없음,보행자,여,30세,부상신고
2023092300100258,2023년 9월 23일 12시,토요일,경기도 수원시 영통구 영통동,경상사고,0,0,1,0,차대사람 - 횡단중,보행자보호의무위반,건조,맑음,교차로 - 교차로횡단보도내,승용,남,56세,상해없음,보행자,여,23세,경상
2023092300100369,2023년 9월 23일 15시,토요일,경기도 수원시 권선구 고색동,경상사고,0,0,1,0,차대차 - 기타,안전거리미확보,건조,맑음,단일로 - 기타,승용,남,87세,상해없음,화물,남,61세,경상
2023092300100370,2023년 9월 23일 15시,토요일,경기도 수원시 권선구 호매실동,경상사고,0,0,1,0,차량단독 - 기타,안전운전불이행,건조,맑음,단일로 - 기타,승합,남,64세,상해없음,,,,
2023092300100456,2023년 9월 23일 17시,토요일,경기도 수원시 권선구 세류동,경상사고,0,0,1,0,차대차 - 측면충돌,안전거리미확보,건조,맑음,단일로 - 지하차도(도로)내,승용,여,23세,상해없음,승용,여,59세,경상
2023092300100528,2023년 9월 23일 19시,토요일,경기도 수원시 팔달구 고등동,중상사고,0,1,0,0,차대사람 - 기타,안전운전불이행,건조,맑음,단일로 - 기타,승용,남,64세,기타불명,보행자,남,80세,중상
2023092300100642,2023년 9월 23일 23시,토요일,경기도 수원시 권선구 권선동,경상사고,0,0,1,0,차대사람 - 기타,안전운전불이행,건조,맑음,기타 - 기타,승용,남,32세,상해없음,보행자,남,47세,경상
2023092400100042,2023년 9월 24일 04시,일요일,경기도 수원시 영통구 영통동,경상사고,0,0,2,0,차대차 - 추돌,안전운전불이행,건조,맑음,교차로 - 교차로부근,승용,남,41세,상해없음,승용,남,49세,경상