사고번호,사고일시,요일,시군구,사고내용,사망자수,중상자수,경상자수,부상신고자수,사고유형,법규위반,노면상태,기상상태,도로형태,가해운전자 차종,가해운전자 성별,가해운전자 연령,가해운전자 상해정도,피해운전자 차종,피해운전자 성별,피해운전자 연령,피해운전자 상해정도
2023101300100013,2023년 10월 13일 01시,금요일,경기도 수원시 영통구 이의동,중상사고,0,1,4,0,차대차 - 기타,기타,건조,맑음,단일로 - 기타,승용,여,25세,중상,승용,남,52세,경상
2023101300100040,2023년 10월 13일 05시,금요일,경기도 수원시 권선구 권선동,경상사고,0,0,1,0,차대차 - 기타,안전운전불이행,건조,맑음,교차로 - 교차로안,승용,남,67세,상해없음,자전거,남,31세,경상
2023101300100095,2023년 10월 13일 08시,금요일,경기도 수원시 팔달구 화서동,경상사고,0,0,1,0,차대차 - 기타,안전운전불이행,건조,맑음,교차로 - 교차로안,자전거,남,18세,경상,승용,여,53세,상해없음
2023101300100137,2023년 10월 13일 09시,금요일,경기도 수원시 영통구 이의동,경상사고,0,0,1,0,차대차 - 추돌,안전운전불이행,건조,맑음,단일로 - 지하차도(도로)내,승용,남,33세,상해없음,승용,남,48세,경상
2023101300100302,2023년 10월 13일 13시,금요일,경기도 수원시 팔달구 화서동,중상사고,0,1,0,0,차대차 - 추돌,안전운전불이행,건조,맑음,교차로 - 교차로부근,승용,남,59세,상해없음,이륜,여,41세,중상
2023101300100328,2023년 10월 13일 14시,금요일,경기도 수원시 권선구 구운동,경상사고,0,0,1,0,차대차 - 측면충돌,안전거리미확보,건조,맑음,교차로 - 교차로부근,승용,여,54세,기타불명,승용,남,39세,경상
2023101300100400,2023년 10월 13일 16시,금요일,경기도 수원시 권선구 권선동,부상신고사고,0,0,0,1,차대차 - 기타,안전운전불이행,건조,맑음,단일로 - 기타,화물,남,29세,상해없음,이륜,남,23세,부상신고
2023101300100496,2023년 10월 13일 18시,금요일,경기도 수원시 영통구 원천동,중상사고,0,1,0,0,차대사람 - 기타,기타,건조,맑음,기타 - 기타,개인형이동수단(PM),남,43세,상해없음,보행자,남,69세,중상
2023101300100501,2023년 10월 13일 18시,금요일,경기도 수원시 권선구 오목천동,부상신고사고,0,0,0,1,차량단독 - 기타,안전운전불이행,건조,맑음,교차로 - 교차로부근,자전거,남,45세,부상신고,,,,
2023101300100502,2023년 10월 13일 18시,금요일,경기도 수원시 권선구 고색동,경상사고,0,0,1,0,차대차 - 측면충돌,신호위반,건조,맑음,교차로 - 교차로부근,이륜,남,30세,상해없음,승용,남,51세,경상
2023101300100627,2023년 10월 13일 20시,금요일,경기도 수원시 팔달구 신풍동,경상사고,0,0,1,0,차대차 - 측면충돌,안전운전불이행,건조,맑음,교차로 - 교차로안,승용,남,50세,상해없음,승용,남,36세,경상
2023101300100652,2023년 10월 13일 21시,금요일,경기도 수원시 영통구 영통동,경상사고,0,0,1,0,차대차 - 추돌,신호위반,건조,맑음,교차로 - 교차로안,승용,남,51세,상해없음,승용,남,57세,경상
2023101300100681,2023년 10월 13일 22시,금요일,경기도 수원시 권선구 평동,경상사고,0,0,2,0,차대차 - 측면충돌,신호위반,건조,맑음,교차로 - 교차로안,승용,여,26세,경상,승용,남,29세,경상
2023101400100007,2023년 10월 14일 00시,토요일,경기도 수원시 장안구 조원동,경상사고,0,0,1,0,차대차 - 기타,안전운전불이행,건조,맑음,단일로 - 기타,승용,남,35세,상해없음,승용,남,52세,경상
2023101400100009,2023년 10월 14일 00시,토요일,경기도 수원시 영통구 원천동,경상사고,0,0,2,0,차대차 - 추돌,안전운전불이행,건조,맑음,교차로 - 교차로부근,승용,여,29세,상해없음,승용,남,66세,경상
2023101400100018,2023년 10월 14일 01시,토요일,경기도 수원시 팔달구 인계동,경상사고,0,0,1,0,차대사람 - 보도통행중,안전운전불이행,건조,맑음,단일로 - 지하차도(도로)내,개인형이동수단(PM),여,26세,상해없음,보행자,남,40세,경상
2023101400100031,2023년 10월 14일 03시,토요일,경기도 수원시 팔달구 인계동,경상사고,0,0,2,0,차대차 - 추돌,안전운전불이행,건조,맑음,교차로 - 교차로안,승용,남,27세,상해없음,승용,남,71세,경상
2023101400100040,2023년 10월 14일 04시,토요일,경기도 수원시 팔달구 매산로1가,경상사고,0,0,1,0,차대차 - 기타,안전운전불이행,건조,맑음,교차로 - 교차로안,승용,남,54세,상해없음,자전거,남,30세,경상
2023101400100137,2023년 10월 14일 10시,토요일,경기도 수원시 영통구 원천동,경상사고,0,0,1,0,차대차 - 기타,안전운전불이행,건조,맑음,주차장 - 주차장,승용,여,35세,상해없음,승용,여,40세,경상
2023101400100204,2023년 10월 14일 12시,토요일,경기도 수원시 영통구 영통동,중상사고,0,1,0,0,차대차 - 측면충돌,신호위반,건조,맑음,교차로 - 교차로안,승용,남,42세,상해없음,이륜,남,39세,중상
2023101400100206,2023년 10월 14일 12시,토요일,경기도 수원시 팔달구 고등동,경상사고,0,0,1,0,차대차 - 기타,안전운전불이행,기타,흐림,교차로 - 교차로안,개인형이동수단(PM),남,51세,상해없음,이륜,남,41세,경상
2023101400100247,2023년 10월 14일 13시,토요일,경기도 수원시 영통구 매탄동,경상사고,0,0,2,0,차대차 - 기타,안전운전불이행,젖음/습기,비,단일로 - 기타,승용,여,48세,경상,승합,남,47세,경상
2023101400100279,2023년 10월 14일 14시,토요일,경기도 수원시 팔달구 인계동,경상사고,0,0,16,0,차대차 - 측면충돌,안전거리미확보,건조,맑음,단일로 - 기타,승용,여,38세,상해없음,승합,남,54세,경상
2023101400100314,2023년 10월 14일 15시,토요일,경기도 수원시 팔달구 교동,중상사고,0,1,0,0,차대차 - 기타,안전운전불이행,건조,맑음,교차로 - 교차로부근,승용,남,37세,상해없음,승용,남,23세,중상
2023101400100346,2023년 10월 14일 16시,토요일,경기도 수원시 팔달구 인계동,경상사고,0,0,1,0,차대사람 - 횡단중,안전운전불이행,건조,맑음,교차로 - 교차로안,승용,여,34세,상해없음,보행자,남,15세,경상
2023101400100415,2023년 10월 14일 18시,토요일,경기도 수원시 팔달구 남수동,경상사고,0,0,5,0,차대차 - 기타,안전거리미확보,건조,맑음,단일로 - 기타,승용,남,61세,상해없음,승용,여,42세,경상
2023101400100491,2023년 10월 14일 20시,토요일,경기도 수원시 팔달구 인계동,경상사고,0,0,1,0,차대사람 - 기타,안전운전불이행,건조,맑음,단일로 - 기타,승용,남,62세,상해없음,보행자,여,27세,경상
2023101400100492,2023년 10월 14일 20시,토요일,경기도 수원시 권선구 권선동,경상사고,0,0,2,0,차대차 - 추돌,안전운전불이행,건조,맑음,교차로 - 교차로부근,승용,남,30세,상해없음,승용,남,44세,상해없음
2023101400100527,2023년 10월 14일 21시,토요일,경기도 수원시 권선구 세류동,경상사고,0,0,1,0,차대사람 - 기타,안전운전불이행,기타,맑음,교차로 - 교차로안,승용,남,45세,상해없음,보행자,남,34세,경상
2023101400100565,2023년 10월 14일 23시,토요일,경기도 수원시 팔달구 우만동,경상사고,0,0,2,0,차대차 - 기타,안전거리미확보,건조,맑음,단일로 - 기타,승용,여,61세,상해없음,승용,남,51세,경상
2023101400100568,2023년 10월 14일 23시,토요일,경기도 수원시 팔달구 매산로1가,경상사고,0,0,1,0,차대차 - 기타,안전운전불이행,건조,맑음,단일로 - 기타,승용,여,50세,기타불명,승용,남,41세,경상
2023101500100146,2023년 10월 15일 12시,일요일,경기도 수원시 팔달구 인계동,경상사고,0,0,1,0,차대차 - 측면충돌,안전운전불이행,건조,맑음,교차로 - 교차로안,승용,여,50세,상해없음,화물,남,37세,경상
2023101500100171,2023년 10월 15일 13시,일요일,경기도 수원시 팔달구 화서동,중상사고,0,1,1,0,차대차 - 측면충돌,안전운전불이행,건조,맑음,단일로 - 기타,승용,남,47세,상해없음,승용,여,60세,중상
2023101500100172,2023년 10월 15일 13시,일요일,경기도 수원시 팔달구 장안동,경상사고,0,0,1,0,차대사람 - 기타,안전운전불이행,건조,맑음,단일로 - 기타,승용,여,57세,상해없음,보행자,여,30세,경상
2023101500100178,2023년 10월 15일 13시,일요일,경기도 수원시 권선구 평동,경상사고,0,0,1,0,차대차 - 기타,안전거리미확보,건조,맑음,단일로 - 기타,화물,남,57세,상해없음,승합,남,63세,상해없음
2023101500100251,2023년 10월 15일 15시,일요일,경기도 수원시 장안구 영화동,경상사고,0,0,1,0,차량단독 - 공작물충돌,안전운전불이행,기타,맑음,기타 - 기타,자전거,남,70세,경상,,,,
2023101500100257,2023년 10월 15일 15시,일요일,경기도 수원시 권선구 오목천동,중상사고,0,1,0,0,차대차 - 정면충돌,신호위반,건조,맑음,교차로 - 교차로안,승용,여,52세,상해없음,이륜,남,35세,중상
2023101500100281,2023년 10월 15일 16시,일요일,경기도 수원시 팔달구 북수동,경상사고,0,0,1,0,차대사람 - 기타,안전운전불이행,건조,맑음,단일로 - 기타,화물,남,34세,상해없음,보행자,여,29세,경상
2023101500100371,2023년 10월 15일 19시,일요일,경기도 수원시 권선구 탑동,경상사고,0,0,1,0,차대차 - 후진중충돌,안전운전불이행,건조,맑음,교차로 - 교차로부근,승용,남,64세,상해없음,이륜,남,22세,경상
2023101500100432,2023년 10월 15일 22시,일요일,경기도 수원시 팔달구 고등동,경상사고,0,0,1,0,차대사람 - 기타,안전운전불이행,건조,맑음,단일로 - 기타,승용,남,61세,상해없음,보행자,남,60세,경상
2023101600100007,2023년 10월 16일 00시,월요일,경기도 수원시 팔달구 매산로2가,부상신고사고,0,0,0,1,차대사람 - 길가장자리구역통행중,안전운전불이행,건조,맑음,단일로 - 기타,승용,남,29세,상해없음,보행자,남,31세,부상신고
2023101600100036,2023년 10월 16일 05시,월요일,경기도 수원시 팔달구 인계동,중상사고,0,2,1,0,차대차 - 측면충돌,신호위반,건조,맑음,교차로 - 교차로안,승용,남,43세,상해없음,승합,남,40세,중상
2023101600100093,2023년 10월 16일 08시,월요일,경기도 수원시 팔달구 우만동,중상사고,0,1,0,0,차대차 - 측면충돌,신호위반,건조,맑음,교차로 - 교차로안,개인형이동수단(PM),남,19세,중상,승용,여,43세,상해없음
2023101600100094,2023년 10월 16일 08시,월요일,경기도 수원시 팔달구 매향동,중상사고,0,1,0,0,차량단독 - 기타,안전운전불이행,건조,맑음,단일로 - 기타,승합,남,62세,상해없음,,,,
2023101600100140,2023년 10월 16일 09시,월요일,경기도 수원시 장안구 율전동,경상사고,0,0,1,0,차대차 - 기타,안전운전불이행,건조,맑음,단일로 - 기타,화물,남,77세,상해없음,승용,여,42세,경상
2023101600100144,2023년 10월 16일 09시,월요일,경기도 수원시 권선구 서둔동,중상사고,0,1,0,0,차대사람 - 기타,안전운전불이행,건조,맑음,단일로 - 기타,화물,남,49세,상해없음,보행자,남,85세,중상
2023101600100145,2023년 10월 16일 09시,월요일,경기도 수원시 권선구 호매실동,경상사고,0,0,2,0,차대차 - 추돌,안전운전불이행,건조,맑음,단일로 - 기타,승용,여,64세,상해없음,승용,남,36세,경상
2023101600100208,2023년 10월 16일 11시,월요일,경기도 수원시 장안구 파장동,경상사고,0,0,1,0,차대사람 - 차도통행중,안전운전불이행,건조,맑음,교차로 - 교차로부근,승용,남,64세,상해없음,보행자,남,53세,경상
2023101600100219,2023년 10월 16일 11시,월요일,경기도 수원시 영통구 매탄동,경상사고,0,0,2,0,차대차 - 추돌,안전운전불이행,건조,맑음,교차로 - 교차로부근,승용,여,53세,상해없음,승용,여,31세,경상
2023101600100281,2023년 10월 16일 13시,월요일,경기도 수원시 팔달구 인계동,경상사고,0,0,1,0,차대사람 - 기타,보행자보호의무위반,건조,맑음,기타 - 기타,승용,남,36세,상해없음,보행자,여,66세,경상
2023101600100354,2023년 10월 16일 15시,월요일,경기도 수원시 장안구 정자동,경상사고,0,0,1,0,차대사람 - 기타,안전운전불이행,건조,맑음,단일로 - 기타,승합,남,59세,상해없음,보행자,남,81세,경상
2023101600100401,2023년 10월 16일 16시,월요일,경기도 수원시 장안구 연무동,경상사고,0,0,1,0,차대사람 - 기타,안전운전불이행,건조,맑음,단일로 - 기타,승합,남,67세,상해없음,보행자,남,55세,경상
2023101600100451,2023년 10월 16일 17시,월요일,경기도 수원시 팔달구 화서동,경상사고,0,0,1,0,차대사람 - 기타,안전운전불이행,건조,맑음,단일로 - 기타,승용,남,58세,상해없음,보행자,여,87세,경상
2023101600100452,2023년 10월 16일 17시,월요일,경기도 수원시 장안구 정자동,중상사고,0,1,0,0,차대차 - 측면충돌,신호위반,건조,맑음,교차로 - 교차로안,특수,남,27세,상해없음,승용,여,42세,중상
2023101600100508,2023년 10월 16일 18시,월요일,경기도 수원시 영통구 영통동,경상사고,0,0,3,0,차대차 - 측면충돌,안전운전불이행,건조,맑음,단일로 - 지하차도(도로)내,승용,남,35세,경상,승용,여,48세,경상
2023101600100510,2023년 10월 16일 18시,월요일,경기도 수원시 권선구 고색동,경상사고,0,0,1,0,차대차 - 측면충돌,안전운전불이행,건조,맑음,단일로 - 기타,승용,남,29세,상해없음,개인형이동수단(PM),남,40세,경상
2023101600100511,2023년 10월 16일 18시,월요일,경기도 수원시 권선구 오목천동,경상사고,0,0,1,0,차대사람 - 기타,안전운전불이행,건조,맑음,기타 - 기타,승용,여,51세,상해없음,보행자,여,26세,경상
2023101600100512,2023년 10월 16일 18시,월요일,경기도 수원시 권선구 금곡동,중상사고,0,1,0,0,차대차 - 기타,중앙선침범,건조,맑음,단일로 - 기타,승용,여,38세,상해없음,이륜,남,39세,중상
2023101600100609,2023년 10월 16일 21시,월요일,경기도 수원시 권선구 금곡동,경상사고,0,0,1,0,차대차 - 기타,안전운전불이행,건조,맑음,교차로 - 교차로횡단보도내,승용,남,63세,상해없음,자전거,여,36세,경상
2023101600100640,2023년 10월 16일 23시,월요일,경기도 수원시 권선구 세류동,경상사고,0,0,1,0,차대차 - 기타,교차로운행방법위반,건조,맑음,교차로 - 교차로안,이륜,남,37세,경상,승용,남,32세,상해없음
2023101700100105,2023년 10월 17일 08시,화요일,경기도 수원시 권선구 오목천동,경상사고,0,0,1,0,차대차 - 추돌,안전운전불이행,건조,맑음,단일로 - 기타,화물,남,67세,상해없음,자전거,남,11세,경상
2023101700100151,2023년 10월 17일 09시,화요일,경기도 수원시 권선구 당수동,경상사고,0,0,1,0,차대차 - 추돌,안전운전불이행,건조,맑음,교차로 - 교차로안,승용,여,61세,상해없음,승용,남,56세,경상
2023101700100187,2023년 10월 17일 10시,화요일,경기도 수원시 팔달구 매향동,중상사고,0,1,0,0,차대차 - 기타,안전운전불이행,건조,맑음,교차로 - 교차로안,승합,남,55세,상해없음,이륜,남,46세,중상
2023101700100232,2023년 10월 17일 11시,화요일,경기도 수원시 장안구 정자동,경상사고,0,0,1,0,차대차 - 측면충돌,안전운전불이행,건조,맑음,단일로 - 기타,승용,여,28세,상해없음,자전거,여,64세,경상
2023101700100342,2023년 10월 17일 14시,화요일,경기도 수원시 권선구 세류동,중상사고,0,1,0,0,차대차 - 추돌,안전운전불이행,건조,맑음,단일로 - 기타,화물,여,43세,상해없음,자전거,남,62세,중상
2023101700100389,2023년 10월 17일 15시,화요일,경기도 수원시 팔달구 매교동,부상신고사고,0,0,0,1,차대차 - 측면충돌,안전운전불이행,건조,맑음,교차로 - 교차로횡단보도내,자전거,남,11세,부상신고,승용,남,61세,상해없음
2023101700100390,2023년 10월 17일 15시,화요일,경기도 수원시 팔달구 매교동,경상사고,0,0,1,0,차대차 - 측면충돌,안전거리미확보,건조,맑음,교차로 - 교차로부근,승용,여,37세,상해없음,승용,여,47세,경상
2023101700100427,2023년 10월 17일 16시,화요일,경기도 수원시 팔달구 우만동,경상사고,0,0,1,0,차대차 - 기타,안전운전불이행,건조,맑음,단일로 - 기타,승용,남,38세,상해없음,이륜,남,28세,경상
2023101700100433,2023년 10월 17일 16시,화요일,경기도 수원시 팔달구 매산로2가,중상사고,0,1,0,0,차대차 - 기타,신호위반,건조,맑음,단일로 - 기타,승합,남,42세,상해없음,승용,남,60세,상해없음
2023101700100480,2023년 10월 17일 17시,화요일,경기도 수원시 영통구 원천동,경상사고,0,0,1,0,차대사람 - 기타,신호위반,건조,맑음,교차로 - 교차로횡단보도내,원동기,남,26세,상해없음,보행자,남,11세,경상
2023101700100483,2023년 10월 17일 17시,화요일,경기도 수원시 팔달구 고등동,경상사고,0,0,1,0,차대차 - 측면충돌,안전거리미확보,건조,맑음,교차로 - 교차로안,승용,여,23세,상해없음,승용,남,33세,경상
2023101700100522,2023년 10월 17일 18시,화요일,경기도 수원시 권선구 권선동,경상사고,0,0,1,0,차대차 - 측면충돌,안전운전불이행,건조,맑음,단일로 - 지하차도(도로)내,승용,남,26세,상해없음,승용,남,23세,경상
2023101700100584,2023년 10월 17일 19시,화요일,경기도 수원시 영통구 이의동,경상사고,0,0,1,0,차대차 - 측면충돌,안전운전불이행,건조,맑음,교차로 - 교차로안,승용,남,35세,상해없음,승용,남,26세,경상
2023101700100587,2023년 10월 17일 19시,화요일,경기도 수원시 팔달구 고등동,경상사고,0,0,1,0,차대차 - 측면충돌,안전운전불이행,건조,맑음,단일로 - 기타,승용,여,56세,상해없음,이륜,남,40세,경상
2023101700100625,2023년 10월 17일 20시,화요일,경기도 수원시 권선구 고색동,중상사고,0,1,0,0,차대차 - 측면충돌,신호위반,건조,맑음,교차로 - 교차로안,승용,남,29세,상해없음,승용,남,44세,중상
2023101700100626,2023년 10월 17일 20시,화요일,경기도 수원시 영통구 하동,중상사고,0,2,2,2,차대차 - 기타,안전운전불이행,건조,맑음,단일로 - 기타,승용,여,42세,부상신고,승용,남,55세,경상
2023101700100643,2023년 10월 17일 21시,화요일,경기도 수원시 팔달구 우만동,중상사고,0,1,0,0,차대차 - 기타,안전운전불이행,건조,맑음,단일로 - 기타,자전거,남,66세,중상,개인형이동수단(PM),남,24세,기타불명
2023101700100669,2023년 10월 17일 22시,화요일,경기도 수원시 영통구 영통동,중상사고,0,1,0,0,차대사람 - 횡단중,보행자보호의무위반,건조,맑음,단일로 - 지하차도(도로)내,승용,남,55세,상해없음,보행자,남,58세,중상
2023101700100670,2023년 10월 17일 22시,화요일,경기도 수원시 영통구 망포동,경상사고,0,0,1,0,차대차 - 추돌,안전운전불이행,건조,맑음,교차로 - 교차로부근,화물,남,52세,상해없음,승용,남,30세,경상
2023101700100671,2023년 10월 17일 22시,화요일,경기도 수원시 영통구 하동,경상사고,0,0,1,0,차대차 - 측면충돌,안전거리미확보,건조,맑음,교차로 - 교차로부근,승용,남,56세,상해없음,승용,여,25세,상해없음
2023101700100681,2023년 10월 17일 23시,화요일,경기도 수원시 팔달구 우만동,경상사고,0,0,1,0,차대차 - 추돌,안전운전불이행,건조,맑음,교차로 - 교차로안,승용,남,43세,상해없음,승용,여,42세,경상
2023101800100035,2023년 10월 18일 05시,수요일,경기도 수원시 팔달구 인계동,경상사고,0,0,1,0,차대차 - 측면충돌,안전운전불이행,건조,맑음,단일로 - 기타,승용,남,27세,상해없음,승용,여,41세,경상
2023101800100049,2023년 10월 18일 06시,수요일,경기도 수원시 팔달구 북수동,경상사고,0,0,3,0,차대차 - 측면충돌,직진우회전진행방해,건조,맑음,교차로 - 교차로안,승용,남,45세,경상,승용,남,36세,경상
2023101800100050,2023년 10월 18일 06시,수요일,경기도 수원시 팔달구 인계동,경상사고,0,0,1,0,차대차 - 추돌,안전운전불이행,건조,맑음,단일로 - 기타,승용,여,40세,상해없음,승용,남,52세,경상
2023101800100052,2023년 10월 18일 06시,수요일,경기도 수원시 권선구 호매실동,경상사고,0,0,2,0,차대차 - 측면충돌,안전운전불이행,건조,맑음,단일로 - 기타,승용,여,62세,상해없음,승용,남,76세,경상
2023101800100293,2023년 10월 18일 13시,수요일,경기도 수원시 권선구 구운동,경상사고,0,0,1,1,차대차 - 측면충돌,안전운전불이행,건조,맑음,교차로 - 교차로안,승용,남,80세,상해없음,승용,여,28세,부상신고
2023101800100413,2023년 10월 18일 16시,수요일,경기도 수원시 팔달구 인계동,중상사고,0,1,0,0,차대사람 - 보도통행중,기타,건조,맑음,단일로 - 기타,이륜,남,26세,상해없음,보행자,남,32세,중상
2023101800100456,2023년 10월 18일 17시,수요일,경기도 수원시 권선구 입북동,부상신고사고,0,0,0,2,차대차 - 추돌,안전운전불이행,건조,맑음,교차로 - 교차로부근,기타불명,기타불명,미분류,기타불명,승용,여,33세,부상신고
2023101800100498,2023년 10월 18일 18시,수요일,경기도 수원시 팔달구 우만동,중상사고,0,1,0,0,차대차 - 정면충돌,신호위반,건조,맑음,교차로 - 교차로안,승용,여,30세,상해없음,이륜,남,40세,중상
2023101800100547,2023년 10월 18일 19시,수요일,경기도 수원시 팔달구 팔달로2가,중상사고,0,1,0,0,차대차 - 기타,안전거리미확보,건조,맑음,단일로 - 기타,승용,남,69세,상해없음,승합,남,48세,중상
2023101800100552,2023년 10월 18일 19시,수요일,경기도 수원시 팔달구 인계동,경상사고,0,0,2,0,차대차 - 추돌,안전운전불이행,건조,맑음,단일로 - 지하차도(도로)내,승용,여,54세,상해없음,승합,남,53세,상해없음
2023101800100616,2023년 10월 18일 21시,수요일,경기도 수원시 권선구 권선동,중상사고,0,1,0,0,차대차 - 기타,불법유턴,건조,맑음,교차로 - 교차로횡단보도내,자전거,여,50세,중상,승용,여,34세,상해없음
2023101800100644,2023년 10월 18일 22시,수요일,경기도 수원시 장안구 송죽동,경상사고,0,0,1,0,차대차 - 추돌,안전운전불이행,건조,맑음,교차로 - 교차로안,승용,여,54세,상해없음,이륜,남,30세,경상
2023101900100002,2023년 10월 19일 00시,목요일,경기도 수원시 팔달구 매산로1가,중상사고,0,1,0,0,차대차 - 측면충돌,안전운전불이행,건조,맑음,교차로 - 교차로안,승용,남,57세,기타불명,승용,남,55세,중상
2023101900100032,2023년 10월 19일 05시,목요일,경기도 수원시 권선구 고색동,경상사고,0,0,1,0,차대차 - 측면충돌,안전거리미확보,건조,맑음,단일로 - 기타,화물,남,62세,기타불명,화물,남,42세,경상
2023101900100130,2023년 10월 19일 09시,목요일,경기도 수원시 팔달구 우만동,경상사고,0,0,1,0,차대차 - 기타,안전운전불이행,젖음/습기,비,단일로 - 기타,승용,여,29세,기타불명,승용,여,68세,경상
2023101900100228,2023년 10월 19일 12시,목요일,경기도 수원시 장안구 연무동,경상사고,0,0,1,0,차대사람 - 기타,안전운전불이행,건조,맑음,교차로 - 교차로부근,화물,남,35세,상해없음,보행자,여,41세,경상
2023101900100258,2023년 10월 19일 13시,목요일,경기도 수원시 장안구 천천동,경상사고,0,0,1,0,차대차 - 기타,신호위반,젖음/습기,비,교차로 - 교차로안,승용,여,49세,상해없음,이륜,남,25세,경상
2023101900100315,2023년 10월 19일 15시,목요일,경기도 수원시 팔달구 우만동,중상사고,0,1,0,0,차대사람 - 기타,안전운전불이행,젖음/습기,흐림,기타 - 기타,승용,여,53세,상해없음,보행자,여,67세,중상
2023101900100389,2023년 10월 19일 17시,목요일,경기도 수원시 권선구 권선동,경상사고,0,0,1,0,차대차 - 측면충돌,교차로운행방법위반,건조,맑음,교차로 - 교차로안,승용,남,37세,경상,승용,여,27세,상해없음
2023101900100390,2023년 10월 19일 17시,목요일,경기도 수원시 장안구 율전동,경상사고,0,0,1,0,차대차 - 측면충돌,안전운전불이행,건조,맑음,교차로 - 교차로안,화물,남,44세,상해없음,승용,남,32세,경상
2023101900100434,2023년 10월 19일 18시,목요일,경기도 수원시 장안구 정자동,중상사고,0,1,1,0,차대차 - 정면충돌,신호위반,건조,맑음,교차로 - 교차로안,이륜,남,24세,중상,승용,남,63세,경상
2023101900100522,2023년 10월 19일 20시,목요일,경기도 수원시 권선구 평동,경상사고,0,0,2,0,차대차 - 측면충돌,안전거리미확보,건조,맑음,교차로 - 교차로부근,승용,남,51세,상해없음,승용,남,47세,경상
2023101900100608,2023년 10월 19일 23시,목요일,경기도 수원시 권선구 세류동,경상사고,0,0,1,0,차대차 - 측면충돌,신호위반,건조,맑음,교차로 - 교차로안,승용,남,38세,상해없음,승용,남,51세,상해없음
2023102000100010,2023년 10월 20일 01시,금요일,경기도 수원시 권선구 탑동,경상사고,0,0,2,0,차대차 - 기타,안전운전불이행,건조,맑음,단일로 - 기타,승용,남,69세,상해없음,승용,남,49세,기타불명
2023102000100112,2023년 10월 20일 08시,금요일,경기도 수원시 권선구 권선동,경상사고,0,0,1,0,차대차 - 측면충돌,안전운전불이행,건조,맑음,단일로 - 기타,승용,남,32세,상해없음,자전거,여,33세,경상
2023102000100113,2023년 10월 20일 08시,금요일,경기도 수원시 권선구 금곡동,경상사고,0,0,1,0,차대차 - 기타,안전거리미확보,건조,맑음,단일로 - 기타,승용,남,63세,상해없음,승용,여,35세,경상
2023102000100188,2023년 10월 20일 10시,금요일,경기도 수원시 권선구 구운동,중상사고,0,1,0,0,차대차 - 기타,기타,건조,맑음,교차로 - 교차로부근,승합,남,62세,상해없음,자전거,남,75세,중상
2023102000100351,2023년 10월 20일 14시,금요일,경기도 수원시 영통구 매탄동,경상사고,0,0,1,0,차대차 - 기타,안전운전불이행,건조,맑음,교차로 - 교차로횡단보도내,승용,남,28세,상해없음,개인형이동수단(PM),여,19세,경상
2023102000100436,2023년 10월 20일 16시,금요일,경기도 수원시 장안구 영화동,경상사고,0,0,1,0,차대차 - 기타,교차로운행방법위반,건조,맑음,교차로 - 교차로안,승용,여,68세,상해없음,승용,남,34세,경상
2023102000100440,2023년 10월 20일 16시,금요일,경기도 수원시 권선구 권선동,경상사고,0,0,1,0,차대차 - 기타,신호위반,건조,맑음,교차로 - 교차로횡단보도내,승용,남,64세,상해없음,자전거,남,15세,경상
2023102000100441,2023년 10월 20일 16시,금요일,경기도 수원시 팔달구 인계동,경상사고,0,0,1,0,차대차 - 기타,안전운전불이행,건조,맑음,단일로 - 기타,특수,남,23세,기타불명,승용,남,30세,경상
2023102000100443,2023년 10월 20일 16시,금요일,경기도 수원시 권선구 고색동,경상사고,0,0,1,0,차대차 - 후진중충돌,안전운전불이행,건조,맑음,단일로 - 기타,화물,남,54세,기타불명,화물,남,68세,경상
2023102000100571,2023년 10월 20일 18시,금요일,경기도 수원시 권선구 세류동,경상사고,0,0,1,0,차대사람 - 기타,안전운전불이행,기타,맑음,단일로 - 기타,승용,여,26세,상해없음,보행자,남,67세,경상
2023102000100572,2023년 10월 20일 18시,금요일,경기도 수원시 팔달구 인계동,경상사고,0,0,1,0,차대차 - 측면충돌,안전거리미확보,건조,맑음,단일로 - 지하차도(도로)내,승용,남,31세,상해없음,승용,여,60세,경상
2023102000100680,2023년 10월 20일 20시,금요일,경기도 수원시 팔달구 고등동,중상사고,0,2,1,0,차대차 - 기타,교차로운행방법위반,건조,맑음,교차로 - 교차로안,승용,여,57세,상해없음,승용,남,62세,중상
2023102000100681,2023년 10월 20일 20시,금요일,경기도 수원시 팔달구 매산로1가,경상사고,0,0,1,0,차대차 - 기타,안전운전불이행,건조,맑음,교차로 - 교차로부근,승용,여,41세,상해없음,승용,남,58세,경상
2023102000100748,2023년 10월 20일 23시,금요일,경기도 수원시 장안구 천천동,경상사고,0,0,2,0,차대차 - 측면충돌,신호위반,건조,맑음,교차로 - 교차로안,승용,여,47세,상해없음,승용,남,65세,경상