사고번호,사고일시,요일,시군구,사고내용,사망자수,중상자수,경상자수,부상신고자수,사고유형,법규위반,노면상태,기상상태,도로형태,가해운전자 차종,가해운전자 성별,가해운전자 연령,가해운전자 상해정도,피해운전자 차종,피해운전자 성별,피해운전자 연령,피해운전자 상해정도
2023102100100112,2023년 10월 21일 09시,토요일,경기도 수원시 장안구 파장동,경상사고,0,0,1,0,차대사람 - 보도통행중,기타,건조,맑음,단일로 - 기타,승용,남,46세,상해없음,보행자,여,71세,경상
2023102100100113,2023년 10월 21일 09시,토요일,경기도 수원시 장안구 파장동,경상사고,0,0,1,0,차대차 - 기타,직진우회전진행방해,건조,맑음,교차로 - 교차로안,승용,여,37세,상해없음,화물,남,56세,경상
2023102100100155,2023년 10월 21일 10시,토요일,경기도 수원시 권선구 탑동,부상신고사고,0,0,0,1,차대사람 - 기타,안전운전불이행,건조,맑음,교차로 - 교차로안,승용,남,49세,상해없음,보행자,남,52세,부상신고
2023102100100189,2023년 10월 21일 11시,토요일,경기도 수원시 팔달구 북수동,중상사고,0,2,6,0,차대차 - 기타,안전거리미확보,건조,맑음,단일로 - 기타,승용,남,36세,상해없음,승합,남,63세,경상
2023102100100237,2023년 10월 21일 12시,토요일,경기도 수원시 팔달구 인계동,부상신고사고,0,0,0,1,차대차 - 기타,안전운전불이행,건조,맑음,단일로 - 기타,승용,여,57세,상해없음,이륜,남,29세,부상신고
2023102100100240,2023년 10월 21일 12시,토요일,경기도 수원시 권선구 호매실동,중상사고,0,1,0,0,차대차 - 기타,안전거리미확보,건조,맑음,단일로 - 기타,화물,남,64세,상해없음,승용,남,36세,상해없음
2023102100100280,2023년 10월 21일 13시,토요일,경기도 수원시 장안구 파장동,경상사고,0,0,1,0,차대사람 - 횡단중,안전운전불이행,건조,맑음,교차로 - 교차로부근,개인형이동수단(PM),남,63세,상해없음,보행자,여,11세,경상
2023102100100324,2023년 10월 21일 14시,토요일,경기도 수원시 권선구 세류동,중상사고,0,1,0,0,차대사람 - 횡단중,안전운전불이행,건조,맑음,교차로 - 교차로부근,승용,남,66세,상해없음,보행자,남,77세,중상
2023102100100405,2023년 10월 21일 16시,토요일,경기도 수원시 권선구 세류동,경상사고,0,0,1,0,차대차 - 측면충돌,안전운전불이행,건조,맑음,교차로 - 교차로횡단보도내,승용,남,31세,상해없음,자전거,여,24세,경상
2023102100100449,2023년 10월 21일 17시,토요일,경기도 수원시 권선구 탑동,경상사고,0,0,2,0,차대차 - 기타,중앙선침범,건조,맑음,단일로 - 기타,승용,남,82세,기타불명,승용,여,29세,경상
2023102100100520,2023년 10월 21일 19시,토요일,경기도 수원시 장안구 조원동,중상사고,0,1,0,0,차대차 - 측면충돌,안전거리미확보,건조,맑음,교차로 - 교차로부근,승용,남,65세,상해없음,승용,여,25세,중상
2023102100100526,2023년 10월 21일 19시,토요일,경기도 수원시 권선구 세류동,경상사고,0,0,2,0,차대차 - 추돌,안전거리미확보,건조,흐림,교차로 - 교차로부근,승용,남,29세,상해없음,승용,남,26세,경상
2023102100100561,2023년 10월 21일 20시,토요일,경기도 수원시 장안구 연무동,경상사고,0,0,1,0,차대차 - 기타,안전운전불이행,건조,맑음,단일로 - 기타,승용,남,68세,상해없음,승합,남,51세,상해없음
2023102100100591,2023년 10월 21일 21시,토요일,경기도 수원시 영통구 망포동,경상사고,0,0,1,0,차대차 - 기타,안전운전불이행,건조,맑음,기타 - 기타,승용,남,61세,상해없음,자전거,남,11세,경상
2023102100100594,2023년 10월 21일 21시,토요일,경기도 수원시 권선구 서둔동,중상사고,0,1,0,0,차대차 - 기타,신호위반,건조,맑음,교차로 - 교차로안,승용,남,49세,상해없음,승용,남,37세,중상
2023102100100620,2023년 10월 21일 22시,토요일,경기도 수원시 장안구 조원동,경상사고,0,0,2,0,차대차 - 추돌,안전운전불이행,건조,맑음,교차로 - 교차로부근,승용,남,57세,상해없음,승용,남,73세,경상
2023102200100005,2023년 10월 22일 00시,일요일,경기도 수원시 팔달구 우만동,경상사고,0,0,1,0,차대차 - 정면충돌,직진우회전진행방해,건조,맑음,교차로 - 교차로안,승용,남,33세,기타불명,승용,남,62세,경상
2023102200100007,2023년 10월 22일 00시,일요일,경기도 수원시 팔달구 인계동,중상사고,0,1,0,0,차대사람 - 횡단중,안전운전불이행,건조,맑음,단일로 - 기타,승용,남,31세,상해없음,보행자,남,33세,중상
2023102200100043,2023년 10월 22일 05시,일요일,경기도 수원시 권선구 세류동,경상사고,0,0,1,0,차대차 - 추돌,안전운전불이행,건조,맑음,교차로 - 교차로부근,승용,여,23세,상해없음,화물,남,52세,경상
2023102200100052,2023년 10월 22일 06시,일요일,경기도 수원시 팔달구 인계동,중상사고,0,1,0,0,차대사람 - 기타,안전운전불이행,건조,맑음,기타 - 기타,승용,남,63세,상해없음,보행자,남,19세,중상
2023102200100053,2023년 10월 22일 06시,일요일,경기도 수원시 팔달구 매교동,중상사고,0,1,0,0,차대사람 - 기타,안전운전불이행,건조,맑음,교차로 - 교차로부근,승합,남,70세,상해없음,보행자,여,20세,중상
2023102200100143,2023년 10월 22일 11시,일요일,경기도 수원시 장안구 영화동,경상사고,0,0,1,0,차대사람 - 기타,안전운전불이행,건조,맑음,단일로 - 기타,승합,남,45세,상해없음,보행자,여,27세,경상
2023102200100195,2023년 10월 22일 13시,일요일,경기도 수원시 팔달구 매향동,경상사고,0,0,1,0,차대사람 - 길가장자리구역통행중,안전운전불이행,건조,맑음,단일로 - 기타,승용,여,34세,상해없음,보행자,여,45세,경상
2023102200100322,2023년 10월 22일 17시,일요일,경기도 수원시 팔달구 화서동,경상사고,0,0,1,0,차대차 - 기타,불법유턴,건조,맑음,단일로 - 기타,화물,남,54세,상해없음,이륜,남,56세,경상
2023102200100384,2023년 10월 22일 19시,일요일,경기도 수원시 팔달구 우만동,경상사고,0,0,2,0,차대차 - 후진중충돌,안전운전불이행,건조,맑음,교차로 - 교차로안,승용,남,48세,상해없음,승용,남,27세,경상
2023102200100413,2023년 10월 22일 20시,일요일,경기도 수원시 장안구 정자동,중상사고,0,1,0,0,차대차 - 기타,교차로운행방법위반,건조,맑음,교차로 - 교차로안,승합,남,52세,상해없음,이륜,남,21세,중상
2023102300100013,2023년 10월 23일 03시,월요일,경기도 수원시 팔달구 매산로1가,중상사고,0,1,1,0,차량단독 - 공작물충돌,안전운전불이행,건조,맑음,교차로 - 교차로안,승용,남,19세,상해없음,,,,
2023102300100081,2023년 10월 23일 08시,월요일,경기도 수원시 팔달구 화서동,경상사고,0,0,1,0,차대사람 - 횡단중,보행자보호의무위반,건조,맑음,단일로 - 기타,승용,남,65세,상해없음,보행자,여,53세,경상
2023102300100221,2023년 10월 23일 12시,월요일,경기도 수원시 팔달구 장안동,경상사고,0,0,1,0,차대사람 - 기타,안전운전불이행,건조,맑음,단일로 - 기타,승용,여,35세,상해없음,보행자,여,77세,경상
2023102300100331,2023년 10월 23일 15시,월요일,경기도 수원시 팔달구 지동,중상사고,0,1,1,0,차대차 - 측면충돌,교차로운행방법위반,건조,맑음,교차로 - 교차로부근,화물,남,69세,상해없음,화물,남,27세,중상
2023102300100411,2023년 10월 23일 17시,월요일,경기도 수원시 권선구 오목천동,경상사고,0,0,1,0,차량단독 - 기타,기타,건조,맑음,단일로 - 기타,승합,남,53세,상해없음,,,,
2023102300100546,2023년 10월 23일 20시,월요일,경기도 수원시 장안구 천천동,경상사고,0,0,1,0,차대차 - 측면충돌,안전운전불이행,건조,맑음,교차로 - 교차로횡단보도내,승용,남,58세,상해없음,자전거,남,12세,경상
2023102300100550,2023년 10월 23일 20시,월요일,경기도 수원시 팔달구 매산로1가,경상사고,0,0,1,0,차대차 - 측면충돌,안전거리미확보,건조,맑음,단일로 - 기타,승용,남,66세,상해없음,승용,남,26세,경상
2023102400100005,2023년 10월 24일 00시,화요일,경기도 수원시 팔달구 인계동,경상사고,0,0,2,0,차대차 - 측면충돌,안전운전불이행,건조,맑음,단일로 - 기타,승용,여,60세,상해없음,승용,남,21세,경상
2023102400100040,2023년 10월 24일 05시,화요일,경기도 수원시 팔달구 우만동,중상사고,0,1,0,0,차대사람 - 횡단중,보행자보호의무위반,건조,맑음,교차로 - 교차로횡단보도내,승용,남,49세,상해없음,보행자,여,67세,중상
2023102400100067,2023년 10월 24일 07시,화요일,경기도 수원시 권선구 권선동,경상사고,0,0,1,0,차대차 - 측면충돌,안전운전불이행,건조,맑음,단일로 - 지하차도(도로)내,화물,남,71세,상해없음,승용,여,55세,경상
2023102400100087,2023년 10월 24일 08시,화요일,경기도 수원시 영통구 영통동,중상사고,0,1,0,0,차대사람 - 횡단중,보행자보호의무위반,건조,맑음,단일로 - 기타,자전거,여,20세,상해없음,보행자,여,30세,중상
2023102400100131,2023년 10월 24일 09시,화요일,경기도 수원시 팔달구 지동,경상사고,0,0,3,0,차대차 - 기타,신호위반,건조,맑음,교차로 - 교차로안,승용,여,60세,경상,승용,남,69세,경상
2023102400100143,2023년 10월 24일 09시,화요일,경기도 수원시 영통구 영통동,경상사고,0,0,1,0,차대차 - 기타,안전운전불이행,건조,맑음,교차로 - 교차로안,승용,남,24세,상해없음,승용,여,31세,경상
2023102400100144,2023년 10월 24일 09시,화요일,경기도 수원시 영통구 원천동,경상사고,0,0,1,0,차대차 - 측면충돌,안전운전불이행,건조,맑음,교차로 - 교차로안,승용,남,55세,상해없음,개인형이동수단(PM),남,30세,경상
2023102400100192,2023년 10월 24일 10시,화요일,경기도 수원시 영통구 원천동,경상사고,0,0,1,0,차대차 - 정면충돌,직진우회전진행방해,건조,맑음,교차로 - 교차로안,승용,남,35세,상해없음,이륜,남,55세,경상
2023102400100218,2023년 10월 24일 11시,화요일,경기도 수원시 팔달구 팔달로3가,경상사고,0,0,1,0,차대사람 - 차도통행중,안전운전불이행,건조,맑음,교차로 - 교차로부근,화물,남,49세,상해없음,보행자,남,77세,경상
2023102400100243,2023년 10월 24일 12시,화요일,경기도 수원시 장안구 영화동,중상사고,0,1,0,0,차대사람 - 횡단중,신호위반,건조,맑음,교차로 - 교차로횡단보도내,승용,여,59세,상해없음,보행자,여,57세,중상
2023102400100248,2023년 10월 24일 12시,화요일,경기도 수원시 팔달구 인계동,경상사고,0,0,1,0,차대차 - 측면충돌,차로위반,건조,맑음,단일로 - 기타,승용,남,63세,상해없음,승용,남,49세,경상
2023102400100282,2023년 10월 24일 13시,화요일,경기도 수원시 장안구 천천동,경상사고,0,0,1,0,차대차 - 기타,안전운전불이행,건조,맑음,교차로 - 교차로안,화물,남,52세,상해없음,자전거,남,60세,경상
2023102400100390,2023년 10월 24일 16시,화요일,경기도 수원시 권선구 당수동,중상사고,0,1,0,0,차대차 - 기타,안전운전불이행,건조,맑음,교차로 - 교차로횡단보도내,승용,여,19세,상해없음,자전거,여,36세,중상
2023102400100391,2023년 10월 24일 16시,화요일,경기도 수원시 권선구 고색동,경상사고,0,0,2,0,차대차 - 추돌,안전운전불이행,건조,맑음,교차로 - 교차로부근,이륜,남,31세,상해없음,화물,남,48세,경상
2023102400100468,2023년 10월 24일 18시,화요일,경기도 수원시 팔달구 우만동,중상사고,0,1,0,0,차대사람 - 기타,안전운전불이행,건조,맑음,교차로 - 교차로안,승용,여,62세,상해없음,보행자,남,68세,중상
2023102400100473,2023년 10월 24일 18시,화요일,경기도 수원시 영통구 원천동,경상사고,0,0,1,0,차대차 - 기타,안전운전불이행,건조,맑음,교차로 - 교차로횡단보도내,자전거,여,36세,경상,승용,남,60세,상해없음
2023102500100028,2023년 10월 25일 06시,수요일,경기도 수원시 권선구 권선동,경상사고,0,0,1,0,차대차 - 추돌,안전운전불이행,건조,맑음,단일로 - 지하차도(도로)내,승용,남,69세,상해없음,승용,남,65세,경상
2023102500100174,2023년 10월 25일 11시,수요일,경기도 수원시 영통구 원천동,중상사고,0,1,0,0,차량단독 - 기타,안전운전불이행,건조,맑음,단일로 - 지하차도(도로)내,승합,남,64세,상해없음,,,,
2023102500100243,2023년 10월 25일 13시,수요일,경기도 수원시 영통구 망포동,경상사고,0,0,1,0,차대사람 - 기타,보행자보호의무위반,건조,맑음,교차로 - 교차로횡단보도내,자전거,남,9세,상해없음,보행자,남,8세,경상
2023102500100302,2023년 10월 25일 15시,수요일,경기도 수원시 장안구 정자동,경상사고,0,0,4,0,차대차 - 기타,안전운전불이행,건조,맑음,단일로 - 기타,승용,남,65세,상해없음,승용,남,48세,경상
2023102500100430,2023년 10월 25일 18시,수요일,경기도 수원시 장안구 율전동,경상사고,0,0,1,0,차대차 - 기타,신호위반,건조,맑음,교차로 - 교차로안,승용,남,61세,상해없음,이륜,남,19세,경상
2023102500100528,2023년 10월 25일 20시,수요일,경기도 수원시 장안구 조원동,중상사고,0,1,0,0,차대차 - 정면충돌,안전운전불이행,건조,맑음,교차로 - 교차로횡단보도내,자전거,남,29세,중상,이륜,남,54세,상해없음
2023102500100529,2023년 10월 25일 20시,수요일,경기도 수원시 장안구 율전동,중상사고,0,1,1,0,차대차 - 기타,안전거리미확보,건조,맑음,단일로 - 기타,승용,남,28세,상해없음,승용,남,45세,중상
2023102500100570,2023년 10월 25일 22시,수요일,경기도 수원시 권선구 곡반정동,부상신고사고,0,0,0,1,차대차 - 기타,안전운전불이행,건조,맑음,단일로 - 기타,이륜,남,28세,부상신고,이륜,남,38세,상해없음
2023102500100587,2023년 10월 25일 23시,수요일,경기도 수원시 팔달구 인계동,경상사고,0,0,1,0,차대차 - 측면충돌,신호위반,건조,맑음,교차로 - 교차로안,승용,여,38세,상해없음,이륜,남,49세,경상
2023102600100081,2023년 10월 26일 08시,목요일,경기도 수원시 팔달구 팔달로1가,경상사고,0,0,1,0,차대차 - 기타,교차로운행방법위반,건조,맑음,교차로 - 교차로안,승용,남,42세,상해없음,승용,남,47세,경상
2023102600100113,2023년 10월 26일 09시,목요일,경기도 수원시 팔달구 남수동,중상사고,0,1,1,0,차대차 - 정면충돌,직진우회전진행방해,건조,맑음,교차로 - 교차로안,승용,여,50세,경상,화물,남,60세,중상
2023102600100181,2023년 10월 26일 11시,목요일,경기도 수원시 팔달구 인계동,경상사고,0,0,1,0,차대차 - 추돌,안전운전불이행,건조,맑음,교차로 - 교차로부근,승용,남,56세,상해없음,승용,남,54세,경상
2023102600100246,2023년 10월 26일 13시,목요일,경기도 수원시 권선구 탑동,경상사고,0,0,1,0,차대차 - 측면충돌,기타,건조,맑음,단일로 - 기타,승용,남,68세,상해없음,승용,남,37세,경상
2023102600100309,2023년 10월 26일 15시,목요일,경기도 수원시 권선구 권선동,경상사고,0,0,1,0,차대차 - 측면충돌,교차로운행방법위반,건조,맑음,교차로 - 교차로안,승용,여,80세,상해없음,이륜,남,26세,경상
2023102600100392,2023년 10월 26일 17시,목요일,경기도 수원시 권선구 세류동,부상신고사고,0,0,0,1,차대차 - 기타,차로위반,건조,맑음,기타 - 기타,승용,남,52세,상해없음,승용,여,28세,부상신고
2023102600100394,2023년 10월 26일 17시,목요일,경기도 수원시 팔달구 교동,중상사고,0,1,0,0,차대차 - 측면충돌,중앙선침범,건조,맑음,교차로 - 교차로안,승용,여,40세,기타불명,승용,남,36세,중상
2023102600100458,2023년 10월 26일 18시,목요일,경기도 수원시 장안구 조원동,경상사고,0,0,1,0,차대차 - 기타,교차로운행방법위반,건조,맑음,교차로 - 교차로안,승용,여,55세,상해없음,승용,여,34세,경상
2023102600100470,2023년 10월 26일 18시,목요일,경기도 수원시 권선구 권선동,경상사고,0,0,1,0,차대차 - 정면충돌,안전운전불이행,건조,맑음,교차로 - 교차로안,이륜,남,60세,상해없음,승용,남,35세,경상
2023102600100471,2023년 10월 26일 18시,목요일,경기도 수원시 팔달구 인계동,경상사고,0,0,1,0,차대차 - 측면충돌,안전거리미확보,건조,맑음,단일로 - 기타,승용,남,77세,상해없음,승용,남,31세,경상
2023102700100044,2023년 10월 27일 06시,금요일,경기도 수원시 장안구 연무동,중상사고,0,1,0,0,차대차 - 기타,중앙선침범,젖음/습기,비,단일로 - 기타,이륜,남,65세,상해없음,이륜,남,39세,중상
2023102700100048,2023년 10월 27일 06시,금요일,경기도 수원시 권선구 구운동,경상사고,0,0,1,0,차대차 - 측면충돌,안전거리미확보,건조,맑음,단일로 - 기타,승용,남,31세,상해없음,승용,남,44세,경상
2023102700100193,2023년 10월 27일 11시,금요일,경기도 수원시 권선구 권선동,경상사고,0,0,1,0,차대차 - 측면충돌,안전운전불이행,건조,맑음,교차로 - 교차로안,승용,남,35세,상해없음,승용,남,70세,경상
2023102700100528,2023년 10월 27일 19시,금요일,경기도 수원시 권선구 구운동,부상신고사고,0,0,0,1,차대사람 - 기타,안전운전불이행,건조,맑음,교차로 - 교차로부근,기타불명,기타불명,미분류,기타불명,보행자,여,74세,부상신고
2023102700100567,2023년 10월 27일 20시,금요일,경기도 수원시 장안구 송죽동,경상사고,0,0,2,0,차대차 - 기타,안전운전불이행,건조,맑음,단일로 - 기타,이륜,남,37세,경상,자전거,남,11세,경상
2023102700100572,2023년 10월 27일 20시,금요일,경기도 수원시 권선구 권선동,경상사고,0,0,1,0,차대차 - 측면충돌,신호위반,건조,맑음,교차로 - 교차로안,승용,남,28세,상해없음,승용,남,53세,경상
2023102700100573,2023년 10월 27일 20시,금요일,경기도 수원시 영통구 원천동,경상사고,0,0,1,0,차대사람 - 횡단중,안전운전불이행,건조,맑음,교차로 - 교차로안,승용,남,73세,상해없음,보행자,여,31세,경상
2023102700100634,2023년 10월 27일 22시,금요일,경기도 수원시 권선구 고색동,경상사고,0,0,1,0,차대차 - 측면충돌,안전운전불이행,건조,맑음,교차로 - 교차로부근,승용,남,57세,상해없음,승용,여,24세,경상
2023102700100647,2023년 10월 27일 23시,금요일,경기도 수원시 장안구 정자동,경상사고,0,0,1,0,차대차 - 추돌,안전운전불이행,건조,맑음,단일로 - 기타,승용,남,33세,상해없음,이륜,남,31세,경상
2023102700100648,2023년 10월 27일 23시,금요일,경기도 수원시 장안구 조원동,경상사고,0,0,1,0,차대차 - 기타,안전운전불이행,건조,맑음,단일로 - 기타,승용,여,51세,상해없음,자전거,여,23세,경상
2023102700100650,2023년 10월 27일 23시,금요일,경기도 수원시 권선구 권선동,경상사고,0,0,1,0,차대사람 - 횡단중,신호위반,건조,맑음,교차로 - 교차로안,승용,남,68세,상해없음,보행자,남,30세,경상
2023102800100039,2023년 10월 28일 02시,토요일,경기도 수원시 팔달구 인계동,경상사고,0,0,2,0,차대차 - 측면충돌,안전운전불이행,건조,맑음,교차로 - 교차로안,승용,남,24세,상해없음,승용,남,36세,경상
2023102800100043,2023년 10월 28일 03시,토요일,경기도 수원시 팔달구 인계동,경상사고,0,0,1,0,차대사람 - 기타,안전운전불이행,건조,맑음,기타 - 기타,화물,남,59세,상해없음,보행자,여,23세,경상
2023102800100092,2023년 10월 28일 07시,토요일,경기도 수원시 권선구 구운동,경상사고,0,0,1,0,차대차 - 추돌,안전거리미확보,건조,맑음,단일로 - 기타,화물,남,62세,상해없음,승용,여,43세,경상
2023102800100111,2023년 10월 28일 08시,토요일,경기도 수원시 권선구 당수동,경상사고,0,0,2,0,차대차 - 추돌,안전운전불이행,건조,맑음,교차로 - 교차로안,승용,남,59세,상해없음,승용,여,57세,경상
2023102800100112,2023년 10월 28일 08시,토요일,경기도 수원시 권선구 서둔동,중상사고,0,1,0,0,차대차 - 측면충돌,안전거리미확보,건조,맑음,교차로 - 교차로부근,승합,남,60세,상해없음,승용,여,34세,중상
2023102800100138,2023년 10월 28일 09시,토요일,경기도 수원시 영통구 영통동,중상사고,0,1,0,0,차대차 - 기타,안전운전불이행,건조,맑음,교차로 - 교차로안,승용,남,31세,상해없음,이륜,남,39세,중상
2023102800100161,2023년 10월 28일 10시,토요일,경기도 수원시 장안구 조원동,중상사고,0,1,0,0,차대사람 - 기타,안전운전불이행,건조,맑음,단일로 - 기타,이륜,남,22세,상해없음,보행자,여,76세,중상
2023102800100162,2023년 10월 28일 10시,토요일,경기도 수원시 장안구 조원동,중상사고,0,1,0,0,차대사람 - 횡단중,보행자보호의무위반,건조,맑음,교차로 - 교차로횡단보도내,화물,남,60세,상해없음,보행자,남,73세,중상
2023102800100163,2023년 10월 28일 10시,토요일,경기도 수원시 팔달구 화서동,경상사고,0,0,1,1,차대차 - 측면충돌,신호위반,건조,맑음,교차로 - 교차로부근,승용,남,60세,상해없음,승용,남,39세,경상
2023102800100195,2023년 10월 28일 11시,토요일,경기도 수원시 팔달구 중동,경상사고,0,0,1,0,차대차 - 측면충돌,안전운전불이행,건조,맑음,교차로 - 교차로안,승용,남,69세,상해없음,승용,여,41세,경상
2023102800100277,2023년 10월 28일 13시,토요일,경기도 수원시 권선구 권선동,경상사고,0,0,1,0,차대차 - 측면충돌,중앙선침범,건조,맑음,단일로 - 지하차도(도로)내,이륜,남,80세,상해없음,승용,남,44세,경상
2023102800100278,2023년 10월 28일 13시,토요일,경기도 수원시 영통구 매탄동,경상사고,0,0,1,1,차대차 - 추돌,안전운전불이행,건조,맑음,교차로 - 교차로부근,이륜,남,41세,부상신고,이륜,남,35세,경상
2023102800100325,2023년 10월 28일 14시,토요일,경기도 수원시 팔달구 인계동,경상사고,0,0,1,0,차대사람 - 보도통행중,기타,건조,맑음,단일로 - 기타,화물,남,46세,상해없음,보행자,여,29세,경상
2023102800100502,2023년 10월 28일 18시,토요일,경기도 수원시 권선구 권선동,중상사고,0,1,0,0,차대차 - 기타,신호위반,건조,맑음,교차로 - 교차로안,승용,남,42세,상해없음,원동기,남,21세,중상
2023102800100503,2023년 10월 28일 18시,토요일,경기도 수원시 권선구 탑동,경상사고,0,0,1,0,차대차 - 측면충돌,안전거리미확보,건조,맑음,교차로 - 교차로부근,승용,남,38세,상해없음,이륜,남,27세,경상
2023102800100504,2023년 10월 28일 18시,토요일,경기도 수원시 권선구 탑동,경상사고,0,0,1,0,차대차 - 측면충돌,안전운전불이행,건조,맑음,교차로 - 교차로부근,승용,남,61세,상해없음,승용,남,27세,경상
2023102800100557,2023년 10월 28일 19시,토요일,경기도 수원시 영통구 영통동,경상사고,0,0,1,0,차대차 - 정면충돌,신호위반,건조,맑음,교차로 - 교차로안,승용,남,76세,상해없음,승용,남,22세,경상
2023102800100578,2023년 10월 28일 20시,토요일,경기도 수원시 장안구 정자동,경상사고,0,0,2,0,차대차 - 측면충돌,신호위반,건조,맑음,교차로 - 교차로부근,승용,여,20세,상해없음,승용,남,37세,경상
2023102800100581,2023년 10월 28일 20시,토요일,경기도 수원시 팔달구 인계동,경상사고,0,0,1,0,차대차 - 측면충돌,안전운전불이행,건조,맑음,단일로 - 기타,승용,남,50세,상해없음,승용,남,27세,상해없음
2023102800100637,2023년 10월 28일 23시,토요일,경기도 수원시 권선구 구운동,중상사고,0,1,0,0,차대차 - 측면충돌,중앙선침범,건조,맑음,교차로 - 교차로부근,승용,남,52세,상해없음,이륜,남,27세,중상
2023102900100002,2023년 10월 29일 00시,일요일,경기도 수원시 장안구 정자동,경상사고,0,0,1,0,차대차 - 기타,중앙선침범,건조,맑음,단일로 - 기타,화물,남,24세,상해없음,이륜,남,33세,경상
2023102900100081,2023년 10월 29일 09시,일요일,경기도 수원시 영통구 망포동,경상사고,0,0,1,0,차대차 - 기타,교차로운행방법위반,건조,맑음,교차로 - 교차로부근,승용,여,35세,상해없음,자전거,남,40세,경상
2023102900100082,2023년 10월 29일 09시,일요일,경기도 수원시 팔달구 인계동,경상사고,0,0,1,0,차대차 - 기타,안전운전불이행,건조,맑음,단일로 - 기타,승용,여,25세,상해없음,승용,남,47세,경상
2023102900100107,2023년 10월 29일 10시,일요일,경기도 수원시 영통구 매탄동,중상사고,0,1,0,0,차대차 - 기타,안전운전불이행,건조,맑음,단일로 - 기타,승합,남,62세,기타불명,이륜,남,32세,중상
2023102900100134,2023년 10월 29일 11시,일요일,경기도 수원시 장안구 율전동,경상사고,0,0,1,0,차대사람 - 횡단중,신호위반,건조,맑음,교차로 - 교차로횡단보도내,원동기,남,32세,상해없음,보행자,여,56세,경상
2023102900100160,2023년 10월 29일 12시,일요일,경기도 수원시 팔달구 우만동,경상사고,0,0,3,0,차대차 - 기타,안전운전불이행,건조,맑음,단일로 - 기타,승용,남,62세,상해없음,승용,남,61세,경상
2023102900100195,2023년 10월 29일 13시,일요일,경기도 수원시 팔달구 인계동,경상사고,0,0,1,0,차대차 - 기타,안전운전불이행,건조,맑음,교차로 - 교차로부근,자전거,남,28세,경상,승용,여,53세,상해없음
2023102900100310,2023년 10월 29일 16시,일요일,경기도 수원시 팔달구 매향동,경상사고,0,0,4,0,차대차 - 측면충돌,신호위반,건조,맑음,단일로 - 기타,승용,남,56세,상해없음,승용,여,41세,경상
2023102900100393,2023년 10월 29일 18시,일요일,경기도 수원시 영통구 매탄동,경상사고,0,0,1,0,차대차 - 정면충돌,신호위반,건조,맑음,교차로 - 교차로안,이륜,남,17세,상해없음,승용,남,49세,경상
2023102900100395,2023년 10월 29일 18시,일요일,경기도 수원시 권선구 금곡동,부상신고사고,0,0,0,1,차대차 - 기타,안전운전불이행,건조,맑음,단일로 - 기타,승용,남,31세,상해없음,이륜,남,35세,부상신고
2023102900100509,2023년 10월 29일 23시,일요일,경기도 수원시 영통구 이의동,경상사고,0,0,1,0,차대차 - 정면충돌,신호위반,건조,맑음,교차로 - 교차로부근,이륜,남,38세,경상,승용,남,26세,상해없음
2023103000100004,2023년 10월 30일 00시,월요일,경기도 수원시 팔달구 우만동,경상사고,0,0,1,0,차대사람 - 기타,안전운전불이행,건조,맑음,교차로 - 교차로안,승용,남,66세,상해없음,보행자,남,26세,경상
2023103000100006,2023년 10월 30일 00시,월요일,경기도 수원시 권선구 탑동,부상신고사고,0,0,0,1,차대차 - 추돌,안전운전불이행,건조,맑음,단일로 - 지하차도(도로)내,승용,남,48세,상해없음,승용,남,58세,부상신고
2023103000100084,2023년 10월 30일 08시,월요일,경기도 수원시 팔달구 우만동,중상사고,0,1,2,0,차대차 - 기타,직진우회전진행방해,건조,맑음,교차로 - 교차로안,승용,여,61세,경상,승용,여,39세,중상
2023103000100152,2023년 10월 30일 10시,월요일,경기도 수원시 장안구 정자동,중상사고,0,1,2,1,차대차 - 측면충돌,신호위반,건조,맑음,교차로 - 교차로안,승용,여,54세,부상신고,승용,여,54세,중상
2023103000100181,2023년 10월 30일 11시,월요일,경기도 수원시 팔달구 우만동,경상사고,0,0,1,0,차대차 - 기타,안전운전불이행,건조,맑음,단일로 - 기타,승용,여,44세,상해없음,승용,여,40세,경상
2023103000100219,2023년 10월 30일 12시,월요일,경기도 수원시 팔달구 화서동,경상사고,0,0,2,0,차대차 - 기타,직진우회전진행방해,건조,맑음,교차로 - 교차로안,승용,여,47세,경상,승용,여,69세,경상
2023103000100220,2023년 10월 30일 12시,월요일,경기도 수원시 장안구 정자동,경상사고,0,0,1,0,차대사람 - 기타,안전운전불이행,건조,맑음,단일로 - 기타,승용,여,55세,상해없음,보행자,여,61세,경상