사고번호,사고일시,요일,시군구,사고내용,사망자수,중상자수,경상자수,부상신고자수,사고유형,법규위반,노면상태,기상상태,도로형태,가해운전자 차종,가해운전자 성별,가해운전자 연령,가해운전자 상해정도,피해운전자 차종,피해운전자 성별,피해운전자 연령,피해운전자 상해정도
2023120500100118,2023년 12월 5일 09시,화요일,경기도 수원시 팔달구 매교동,사망사고,1,0,0,0,차대사람 - 차도통행중,안전운전불이행,건조,맑음,교차로 - 교차로안,승용,남,36세,상해없음,보행자,남,82세,사망
2023120500100229,2023년 12월 5일 13시,화요일,경기도 수원시 장안구 연무동,경상사고,0,0,1,0,차대차 - 기타,직진우회전진행방해,건조,맑음,교차로 - 교차로안,자전거,남,27세,경상,승용,여,55세,상해없음
2023120500100307,2023년 12월 5일 15시,화요일,경기도 수원시 권선구 권선동,경상사고,0,0,1,0,차대차 - 후진중충돌,불법유턴,건조,맑음,교차로 - 교차로부근,승용,남,71세,상해없음,승용,남,31세,경상
2023120500100510,2023년 12월 5일 20시,화요일,경기도 수원시 영통구 망포동,중상사고,0,1,0,0,차대차 - 기타,안전운전불이행,건조,맑음,교차로 - 교차로횡단보도내,승용,여,30세,상해없음,자전거,남,11세,중상
2023120600100002,2023년 12월 6일 00시,수요일,경기도 수원시 권선구 곡반정동,중상사고,0,1,0,0,차대차 - 기타,신호위반,건조,맑음,교차로 - 교차로부근,승용,여,64세,상해없음,이륜,남,20세,중상
2023120600100065,2023년 12월 6일 07시,수요일,경기도 수원시 권선구 고색동,경상사고,0,0,3,0,차대차 - 정면충돌,신호위반,건조,맑음,교차로 - 교차로안,승용,남,71세,기타불명,승용,남,32세,경상
2023120600100093,2023년 12월 6일 08시,수요일,경기도 수원시 팔달구 우만동,경상사고,0,0,1,0,차대차 - 기타,신호위반,건조,맑음,교차로 - 교차로안,자전거,남,14세,경상,승용,여,53세,상해없음
2023120600100097,2023년 12월 6일 08시,수요일,경기도 수원시 영통구 영통동,경상사고,0,0,1,0,차대차 - 측면충돌,직진우회전진행방해,건조,맑음,교차로 - 교차로안,승용,여,32세,상해없음,승용,여,29세,경상
2023120600100098,2023년 12월 6일 08시,수요일,경기도 수원시 팔달구 매산로1가,경상사고,0,0,1,0,차대사람 - 기타,안전운전불이행,건조,맑음,단일로 - 기타,승합,남,48세,상해없음,보행자,여,25세,경상
2023120600100128,2023년 12월 6일 09시,수요일,경기도 수원시 권선구 권선동,중상사고,0,1,3,0,차대차 - 추돌,안전운전불이행,건조,맑음,단일로 - 기타,승용,남,43세,상해없음,승용,여,31세,중상
2023120600100283,2023년 12월 6일 15시,수요일,경기도 수원시 권선구 세류동,경상사고,0,0,1,0,차대차 - 측면충돌,안전운전불이행,젖음/습기,흐림,기타 - 기타,승용,남,22세,상해없음,승용,여,25세,경상
2023120600100425,2023년 12월 6일 18시,수요일,경기도 수원시 팔달구 우만동,경상사고,0,0,1,0,차대차 - 기타,안전운전불이행,젖음/습기,흐림,단일로 - 기타,화물,남,53세,상해없음,이륜,남,27세,경상
2023120600100438,2023년 12월 6일 18시,수요일,경기도 수원시 영통구 영통동,경상사고,0,0,3,0,차대차 - 측면충돌,교차로운행방법위반,젖음/습기,비,교차로 - 교차로안,승용,여,41세,상해없음,승용,남,55세,경상
2023120600100442,2023년 12월 6일 18시,수요일,경기도 수원시 팔달구 고등동,경상사고,0,0,1,0,차대사람 - 기타,안전운전불이행,건조,맑음,교차로 - 교차로부근,승용,여,38세,상해없음,보행자,여,69세,경상
2023120600100503,2023년 12월 6일 19시,수요일,경기도 수원시 장안구 정자동,부상신고사고,0,0,0,3,차대차 - 추돌,안전운전불이행,건조,맑음,교차로 - 교차로안,승용,남,53세,상해없음,승용,남,34세,부상신고
2023120600100581,2023년 12월 6일 22시,수요일,경기도 수원시 권선구 권선동,경상사고,0,0,1,0,차대차 - 측면충돌,안전거리미확보,건조,맑음,단일로 - 기타,승용,남,23세,상해없음,승용,남,23세,경상
2023120700100093,2023년 12월 7일 08시,목요일,경기도 수원시 권선구 고색동,부상신고사고,0,0,0,1,차대차 - 기타,직진우회전진행방해,건조,맑음,교차로 - 교차로안,자전거,남,26세,부상신고,승용,여,46세,상해없음
2023120700100125,2023년 12월 7일 09시,목요일,경기도 수원시 영통구 망포동,경상사고,0,0,1,0,차대차 - 측면충돌,신호위반,건조,맑음,교차로 - 교차로안,승용,여,64세,상해없음,자전거,여,56세,경상
2023120700100152,2023년 12월 7일 10시,목요일,경기도 수원시 장안구 영화동,경상사고,0,0,1,0,차대차 - 기타,안전거리미확보,건조,맑음,단일로 - 기타,승용,여,38세,상해없음,승용,여,51세,경상
2023120700100183,2023년 12월 7일 11시,목요일,경기도 수원시 장안구 정자동,경상사고,0,0,1,0,차대차 - 기타,안전운전불이행,건조,맑음,주차장 - 주차장,승용,남,29세,상해없음,승용,남,59세,경상
2023120700100241,2023년 12월 7일 13시,목요일,경기도 수원시 장안구 영화동,경상사고,0,0,1,0,차대사람 - 기타,안전운전불이행,건조,맑음,단일로 - 기타,승용,여,64세,상해없음,보행자,여,41세,경상
2023120700100243,2023년 12월 7일 13시,목요일,경기도 수원시 영통구 영통동,중상사고,0,1,0,0,차대차 - 측면충돌,안전운전불이행,건조,맑음,교차로 - 교차로안,승용,여,42세,상해없음,이륜,남,26세,중상
2023120700100244,2023년 12월 7일 13시,목요일,경기도 수원시 권선구 서둔동,경상사고,0,0,3,0,차대차 - 추돌,안전운전불이행,건조,맑음,교차로 - 교차로안,승용,여,73세,상해없음,화물,남,42세,경상
2023120700100276,2023년 12월 7일 14시,목요일,경기도 수원시 권선구 서둔동,중상사고,0,1,0,0,차대차 - 기타,안전운전불이행,건조,맑음,교차로 - 교차로횡단보도내,승용,남,33세,상해없음,자전거,남,71세,중상
2023120700100432,2023년 12월 7일 18시,목요일,경기도 수원시 장안구 조원동,경상사고,0,0,1,0,차대차 - 기타,안전거리미확보,건조,맑음,단일로 - 기타,승용,여,31세,상해없음,승용,여,55세,경상
2023120700100438,2023년 12월 7일 18시,목요일,경기도 수원시 권선구 곡반정동,경상사고,0,0,1,0,차대차 - 정면충돌,신호위반,건조,맑음,교차로 - 교차로안,승합,남,57세,상해없음,이륜,남,26세,경상
2023120700100439,2023년 12월 7일 18시,목요일,경기도 수원시 영통구 매탄동,경상사고,0,0,1,0,차대사람 - 기타,안전운전불이행,건조,맑음,기타 - 기타,승용,여,29세,상해없음,보행자,남,34세,경상
2023120700100440,2023년 12월 7일 18시,목요일,경기도 수원시 영통구 매탄동,경상사고,0,0,1,0,차대차 - 기타,안전운전불이행,건조,맑음,기타 - 기타,승용,여,32세,기타불명,승용,남,48세,경상
2023120700100492,2023년 12월 7일 19시,목요일,경기도 수원시 장안구 영화동,경상사고,0,0,1,0,차대사람 - 횡단중,안전운전불이행,건조,맑음,교차로 - 교차로안,승용,여,51세,상해없음,보행자,남,49세,경상
2023120700100498,2023년 12월 7일 19시,목요일,경기도 수원시 영통구 하동,경상사고,0,0,1,0,차대사람 - 횡단중,보행자보호의무위반,건조,맑음,교차로 - 교차로안,승용,남,47세,상해없음,보행자,여,35세,경상
2023120700100499,2023년 12월 7일 19시,목요일,경기도 수원시 권선구 대황교동,경상사고,0,0,2,0,차대차 - 측면충돌,신호위반,건조,맑음,교차로 - 교차로안,건설기계,남,56세,상해없음,승용,남,32세,경상
2023120700100530,2023년 12월 7일 20시,목요일,경기도 수원시 영통구 원천동,경상사고,0,0,1,0,차대차 - 측면충돌,안전거리미확보,건조,맑음,교차로 - 교차로안,승용,남,54세,상해없음,승용,여,32세,경상
2023120700100547,2023년 12월 7일 21시,목요일,경기도 수원시 팔달구 남수동,경상사고,0,0,2,0,차대차 - 측면충돌,안전운전불이행,건조,맑음,단일로 - 기타,승용,남,53세,상해없음,승용,남,30세,경상
2023120700100588,2023년 12월 7일 23시,목요일,경기도 수원시 장안구 연무동,경상사고,0,0,1,0,차대사람 - 기타,보행자보호의무위반,건조,맑음,교차로 - 교차로횡단보도내,승용,여,30세,상해없음,보행자,남,19세,경상
2023120700100590,2023년 12월 7일 23시,목요일,경기도 수원시 영통구 영통동,경상사고,0,0,2,0,차대차 - 측면충돌,신호위반,건조,맑음,교차로 - 교차로안,승용,여,40세,경상,승용,남,29세,경상
2023120700100591,2023년 12월 7일 23시,목요일,경기도 수원시 팔달구 고등동,중상사고,0,1,0,0,차대사람 - 횡단중,안전운전불이행,건조,맑음,교차로 - 교차로부근,승용,남,45세,기타불명,보행자,여,78세,중상
2023120800100025,2023년 12월 8일 05시,금요일,경기도 수원시 영통구 매탄동,중상사고,0,1,0,0,차대차 - 추돌,안전운전불이행,건조,맑음,교차로 - 교차로부근,승용,남,49세,상해없음,승용,남,47세,중상
2023120800100184,2023년 12월 8일 11시,금요일,경기도 수원시 영통구 망포동,부상신고사고,0,0,0,1,차대차 - 기타,안전운전불이행,건조,맑음,교차로 - 교차로부근,이륜,남,44세,부상신고,승용,남,69세,상해없음
2023120800100329,2023년 12월 8일 15시,금요일,경기도 수원시 장안구 영화동,경상사고,0,0,2,0,차대차 - 측면충돌,직진우회전진행방해,건조,맑음,교차로 - 교차로안,화물,남,42세,경상,승용,남,63세,경상
2023120800100335,2023년 12월 8일 15시,금요일,경기도 수원시 영통구 망포동,부상신고사고,0,0,0,1,차대사람 - 차도통행중,안전운전불이행,건조,맑음,교차로 - 교차로부근,화물,남,38세,상해없음,보행자,남,69세,부상신고
2023120800100376,2023년 12월 8일 16시,금요일,경기도 수원시 팔달구 화서동,경상사고,0,0,1,0,차대사람 - 횡단중,안전운전불이행,건조,맑음,교차로 - 교차로부근,자전거,남,74세,상해없음,보행자,여,59세,경상
2023120800100415,2023년 12월 8일 17시,금요일,경기도 수원시 영통구 매탄동,경상사고,0,0,1,0,차대차 - 기타,안전거리미확보,건조,맑음,교차로 - 교차로부근,화물,남,44세,상해없음,승용,남,54세,경상
2023120800100535,2023년 12월 8일 19시,금요일,경기도 수원시 영통구 망포동,경상사고,0,0,1,1,차대차 - 추돌,안전운전불이행,건조,맑음,단일로 - 터널,승용,남,62세,상해없음,승용,여,45세,경상
2023120800100536,2023년 12월 8일 19시,금요일,경기도 수원시 영통구 망포동,경상사고,0,0,1,0,차대차 - 추돌,안전운전불이행,건조,맑음,단일로 - 터널,승용,여,36세,상해없음,승용,여,53세,경상
2023120800100537,2023년 12월 8일 19시,금요일,경기도 수원시 영통구 매탄동,중상사고,0,1,0,0,차대차 - 추돌,신호위반,건조,맑음,교차로 - 교차로안,승용,남,31세,상해없음,승용,여,53세,중상
2023120800100538,2023년 12월 8일 19시,금요일,경기도 수원시 팔달구 매산로1가,경상사고,0,0,1,0,차대차 - 기타,안전운전불이행,건조,맑음,단일로 - 기타,승용,여,42세,상해없음,이륜,남,51세,경상
2023120800100591,2023년 12월 8일 21시,금요일,경기도 수원시 장안구 정자동,경상사고,0,0,2,0,차대차 - 기타,신호위반,건조,맑음,교차로 - 교차로안,승용,남,32세,상해없음,승용,여,30세,경상
2023120900100009,2023년 12월 9일 00시,토요일,경기도 수원시 팔달구 인계동,경상사고,0,0,1,0,차대사람 - 기타,안전운전불이행,건조,맑음,기타 - 기타,승용,남,32세,상해없음,보행자,남,24세,경상
2023120900100032,2023년 12월 9일 02시,토요일,경기도 수원시 팔달구 인계동,경상사고,0,0,1,0,차대사람 - 기타,안전운전불이행,건조,맑음,교차로 - 교차로횡단보도내,승용,남,66세,상해없음,보행자,여,20세,경상
2023120900100045,2023년 12월 9일 04시,토요일,경기도 수원시 팔달구 인계동,경상사고,0,0,1,0,차대차 - 후진중충돌,안전운전불이행,건조,맑음,단일로 - 지하차도(도로)내,승용,남,27세,상해없음,승용,남,43세,경상
2023120900100057,2023년 12월 9일 05시,토요일,경기도 수원시 영통구 매탄동,중상사고,0,1,0,0,차대사람 - 차도통행중,안전운전불이행,건조,맑음,단일로 - 지하차도(도로)내,승용,남,41세,상해없음,보행자,남,55세,중상
2023120900100243,2023년 12월 9일 13시,토요일,경기도 수원시 영통구 망포동,부상신고사고,0,0,0,1,차대차 - 기타,안전거리미확보,건조,맑음,단일로 - 기타,승용,여,34세,상해없음,이륜,남,50세,부상신고
2023120900100314,2023년 12월 9일 15시,토요일,경기도 수원시 장안구 영화동,경상사고,0,0,1,0,차대사람 - 기타,안전운전불이행,건조,맑음,단일로 - 기타,이륜,남,53세,상해없음,보행자,여,50세,경상
2023120900100350,2023년 12월 9일 16시,토요일,경기도 수원시 권선구 곡반정동,중상사고,0,1,0,0,차대차 - 측면충돌,안전운전불이행,건조,맑음,단일로 - 기타,승용,여,25세,상해없음,자전거,남,74세,중상
2023120900100412,2023년 12월 9일 18시,토요일,경기도 수원시 장안구 정자동,경상사고,0,0,1,0,차대차 - 기타,교차로운행방법위반,건조,맑음,교차로 - 교차로안,승용,남,60세,상해없음,이륜,남,55세,경상
2023120900100489,2023년 12월 9일 20시,토요일,경기도 수원시 권선구 평동,경상사고,0,0,1,0,차대차 - 측면충돌,안전운전불이행,건조,맑음,교차로 - 교차로부근,승용,여,57세,상해없음,승용,여,57세,경상
2023120900100559,2023년 12월 9일 23시,토요일,경기도 수원시 장안구 송죽동,경상사고,0,0,1,0,차대차 - 추돌,안전운전불이행,건조,흐림,교차로 - 교차로부근,승용,남,32세,상해없음,승용,남,54세,경상
2023120900100560,2023년 12월 9일 23시,토요일,경기도 수원시 장안구 송죽동,경상사고,0,0,1,0,차대차 - 기타,교차로운행방법위반,건조,맑음,교차로 - 교차로안,화물,남,54세,상해없음,승용,남,46세,경상
2023121000100007,2023년 12월 10일 00시,일요일,경기도 수원시 팔달구 인계동,부상신고사고,0,0,0,1,차대사람 - 기타,보행자보호의무위반,건조,맑음,기타 - 기타,승용,남,22세,상해없음,보행자,남,25세,부상신고
2023121000100036,2023년 12월 10일 02시,일요일,경기도 수원시 팔달구 북수동,경상사고,0,0,1,0,차대차 - 추돌,안전운전불이행,건조,맑음,교차로 - 교차로부근,승용,남,34세,상해없음,승용,남,56세,경상
2023121000100046,2023년 12월 10일 03시,일요일,경기도 수원시 권선구 권선동,경상사고,0,0,1,1,차대차 - 추돌,안전운전불이행,건조,맑음,교차로 - 교차로부근,승용,남,28세,상해없음,승용,남,50세,경상
2023121000100061,2023년 12월 10일 07시,일요일,경기도 수원시 팔달구 우만동,경상사고,0,0,2,1,차대차 - 측면충돌,중앙선침범,건조,맑음,교차로 - 교차로안,승용,남,63세,부상신고,승용,남,54세,경상
2023121000100099,2023년 12월 10일 10시,일요일,경기도 수원시 장안구 율전동,경상사고,0,0,1,0,차대차 - 기타,교차로운행방법위반,건조,맑음,교차로 - 교차로안,승용,여,51세,상해없음,자전거,남,98세 이상,경상
2023121000100102,2023년 12월 10일 10시,일요일,경기도 수원시 팔달구 인계동,경상사고,0,0,3,1,차대차 - 측면충돌,안전거리미확보,건조,맑음,단일로 - 기타,승용,여,80세,경상,승용,남,46세,경상
2023121000100162,2023년 12월 10일 13시,일요일,경기도 수원시 권선구 세류동,경상사고,0,0,1,0,차대차 - 측면충돌,안전운전불이행,건조,맑음,교차로 - 교차로안,이륜,남,20세,상해없음,승용,남,60세,경상
2023121000100194,2023년 12월 10일 14시,일요일,경기도 수원시 팔달구 매산로1가,경상사고,0,0,2,0,차대차 - 기타,교차로운행방법위반,건조,맑음,교차로 - 교차로안,승용,여,42세,상해없음,승용,남,37세,경상
2023121000100214,2023년 12월 10일 15시,일요일,경기도 수원시 팔달구 팔달로2가,중상사고,0,1,2,0,차대차 - 기타,안전거리미확보,건조,맑음,교차로 - 교차로안,화물,남,60세,상해없음,승합,남,50세,중상
2023121000100215,2023년 12월 10일 15시,일요일,경기도 수원시 장안구 조원동,경상사고,0,0,1,0,차대사람 - 기타,기타,건조,맑음,교차로 - 교차로부근,화물,남,62세,상해없음,보행자,여,16세,경상
2023121000100286,2023년 12월 10일 17시,일요일,경기도 수원시 영통구 원천동,경상사고,0,0,4,0,차대차 - 추돌,안전운전불이행,건조,맑음,단일로 - 기타,화물,남,75세,상해없음,승용,남,42세,경상
2023121000100320,2023년 12월 10일 18시,일요일,경기도 수원시 팔달구 남수동,경상사고,0,0,1,0,차대사람 - 횡단중,안전운전불이행,건조,맑음,단일로 - 기타,이륜,남,44세,상해없음,보행자,남,71세,경상
2023121100100014,2023년 12월 11일 02시,월요일,경기도 수원시 팔달구 인계동,중상사고,0,1,0,0,차대사람 - 횡단중,보행자보호의무위반,젖음/습기,비,교차로 - 교차로횡단보도내,원동기,남,30세,상해없음,보행자,여,21세,중상
2023121100100018,2023년 12월 11일 03시,월요일,경기도 수원시 권선구 대황교동,사망사고,1,0,0,0,차대사람 - 차도통행중,안전운전불이행,젖음/습기,맑음,기타 - 기타,화물,남,45세,상해없음,보행자,남,58세,사망
2023121100100019,2023년 12월 11일 03시,월요일,경기도 수원시 팔달구 인계동,경상사고,0,0,1,0,차량단독 - 기타,안전운전불이행,젖음/습기,비,단일로 - 기타,이륜,남,49세,경상,,,,
2023121100100043,2023년 12월 11일 06시,월요일,경기도 수원시 권선구 세류동,중상사고,0,1,0,0,차대차 - 기타,안전운전불이행,건조,맑음,교차로 - 교차로안,승용,여,55세,상해없음,원동기,남,64세,중상
2023121100100046,2023년 12월 11일 06시,월요일,경기도 수원시 권선구 서둔동,경상사고,0,0,1,0,차대사람 - 횡단중,보행자보호의무위반,건조,맑음,교차로 - 교차로횡단보도내,승용,남,53세,상해없음,보행자,남,43세,경상
2023121100100108,2023년 12월 11일 08시,월요일,경기도 수원시 영통구 이의동,경상사고,0,0,1,0,차대차 - 추돌,안전운전불이행,건조,맑음,기타 - 기타,승용,남,66세,상해없음,승용,남,46세,경상
2023121100100109,2023년 12월 11일 08시,월요일,경기도 수원시 영통구 하동,중상사고,0,1,2,0,차대차 - 추돌,안전운전불이행,건조,맑음,교차로 - 교차로부근,승용,남,74세,상해없음,승용,여,37세,중상
2023121100100233,2023년 12월 11일 12시,월요일,경기도 수원시 장안구 송죽동,경상사고,0,0,1,0,차대사람 - 횡단중,보행자보호의무위반,젖음/습기,비,교차로 - 교차로횡단보도내,승용,남,73세,상해없음,보행자,여,23세,경상
2023121100100267,2023년 12월 11일 13시,월요일,경기도 수원시 팔달구 매산로2가,경상사고,0,0,2,0,차대차 - 기타,안전거리미확보,젖음/습기,비,단일로 - 기타,승합,남,60세,기타불명,승용,남,28세,경상
2023121100100292,2023년 12월 11일 14시,월요일,경기도 수원시 권선구 구운동,중상사고,0,1,0,0,차량단독 - 기타,안전운전불이행,젖음/습기,비,단일로 - 기타,승합,남,46세,상해없음,,,,
2023121100100323,2023년 12월 11일 15시,월요일,경기도 수원시 권선구 탑동,경상사고,0,0,1,0,차대차 - 추돌,안전운전불이행,젖음/습기,비,단일로 - 기타,승용,남,41세,상해없음,승용,남,49세,경상
2023121100100473,2023년 12월 11일 18시,월요일,경기도 수원시 팔달구 지동,경상사고,0,0,1,0,차대차 - 후진중충돌,안전운전불이행,젖음/습기,비,기타 - 기타,승용,남,54세,상해없음,승용,여,40세,경상
2023121100100474,2023년 12월 11일 18시,월요일,경기도 수원시 팔달구 화서동,경상사고,0,0,2,1,차대차 - 측면충돌,신호위반,젖음/습기,비,교차로 - 교차로안,승용,여,48세,부상신고,승용,남,62세,경상
2023121100100475,2023년 12월 11일 18시,월요일,경기도 수원시 장안구 정자동,경상사고,0,0,2,0,차대차 - 기타,신호위반,젖음/습기,비,교차로 - 교차로안,승용,남,45세,상해없음,승용,여,57세,경상
2023121100100495,2023년 12월 11일 18시,월요일,경기도 수원시 권선구 세류동,경상사고,0,0,1,0,차대차 - 측면충돌,안전거리미확보,젖음/습기,비,단일로 - 기타,승용,남,62세,상해없음,승용,남,34세,경상
2023121100100586,2023년 12월 11일 19시,월요일,경기도 수원시 영통구 망포동,경상사고,0,0,1,0,차대사람 - 기타,안전운전불이행,젖음/습기,비,단일로 - 지하차도(도로)내,승합,남,60세,상해없음,보행자,남,59세,경상
2023121100100632,2023년 12월 11일 20시,월요일,경기도 수원시 장안구 율전동,경상사고,0,0,1,1,차대차 - 정면충돌,직진우회전진행방해,젖음/습기,흐림,교차로 - 교차로안,화물,남,57세,부상신고,승용,남,61세,경상
2023121100100697,2023년 12월 11일 22시,월요일,경기도 수원시 장안구 천천동,경상사고,0,0,2,0,차대차 - 기타,불법유턴,젖음/습기,흐림,단일로 - 기타,승용,남,51세,경상,승용,남,53세,경상
2023121100100718,2023년 12월 11일 23시,월요일,경기도 수원시 영통구 원천동,경상사고,0,0,2,0,차대차 - 추돌,안전운전불이행,젖음/습기,비,교차로 - 교차로부근,승용,남,48세,상해없음,승용,여,62세,경상
2023121200100004,2023년 12월 12일 00시,화요일,경기도 수원시 영통구 망포동,경상사고,0,0,1,0,차대차 - 측면충돌,교차로운행방법위반,건조,맑음,교차로 - 교차로안,승용,남,64세,상해없음,승용,여,20세,경상
2023121200100048,2023년 12월 12일 06시,화요일,경기도 수원시 영통구 영통동,경상사고,0,0,2,0,차대차 - 측면충돌,안전거리미확보,건조,맑음,단일로 - 기타,승용,남,70세,상해없음,승용,여,27세,경상
2023121200100049,2023년 12월 12일 06시,화요일,경기도 수원시 팔달구 인계동,경상사고,0,0,1,0,차대사람 - 기타,안전운전불이행,건조,맑음,기타 - 기타,승용,남,68세,상해없음,보행자,남,53세,경상
2023121200100114,2023년 12월 12일 08시,화요일,경기도 수원시 권선구 곡반정동,경상사고,0,0,1,0,차대차 - 측면충돌,안전거리미확보,건조,맑음,단일로 - 기타,화물,남,61세,상해없음,승용,여,50세,경상
2023121200100150,2023년 12월 12일 09시,화요일,경기도 수원시 팔달구 인계동,중상사고,0,1,0,0,차량단독 - 기타,안전운전불이행,젖음/습기,흐림,단일로 - 기타,승합,남,61세,상해없음,,,,
2023121200100201,2023년 12월 12일 11시,화요일,경기도 수원시 팔달구 우만동,중상사고,0,1,0,0,차대차 - 측면충돌,안전운전불이행,건조,맑음,기타 - 기타,승용,여,56세,상해없음,승용,여,34세,중상
2023121200100294,2023년 12월 12일 14시,화요일,경기도 수원시 권선구 세류동,경상사고,0,0,1,0,차대차 - 기타,안전운전불이행,건조,맑음,단일로 - 기타,승용,여,42세,상해없음,이륜,남,20세,경상
2023121200100338,2023년 12월 12일 15시,화요일,경기도 수원시 팔달구 인계동,경상사고,0,0,1,0,차대차 - 측면충돌,신호위반,건조,맑음,교차로 - 교차로안,승용,여,66세,상해없음,승용,남,85세,경상
2023121200100415,2023년 12월 12일 17시,화요일,경기도 수원시 팔달구 매산로3가,중상사고,0,1,0,0,차대차 - 기타,직진우회전진행방해,건조,맑음,교차로 - 교차로안,이륜,남,49세,중상,승합,남,73세,상해없음
2023121200100484,2023년 12월 12일 18시,화요일,경기도 수원시 권선구 고색동,중상사고,0,1,0,0,차대차 - 기타,불법유턴,건조,맑음,단일로 - 기타,승용,여,23세,상해없음,이륜,남,55세,중상
2023121200100563,2023년 12월 12일 20시,화요일,경기도 수원시 팔달구 인계동,경상사고,0,0,1,0,차대차 - 측면충돌,신호위반,건조,맑음,단일로 - 지하차도(도로)내,이륜,남,42세,상해없음,승용,남,27세,경상
2023121200100581,2023년 12월 12일 21시,화요일,경기도 수원시 팔달구 지동,부상신고사고,0,0,0,1,차대차 - 기타,신호위반,건조,맑음,교차로 - 교차로부근,승용,남,53세,상해없음,이륜,남,49세,부상신고
2023121300100090,2023년 12월 13일 08시,수요일,경기도 수원시 권선구 세류동,경상사고,0,0,1,0,차대차 - 후진중충돌,안전운전불이행,건조,맑음,교차로 - 교차로안,승용,여,62세,기타불명,승용,남,40세,경상
2023121300100239,2023년 12월 13일 13시,수요일,경기도 수원시 팔달구 인계동,경상사고,0,0,1,0,차대차 - 측면충돌,안전운전불이행,건조,맑음,단일로 - 기타,승합,남,51세,상해없음,승용,남,70세,경상
2023121300100303,2023년 12월 13일 15시,수요일,경기도 수원시 권선구 세류동,중상사고,0,1,2,0,차대차 - 기타,안전거리미확보,건조,맑음,단일로 - 기타,승용,여,54세,상해없음,승합,여,48세,경상
2023121300100382,2023년 12월 13일 17시,수요일,경기도 수원시 권선구 세류동,경상사고,0,0,1,0,차대차 - 추돌,안전운전불이행,건조,맑음,단일로 - 기타,승합,남,54세,상해없음,승용,남,52세,경상
2023121300100383,2023년 12월 13일 17시,수요일,경기도 수원시 팔달구 매교동,경상사고,0,0,1,0,차대차 - 추돌,안전운전불이행,건조,맑음,교차로 - 교차로부근,승용,남,26세,기타불명,이륜,남,53세,경상
2023121300100492,2023년 12월 13일 19시,수요일,경기도 수원시 장안구 율전동,중상사고,0,1,1,0,차대차 - 기타,교차로운행방법위반,건조,맑음,교차로 - 교차로안,이륜,남,55세,경상,이륜,남,42세,중상
2023121300100499,2023년 12월 13일 19시,수요일,경기도 수원시 권선구 금곡동,경상사고,0,0,1,0,차대차 - 추돌,교차로운행방법위반,건조,맑음,교차로 - 교차로안,승용,남,72세,기타불명,승용,남,43세,경상
2023121400100006,2023년 12월 14일 00시,목요일,경기도 수원시 권선구 탑동,경상사고,0,0,1,0,차대사람 - 기타,안전운전불이행,건조,맑음,단일로 - 기타,승용,남,59세,상해없음,보행자,남,52세,경상
2023121400100041,2023년 12월 14일 06시,목요일,경기도 수원시 권선구 권선동,경상사고,0,0,1,0,차대차 - 측면충돌,신호위반,건조,맑음,교차로 - 교차로안,승용,남,29세,상해없음,승합,남,62세,경상
2023121400100086,2023년 12월 14일 08시,목요일,경기도 수원시 영통구 이의동,중상사고,0,1,0,0,차대차 - 측면충돌,신호위반,젖음/습기,비,교차로 - 교차로안,승용,남,55세,상해없음,이륜,남,26세,중상
2023121400100142,2023년 12월 14일 10시,목요일,경기도 수원시 팔달구 팔달로3가,경상사고,0,0,1,0,차대차 - 기타,안전운전불이행,젖음/습기,흐림,단일로 - 기타,승합,남,66세,상해없음,이륜,남,39세,경상
2023121400100219,2023년 12월 14일 13시,목요일,경기도 수원시 팔달구 영동,경상사고,0,0,1,0,차대사람 - 길가장자리구역통행중,안전운전불이행,젖음/습기,비,단일로 - 기타,승용,여,30세,상해없음,보행자,남,54세,경상
2023121400100277,2023년 12월 14일 15시,목요일,경기도 수원시 팔달구 중동,부상신고사고,0,0,0,1,차대차 - 기타,안전운전불이행,젖음/습기,비,단일로 - 기타,승용,남,70세,상해없음,이륜,남,25세,부상신고
2023121400100318,2023년 12월 14일 16시,목요일,경기도 수원시 권선구 대황교동,경상사고,0,0,1,0,차대차 - 기타,신호위반,젖음/습기,비,교차로 - 교차로안,승용,남,54세,상해없음,승용,남,61세,경상
2023121400100348,2023년 12월 14일 17시,목요일,경기도 수원시 장안구 영화동,중상사고,0,1,0,0,차대사람 - 기타,안전운전불이행,건조,맑음,단일로 - 기타,승용,여,44세,기타불명,보행자,남,69세,중상
2023121400100434,2023년 12월 14일 18시,목요일,경기도 수원시 팔달구 팔달로1가,경상사고,0,0,1,0,차대사람 - 기타,보행자보호의무위반,젖음/습기,비,교차로 - 교차로횡단보도내,승용,남,72세,상해없음,보행자,여,24세,경상
2023121400100435,2023년 12월 14일 18시,목요일,경기도 수원시 장안구 파장동,경상사고,0,0,1,0,차대차 - 기타,교차로운행방법위반,젖음/습기,비,교차로 - 교차로안,승용,여,27세,상해없음,승용,남,60세,경상