사고번호,사고일시,요일,시군구,사고내용,사망자수,중상자수,경상자수,부상신고자수,사고유형,법규위반,노면상태,기상상태,도로형태,가해운전자 차종,가해운전자 성별,가해운전자 연령,가해운전자 상해정도,피해운전자 차종,피해운전자 성별,피해운전자 연령,피해운전자 상해정도
2023121400100444,2023년 12월 14일 18시,목요일,경기도 수원시 권선구 권선동,경상사고,0,0,1,0,차대차 - 측면충돌,안전운전불이행,젖음/습기,맑음,단일로 - 기타,승용,남,47세,상해없음,승용,여,38세,경상
2023121400100445,2023년 12월 14일 18시,목요일,경기도 수원시 영통구 영통동,경상사고,0,0,3,0,차대차 - 측면충돌,안전운전불이행,젖음/습기,비,단일로 - 기타,승합,남,66세,상해없음,승용,남,51세,경상
2023121400100527,2023년 12월 14일 19시,목요일,경기도 수원시 팔달구 인계동,중상사고,0,1,0,0,차대차 - 추돌,안전운전불이행,젖음/습기,비,단일로 - 기타,승용,남,25세,상해없음,이륜,남,60세,중상
2023121400100531,2023년 12월 14일 19시,목요일,경기도 수원시 권선구 구운동,경상사고,0,0,1,0,차대차 - 기타,안전거리미확보,젖음/습기,비,교차로 - 교차로안,승용,남,25세,상해없음,승용,남,48세,경상
2023121400100619,2023년 12월 14일 21시,목요일,경기도 수원시 장안구 송죽동,사망사고,1,1,0,0,차대사람 - 횡단중,기타,젖음/습기,비,단일로 - 기타,승합,남,55세,상해없음,보행자,남,65세,사망
2023121400100620,2023년 12월 14일 21시,목요일,경기도 수원시 장안구 영화동,경상사고,0,0,1,0,차대차 - 측면충돌,안전거리미확보,젖음/습기,비,교차로 - 교차로안,승합,남,57세,상해없음,승용,여,52세,경상
2023121400100629,2023년 12월 14일 21시,목요일,경기도 수원시 권선구 서둔동,경상사고,0,0,1,0,차대차 - 추돌,안전운전불이행,젖음/습기,비,단일로 - 기타,승용,남,43세,상해없음,이륜,남,22세,경상
2023121500100068,2023년 12월 15일 06시,금요일,경기도 수원시 영통구 원천동,중상사고,0,1,1,0,차대차 - 측면충돌,안전거리미확보,젖음/습기,비,단일로 - 기타,승용,남,24세,상해없음,화물,남,57세,경상
2023121500100069,2023년 12월 15일 06시,금요일,경기도 수원시 권선구 곡반정동,경상사고,0,0,3,0,차대차 - 측면충돌,안전운전불이행,젖음/습기,비,단일로 - 기타,승용,남,61세,상해없음,승용,남,56세,경상
2023121500100070,2023년 12월 15일 06시,금요일,경기도 수원시 팔달구 인계동,경상사고,0,0,1,0,차대사람 - 횡단중,보행자보호의무위반,젖음/습기,비,단일로 - 기타,승용,남,25세,상해없음,보행자,여,22세,경상
2023121500100097,2023년 12월 15일 07시,금요일,경기도 수원시 팔달구 화서동,중상사고,0,1,0,0,차대사람 - 횡단중,신호위반,젖음/습기,비,교차로 - 교차로횡단보도내,승용,남,70세,상해없음,보행자,여,64세,중상
2023121500100256,2023년 12월 15일 11시,금요일,경기도 수원시 장안구 영화동,경상사고,0,0,2,0,차대차 - 기타,신호위반,젖음/습기,비,교차로 - 교차로안,승용,여,52세,경상,승용,여,51세,경상
2023121500100261,2023년 12월 15일 11시,금요일,경기도 수원시 영통구 매탄동,경상사고,0,0,1,0,차대차 - 정면충돌,중앙선침범,젖음/습기,비,교차로 - 교차로부근,승용,남,44세,상해없음,승용,남,35세,경상
2023121500100350,2023년 12월 15일 14시,금요일,경기도 수원시 팔달구 화서동,경상사고,0,0,1,0,차대차 - 기타,안전거리미확보,젖음/습기,비,단일로 - 기타,화물,남,54세,상해없음,승용,남,47세,경상
2023121500100355,2023년 12월 15일 14시,금요일,경기도 수원시 권선구 구운동,경상사고,0,0,1,0,차대사람 - 횡단중,보행자보호의무위반,젖음/습기,비,교차로 - 교차로횡단보도내,승용,여,45세,상해없음,보행자,남,20세,경상
2023121500100384,2023년 12월 15일 15시,금요일,경기도 수원시 장안구 파장동,경상사고,0,0,1,0,차량단독 - 기타,안전운전불이행,건조,맑음,단일로 - 기타,승합,남,45세,상해없음,,,,
2023121500100415,2023년 12월 15일 16시,금요일,경기도 수원시 장안구 조원동,경상사고,0,0,2,0,차대차 - 추돌,안전운전불이행,건조,맑음,교차로 - 교차로안,승용,남,69세,상해없음,승용,남,29세,경상
2023121500100461,2023년 12월 15일 17시,금요일,경기도 수원시 영통구 영통동,경상사고,0,0,4,0,차대차 - 추돌,안전운전불이행,젖음/습기,비,단일로 - 기타,승용,남,55세,상해없음,승용,여,46세,경상
2023121500100462,2023년 12월 15일 17시,금요일,경기도 수원시 영통구 매탄동,경상사고,0,0,1,0,차대차 - 추돌,안전운전불이행,건조,맑음,기타 - 기타,승용,여,42세,상해없음,승용,여,63세,경상
2023121500100514,2023년 12월 15일 18시,금요일,경기도 수원시 영통구 망포동,중상사고,0,1,0,0,차대사람 - 횡단중,보행자보호의무위반,젖음/습기,비,교차로 - 교차로횡단보도내,승용,여,37세,상해없음,보행자,여,58세,중상
2023121500100519,2023년 12월 15일 18시,금요일,경기도 수원시 권선구 세류동,경상사고,0,0,1,0,차대차 - 추돌,안전운전불이행,젖음/습기,비,단일로 - 기타,승용,남,52세,상해없음,승용,남,37세,경상
2023121500100586,2023년 12월 15일 19시,금요일,경기도 수원시 권선구 고색동,경상사고,0,0,1,0,차대차 - 측면충돌,안전거리미확보,젖음/습기,비,단일로 - 기타,화물,남,56세,상해없음,승용,여,30세,경상
2023121500100587,2023년 12월 15일 19시,금요일,경기도 수원시 팔달구 매산로1가,경상사고,0,0,2,0,차대차 - 추돌,안전거리미확보,젖음/습기,비,단일로 - 기타,승용,남,62세,상해없음,승용,남,37세,경상
2023121500100618,2023년 12월 15일 20시,금요일,경기도 수원시 장안구 천천동,경상사고,0,0,1,0,차대차 - 측면충돌,신호위반,젖음/습기,비,교차로 - 교차로횡단보도내,승용,남,48세,상해없음,개인형이동수단(PM),남,18세,경상
2023121500100623,2023년 12월 15일 20시,금요일,경기도 수원시 권선구 금곡동,중상사고,0,1,0,0,차대사람 - 보도통행중,신호위반,젖음/습기,비,교차로 - 교차로안,이륜,남,63세,상해없음,보행자,여,45세,중상
2023121500100690,2023년 12월 15일 22시,금요일,경기도 수원시 영통구 원천동,경상사고,0,0,1,0,차대차 - 정면충돌,신호위반,젖음/습기,비,교차로 - 교차로안,승용,남,58세,상해없음,이륜,남,33세,경상
2023121500100724,2023년 12월 15일 23시,금요일,경기도 수원시 팔달구 화서동,중상사고,0,1,0,0,차대사람 - 횡단중,안전운전불이행,건조,맑음,교차로 - 교차로안,이륜,남,18세,상해없음,보행자,남,64세,중상
2023121600100005,2023년 12월 16일 00시,토요일,경기도 수원시 장안구 연무동,경상사고,0,0,1,0,차대차 - 측면충돌,신호위반,젖음/습기,비,교차로 - 교차로안,승용,남,25세,상해없음,승용,남,36세,경상
2023121600100006,2023년 12월 16일 00시,토요일,경기도 수원시 장안구 송죽동,중상사고,0,1,0,0,차대사람 - 횡단중,신호위반,젖음/습기,비,교차로 - 교차로횡단보도내,승합,남,54세,상해없음,보행자,남,41세,중상
2023121600100023,2023년 12월 16일 01시,토요일,경기도 수원시 팔달구 팔달로1가,경상사고,0,0,1,0,차대차 - 측면충돌,안전운전불이행,젖음/습기,비,교차로 - 교차로부근,승용,여,46세,기타불명,이륜,남,26세,경상
2023121600100027,2023년 12월 16일 01시,토요일,경기도 수원시 영통구 매탄동,경상사고,0,0,1,0,차대차 - 추돌,안전거리미확보,젖음/습기,비,단일로 - 지하차도(도로)내,승용,남,48세,상해없음,이륜,남,47세,경상
2023121600100112,2023년 12월 16일 08시,토요일,경기도 수원시 팔달구 매산로1가,경상사고,0,0,1,0,차대차 - 기타,안전거리미확보,서리/결빙,눈,단일로 - 기타,승용,여,66세,상해없음,승합,남,59세,상해없음
2023121600100126,2023년 12월 16일 09시,토요일,경기도 수원시 팔달구 매산로2가,중상사고,0,1,0,0,차대사람 - 기타,안전운전불이행,젖음/습기,눈,단일로 - 기타,승용,남,31세,상해없음,보행자,여,59세,중상
2023121600100198,2023년 12월 16일 12시,토요일,경기도 수원시 장안구 정자동,중상사고,0,1,0,0,차대사람 - 기타,교차로운행방법위반,건조,맑음,교차로 - 교차로안,승용,남,56세,상해없음,보행자,여,36세,중상
2023121600100237,2023년 12월 16일 13시,토요일,경기도 수원시 영통구 원천동,경상사고,0,0,2,0,차대차 - 측면충돌,안전운전불이행,건조,맑음,교차로 - 교차로부근,승용,남,28세,상해없음,승용,여,43세,경상
2023121600100239,2023년 12월 16일 13시,토요일,경기도 수원시 권선구 금곡동,중상사고,0,1,1,0,차대차 - 추돌,안전운전불이행,젖음/습기,맑음,단일로 - 기타,화물,남,60세,상해없음,승용,남,36세,경상
2023121600100297,2023년 12월 16일 15시,토요일,경기도 수원시 장안구 정자동,중상사고,0,1,0,0,차대차 - 측면충돌,신호위반,젖음/습기,흐림,교차로 - 교차로안,승용,남,32세,상해없음,자전거,남,81세,중상
2023121600100378,2023년 12월 16일 17시,토요일,경기도 수원시 팔달구 우만동,중상사고,0,1,1,0,차대차 - 기타,안전운전불이행,건조,맑음,단일로 - 터널,승용,남,35세,상해없음,승용,남,74세,중상
2023121600100379,2023년 12월 16일 17시,토요일,경기도 수원시 장안구 연무동,중상사고,0,1,0,0,차대차 - 기타,안전운전불이행,건조,맑음,교차로 - 교차로안,승용,남,24세,상해없음,승합,남,62세,상해없음
2023121600100441,2023년 12월 16일 18시,토요일,경기도 수원시 장안구 조원동,중상사고,0,1,0,0,차대사람 - 기타,안전운전불이행,건조,맑음,단일로 - 기타,승용,남,57세,상해없음,보행자,남,76세,중상
2023121600100442,2023년 12월 16일 18시,토요일,경기도 수원시 장안구 이목동,중상사고,0,1,0,0,차대차 - 기타,안전운전불이행,건조,맑음,단일로 - 기타,승용,남,46세,상해없음,승용,남,56세,중상
2023121600100526,2023년 12월 16일 20시,토요일,경기도 수원시 장안구 조원동,경상사고,0,0,1,0,차대사람 - 차도통행중,안전운전불이행,건조,맑음,단일로 - 기타,승용,남,59세,상해없음,보행자,여,25세,경상
2023121600100579,2023년 12월 16일 22시,토요일,경기도 수원시 팔달구 매산로1가,경상사고,0,0,1,0,차대차 - 기타,안전운전불이행,건조,맑음,단일로 - 기타,승용,여,57세,상해없음,이륜,남,45세,경상
2023121600100596,2023년 12월 16일 23시,토요일,경기도 수원시 팔달구 우만동,경상사고,0,0,1,1,차대차 - 정면충돌,직진우회전진행방해,건조,맑음,교차로 - 교차로안,이륜,남,22세,부상신고,승용,남,33세,경상
2023121700100019,2023년 12월 17일 01시,일요일,경기도 수원시 영통구 이의동,경상사고,0,0,2,0,차대차 - 기타,안전운전불이행,건조,맑음,단일로 - 기타,승용,남,25세,상해없음,승용,남,27세,경상
2023121700100069,2023년 12월 17일 06시,일요일,경기도 수원시 장안구 율전동,중상사고,0,1,0,0,차대차 - 추돌,안전운전불이행,건조,맑음,단일로 - 기타,승용,여,30세,상해없음,승용,남,56세,중상
2023121700100104,2023년 12월 17일 10시,일요일,경기도 수원시 장안구 정자동,중상사고,0,1,0,0,차대차 - 측면충돌,신호위반,건조,맑음,단일로 - 기타,화물,남,50세,상해없음,자전거,남,70세,중상
2023121700100179,2023년 12월 17일 13시,일요일,경기도 수원시 권선구 구운동,경상사고,0,0,1,0,차대차 - 기타,안전운전불이행,건조,맑음,교차로 - 교차로안,승용,남,54세,상해없음,이륜,남,31세,경상
2023121700100201,2023년 12월 17일 14시,일요일,경기도 수원시 장안구 연무동,경상사고,0,0,2,1,차대차 - 측면충돌,신호위반,건조,맑음,교차로 - 교차로안,이륜,남,24세,부상신고,승용,남,59세,경상
2023121700100254,2023년 12월 17일 16시,일요일,경기도 수원시 팔달구 화서동,경상사고,0,0,1,0,차대차 - 추돌,안전운전불이행,건조,맑음,교차로 - 교차로부근,승용,여,41세,상해없음,이륜,남,73세,경상
2023121700100285,2023년 12월 17일 17시,일요일,경기도 수원시 장안구 영화동,경상사고,0,0,1,0,차대사람 - 기타,안전운전불이행,건조,맑음,단일로 - 기타,승합,남,55세,상해없음,보행자,남,66세,경상
2023121700100311,2023년 12월 17일 18시,일요일,경기도 수원시 권선구 평동,경상사고,0,0,3,0,차대차 - 추돌,안전거리미확보,건조,흐림,교차로 - 교차로부근,승용,남,30세,기타불명,승용,남,48세,경상
2023121700100312,2023년 12월 17일 18시,일요일,경기도 수원시 팔달구 매산로3가,경상사고,0,0,2,0,차대차 - 기타,교차로운행방법위반,건조,맑음,교차로 - 교차로안,승용,남,48세,상해없음,승용,남,31세,경상
2023121700100377,2023년 12월 17일 21시,일요일,경기도 수원시 영통구 이의동,경상사고,0,0,1,0,차대사람 - 보도통행중,보행자보호의무위반,건조,맑음,교차로 - 교차로안,승용,남,28세,상해없음,보행자,여,16세,경상
2023121800100026,2023년 12월 18일 05시,월요일,경기도 수원시 장안구 영화동,경상사고,0,0,1,0,차대차 - 측면충돌,신호위반,건조,맑음,교차로 - 교차로안,승용,남,80세,상해없음,이륜,남,31세,경상
2023121800100029,2023년 12월 18일 05시,월요일,경기도 수원시 권선구 세류동,중상사고,0,1,0,0,차대사람 - 기타,안전운전불이행,서리/결빙,맑음,단일로 - 기타,승용,남,78세,상해없음,보행자,여,88세,중상
2023121800100040,2023년 12월 18일 06시,월요일,경기도 수원시 팔달구 인계동,중상사고,0,1,0,0,차대사람 - 차도통행중,안전운전불이행,건조,맑음,단일로 - 지하차도(도로)내,승용,남,76세,상해없음,보행자,여,70세,중상
2023121800100041,2023년 12월 18일 06시,월요일,경기도 수원시 팔달구 매교동,중상사고,0,1,0,0,차대사람 - 차도통행중,안전운전불이행,건조,맑음,단일로 - 기타,승용,남,64세,상해없음,보행자,남,73세,중상
2023121800100130,2023년 12월 18일 09시,월요일,경기도 수원시 장안구 연무동,경상사고,0,0,2,0,차대차 - 기타,안전거리미확보,건조,맑음,단일로 - 기타,승합,남,61세,상해없음,승용,여,65세,경상
2023121800100138,2023년 12월 18일 09시,월요일,경기도 수원시 권선구 권선동,경상사고,0,0,2,0,차대차 - 추돌,안전거리미확보,건조,맑음,단일로 - 지하차도(도로)내,승용,여,41세,상해없음,승용,여,29세,경상
2023121800100163,2023년 12월 18일 10시,월요일,경기도 수원시 장안구 정자동,경상사고,0,0,1,0,차대차 - 기타,불법유턴,건조,맑음,교차로 - 교차로부근,이륜,남,71세,상해없음,승합,남,48세,상해없음
2023121800100167,2023년 12월 18일 10시,월요일,경기도 수원시 영통구 이의동,경상사고,0,0,2,0,차대차 - 기타,안전운전불이행,건조,맑음,기타 - 기타,승용,남,58세,상해없음,승용,남,40세,경상
2023121800100259,2023년 12월 18일 13시,월요일,경기도 수원시 팔달구 고등동,경상사고,0,0,1,0,차대차 - 측면충돌,안전운전불이행,건조,맑음,단일로 - 기타,승용,남,70세,기타불명,승용,남,24세,경상
2023121800100260,2023년 12월 18일 13시,월요일,경기도 수원시 권선구 호매실동,중상사고,0,1,4,0,차대차 - 추돌,안전운전불이행,건조,맑음,단일로 - 지하차도(도로)내,화물,남,63세,상해없음,화물,남,65세,중상
2023121800100288,2023년 12월 18일 14시,월요일,경기도 수원시 팔달구 인계동,경상사고,0,0,1,0,차대차 - 측면충돌,안전운전불이행,건조,맑음,교차로 - 교차로안,화물,남,58세,상해없음,승용,남,64세,경상
2023121800100317,2023년 12월 18일 15시,월요일,경기도 수원시 영통구 이의동,경상사고,0,0,1,0,차대차 - 측면충돌,차로위반,건조,맑음,교차로 - 교차로안,승용,남,66세,상해없음,승용,여,44세,경상
2023121800100396,2023년 12월 18일 17시,월요일,경기도 수원시 권선구 금곡동,경상사고,0,0,2,0,차대차 - 추돌,안전운전불이행,건조,맑음,교차로 - 교차로안,승용,여,30세,기타불명,승용,여,45세,경상
2023121800100438,2023년 12월 18일 18시,월요일,경기도 수원시 팔달구 화서동,중상사고,0,1,0,0,차대차 - 기타,중앙선침범,건조,맑음,단일로 - 기타,승용,여,51세,상해없음,이륜,남,49세,중상
2023121800100439,2023년 12월 18일 18시,월요일,경기도 수원시 팔달구 우만동,경상사고,0,0,1,0,차대차 - 기타,안전거리미확보,건조,맑음,단일로 - 기타,승용,남,56세,기타불명,화물,남,75세,경상
2023121800100448,2023년 12월 18일 18시,월요일,경기도 수원시 권선구 권선동,경상사고,0,0,1,0,차대차 - 측면충돌,안전운전불이행,건조,맑음,교차로 - 교차로부근,화물,남,30세,기타불명,승용,여,22세,경상
2023121800100555,2023년 12월 18일 22시,월요일,경기도 수원시 영통구 매탄동,부상신고사고,0,0,0,1,차량단독 - 기타,안전운전불이행,건조,맑음,단일로 - 기타,개인형이동수단(PM),남,43세,부상신고,,,,
2023121800100556,2023년 12월 18일 22시,월요일,경기도 수원시 권선구 금곡동,경상사고,0,0,1,0,차대차 - 측면충돌,안전거리미확보,건조,맑음,단일로 - 기타,승용,남,35세,상해없음,승용,여,41세,경상
2023121900100187,2023년 12월 19일 12시,화요일,경기도 수원시 장안구 천천동,중상사고,0,1,0,0,차대차 - 기타,직진우회전진행방해,건조,맑음,교차로 - 교차로안,승용,여,52세,상해없음,승용,여,65세,중상
2023121900100245,2023년 12월 19일 14시,화요일,경기도 수원시 장안구 송죽동,경상사고,0,0,1,0,차대차 - 기타,안전운전불이행,건조,흐림,단일로 - 기타,승용,여,63세,상해없음,승용,남,35세,경상
2023121900100278,2023년 12월 19일 15시,화요일,경기도 수원시 권선구 호매실동,경상사고,0,0,1,0,차대차 - 기타,안전운전불이행,건조,맑음,교차로 - 교차로부근,승용,남,62세,상해없음,승용,남,25세,상해없음
2023121900100308,2023년 12월 19일 16시,화요일,경기도 수원시 권선구 세류동,경상사고,0,0,1,0,차대사람 - 차도통행중,안전운전불이행,건조,맑음,교차로 - 교차로안,승용,여,48세,상해없음,보행자,남,5세,경상
2023121900100310,2023년 12월 19일 16시,화요일,경기도 수원시 권선구 서둔동,경상사고,0,0,1,0,차대사람 - 횡단중,안전운전불이행,건조,맑음,단일로 - 기타,기타불명,기타불명,미분류,기타불명,보행자,여,60세,경상
2023121900100311,2023년 12월 19일 16시,화요일,경기도 수원시 권선구 탑동,경상사고,0,0,1,0,차량단독 - 기타,안전운전불이행,건조,맑음,단일로 - 기타,승합,남,63세,상해없음,,,,
2023121900100347,2023년 12월 19일 17시,화요일,경기도 수원시 장안구 연무동,경상사고,0,0,1,0,차대차 - 추돌,안전운전불이행,건조,맑음,교차로 - 교차로부근,승용,남,26세,상해없음,이륜,남,43세,경상
2023121900100406,2023년 12월 19일 18시,화요일,경기도 수원시 영통구 이의동,경상사고,0,0,1,0,차대차 - 측면충돌,안전운전불이행,젖음/습기,맑음,단일로 - 기타,승용,남,45세,상해없음,승용,여,46세,경상
2023121900100410,2023년 12월 19일 18시,화요일,경기도 수원시 팔달구 교동,경상사고,0,0,1,0,차대차 - 측면충돌,안전거리미확보,건조,맑음,교차로 - 교차로부근,승용,여,34세,상해없음,승용,여,36세,경상
2023121900100451,2023년 12월 19일 19시,화요일,경기도 수원시 권선구 세류동,경상사고,0,0,2,0,차대차 - 기타,안전거리미확보,건조,맑음,단일로 - 기타,승용,남,33세,상해없음,승용,여,30세,경상
2023121900100478,2023년 12월 19일 20시,화요일,경기도 수원시 영통구 매탄동,경상사고,0,0,1,0,차대차 - 추돌,안전거리미확보,건조,맑음,단일로 - 기타,승용,여,25세,상해없음,승용,여,51세,경상
2023121900100494,2023년 12월 19일 21시,화요일,경기도 수원시 장안구 정자동,경상사고,0,0,1,0,차대차 - 추돌,안전운전불이행,젖음/습기,눈,교차로 - 교차로부근,이륜,남,59세,상해없음,승용,남,59세,경상
2023122000100087,2023년 12월 20일 08시,수요일,경기도 수원시 권선구 당수동,경상사고,0,0,1,0,차대차 - 기타,신호위반,적설,눈,교차로 - 교차로안,승용,남,46세,상해없음,승용,남,35세,경상
2023122000100109,2023년 12월 20일 09시,수요일,경기도 수원시 팔달구 화서동,경상사고,0,0,1,0,차대차 - 기타,안전운전불이행,서리/결빙,눈,교차로 - 교차로안,승용,여,37세,상해없음,승용,남,41세,경상
2023122000100113,2023년 12월 20일 09시,수요일,경기도 수원시 권선구 금곡동,경상사고,0,0,1,0,차대차 - 추돌,신호위반,적설,맑음,교차로 - 교차로안,승용,남,48세,상해없음,승용,남,31세,경상
2023122000100150,2023년 12월 20일 11시,수요일,경기도 수원시 권선구 세류동,중상사고,0,1,0,0,차대차 - 기타,안전운전불이행,건조,맑음,단일로 - 기타,화물,남,44세,상해없음,이륜,남,44세,중상
2023122000100192,2023년 12월 20일 13시,수요일,경기도 수원시 팔달구 우만동,경상사고,0,0,1,0,차대차 - 후진중충돌,안전운전불이행,건조,맑음,단일로 - 기타,승합,남,61세,상해없음,승용,남,29세,경상
2023122000100218,2023년 12월 20일 14시,수요일,경기도 수원시 팔달구 지동,경상사고,0,0,3,0,차대차 - 측면충돌,기타,건조,맑음,단일로 - 기타,승용,남,69세,상해없음,승용,여,54세,경상
2023122000100253,2023년 12월 20일 15시,수요일,경기도 수원시 권선구 평동,경상사고,0,0,1,0,차대차 - 측면충돌,안전거리미확보,건조,맑음,교차로 - 교차로안,승용,여,24세,상해없음,승용,남,57세,경상
2023122000100286,2023년 12월 20일 16시,수요일,경기도 수원시 장안구 송죽동,경상사고,0,0,2,0,차대차 - 추돌,안전운전불이행,건조,흐림,단일로 - 기타,승용,남,57세,경상,승용,남,62세,경상
2023122000100328,2023년 12월 20일 17시,수요일,경기도 수원시 팔달구 화서동,중상사고,0,1,0,0,차대사람 - 횡단중,안전운전불이행,건조,맑음,단일로 - 기타,승용,남,73세,상해없음,보행자,여,90세,중상
2023122000100329,2023년 12월 20일 17시,수요일,경기도 수원시 장안구 파장동,중상사고,0,1,0,0,차대차 - 추돌,안전거리미확보,건조,맑음,단일로 - 기타,승용,남,59세,기타불명,승용,여,23세,중상
2023122000100330,2023년 12월 20일 17시,수요일,경기도 수원시 팔달구 화서동,경상사고,0,0,1,1,차대차 - 기타,교차로운행방법위반,젖음/습기,흐림,교차로 - 교차로안,승용,남,41세,상해없음,승용,여,35세,경상
2023122000100385,2023년 12월 20일 18시,수요일,경기도 수원시 권선구 고색동,경상사고,0,0,1,0,차대차 - 추돌,신호위반,건조,맑음,교차로 - 교차로부근,승용,남,47세,상해없음,승용,남,43세,경상
2023122000100497,2023년 12월 20일 21시,수요일,경기도 수원시 영통구 이의동,사망사고,1,0,0,0,차대사람 - 횡단중,안전운전불이행,건조,맑음,교차로 - 교차로안,승용,남,39세,상해없음,보행자,여,36세,사망
2023122000100546,2023년 12월 20일 23시,수요일,경기도 수원시 권선구 구운동,중상사고,0,1,0,0,차대차 - 기타,안전거리미확보,건조,맑음,교차로 - 교차로안,승용,남,33세,상해없음,승용,남,61세,상해없음
2023122100100034,2023년 12월 21일 05시,목요일,경기도 수원시 영통구 이의동,경상사고,0,0,1,0,차대차 - 측면충돌,신호위반,건조,맑음,교차로 - 교차로안,승용,남,36세,상해없음,승용,남,55세,경상
2023122100100090,2023년 12월 21일 08시,목요일,경기도 수원시 장안구 송죽동,경상사고,0,0,2,0,차대차 - 기타,안전거리미확보,건조,맑음,단일로 - 기타,승용,남,50세,경상,승용,여,53세,경상
2023122100100094,2023년 12월 21일 08시,목요일,경기도 수원시 영통구 망포동,경상사고,0,0,7,0,차대차 - 추돌,안전운전불이행,건조,맑음,단일로 - 기타,승용,남,32세,상해없음,승합,남,57세,경상
2023122100100174,2023년 12월 21일 10시,목요일,경기도 수원시 영통구 이의동,경상사고,0,0,1,2,차대차 - 측면충돌,안전거리미확보,건조,맑음,단일로 - 기타,승용,여,58세,상해없음,승용,남,44세,경상
2023122100100196,2023년 12월 21일 11시,목요일,경기도 수원시 권선구 호매실동,경상사고,0,0,1,0,차대차 - 추돌,안전거리미확보,건조,맑음,교차로 - 교차로안,승용,남,44세,상해없음,승용,남,63세,경상
2023122100100227,2023년 12월 21일 12시,목요일,경기도 수원시 팔달구 화서동,경상사고,0,0,1,0,차대차 - 기타,직진우회전진행방해,건조,맑음,교차로 - 교차로안,승용,여,53세,상해없음,이륜,남,44세,경상
2023122100100267,2023년 12월 21일 13시,목요일,경기도 수원시 팔달구 매산로1가,부상신고사고,0,0,0,4,차대차 - 측면충돌,교차로운행방법위반,건조,맑음,교차로 - 교차로안,화물,남,70세,상해없음,승용,남,24세,부상신고
2023122100100268,2023년 12월 21일 13시,목요일,경기도 수원시 권선구 탑동,중상사고,0,1,3,0,차대차 - 기타,중앙선침범,건조,맑음,단일로 - 기타,승용,남,32세,상해없음,화물,남,55세,경상
2023122100100302,2023년 12월 21일 14시,목요일,경기도 수원시 장안구 이목동,경상사고,0,0,1,0,차대차 - 측면충돌,안전운전불이행,건조,맑음,단일로 - 기타,승용,여,39세,상해없음,승용,여,45세,경상
2023122100100305,2023년 12월 21일 14시,목요일,경기도 수원시 권선구 권선동,중상사고,0,1,0,0,차대차 - 기타,기타,건조,맑음,교차로 - 교차로안,이륜,남,42세,중상,승용,남,39세,상해없음
2023122100100332,2023년 12월 21일 15시,목요일,경기도 수원시 장안구 조원동,경상사고,0,0,1,0,차대차 - 측면충돌,안전운전불이행,건조,맑음,기타 - 기타,승용,남,36세,경상,승용,남,22세,상해없음
2023122100100343,2023년 12월 21일 15시,목요일,경기도 수원시 권선구 호매실동,중상사고,0,1,0,0,차량단독 - 기타,안전운전불이행,젖음/습기,맑음,단일로 - 기타,승합,남,28세,상해없음,,,,
2023122100100371,2023년 12월 21일 16시,목요일,경기도 수원시 팔달구 화서동,중상사고,0,1,0,0,차대사람 - 기타,신호위반,건조,맑음,교차로 - 교차로안,승용,남,67세,상해없음,보행자,남,63세,중상
2023122100100432,2023년 12월 21일 17시,목요일,경기도 수원시 권선구 서둔동,중상사고,0,1,0,0,차대사람 - 기타,안전운전불이행,건조,맑음,단일로 - 기타,승용,여,55세,상해없음,보행자,남,84세,중상
2023122100100482,2023년 12월 21일 18시,목요일,경기도 수원시 권선구 오목천동,중상사고,0,1,0,0,차대차 - 추돌,신호위반,건조,맑음,교차로 - 교차로부근,승합,남,45세,상해없음,이륜,남,52세,중상
2023122100100525,2023년 12월 21일 19시,목요일,경기도 수원시 장안구 파장동,경상사고,0,0,1,0,차대사람 - 길가장자리구역통행중,안전운전불이행,건조,맑음,단일로 - 기타,승용,남,41세,상해없음,보행자,여,56세,경상
2023122100100526,2023년 12월 21일 19시,목요일,경기도 수원시 장안구 정자동,중상사고,0,1,0,0,차대차 - 기타,신호위반,건조,흐림,교차로 - 교차로안,이륜,남,29세,상해없음,이륜,남,51세,중상
2023122100100527,2023년 12월 21일 19시,목요일,경기도 수원시 장안구 파장동,경상사고,0,0,1,0,차대차 - 기타,안전운전불이행,건조,맑음,단일로 - 기타,승용,남,54세,상해없음,자전거,여,22세,경상
2023122100100604,2023년 12월 21일 21시,목요일,경기도 수원시 영통구 이의동,중상사고,0,1,0,0,차대차 - 기타,안전거리미확보,건조,맑음,단일로 - 기타,승용,남,47세,상해없음,이륜,남,64세,중상